"Path";"SizeKB";"Extension";"Modified";"Exists"
"D:\AtendimentoOfflineAlpha\.gitattributes";"0,07";".gitattributes";"2026-02-06 20:53";"True"
"D:\AtendimentoOfflineAlpha\.gitignore";"0,33";".gitignore";"2026-07-04 23:51";"True"
"D:\AtendimentoOfflineAlpha\.htaccess";"0,57";".htaccess";"2026-02-06 20:53";"True"
"D:\AtendimentoOfflineAlpha\000-CONSTITUICAO-IA.md";"21,6";".md";"2026-06-29 04:03";"True"
"D:\AtendimentoOfflineAlpha\AGENTS.md";"1,48";".md";"2026-06-29 04:00";"True"
"D:\AtendimentoOfflineAlpha\database\dispatchers\sp_master_dispatcher.js";"0,43";".js";"2026-06-16 21:46";"True"
"D:\AtendimentoOfflineAlpha\database\dump\Dump20260606.sql";"1671,13";".sql";"2026-06-15 06:10";"True"
"D:\AtendimentoOfflineAlpha\database\stages\Stage100.sql";"1,4";".sql";"2026-06-16 21:46";"True"
"D:\AtendimentoOfflineAlpha\database\stages\Stage200.sql";"0,82";".sql";"2026-06-16 21:47";"True"
"D:\AtendimentoOfflineAlpha\database\stages\Stage201.sql";"0,87";".sql";"2026-06-16 21:47";"True"
"D:\AtendimentoOfflineAlpha\database\stages\Stage202.sql";"0,8";".sql";"2026-06-16 21:47";"True"
"D:\AtendimentoOfflineAlpha\docs\API_BRAIN.md";"0,22";".md";"2026-07-04 23:04";"True"
"D:\AtendimentoOfflineAlpha\docs\CHANGELOG_BRAIN.md";"0,24";".md";"2026-07-04 23:04";"True"
"D:\AtendimentoOfflineAlpha\docs\DATABASE_BRAIN.md";"2,58";".md";"2026-07-04 23:04";"True"
"D:\AtendimentoOfflineAlpha\docs\PROJECT_BRAIN.md";"39,29";".md";"2026-07-04 23:02";"True"
"D:\AtendimentoOfflineAlpha\docs\.github\copilot-instructions.md";"0,27";".md";"2026-06-16 21:01";"True"
"D:\AtendimentoOfflineAlpha\docs\auditoria\BACKUP_PRE_CONSOLIDACAO.md";"20,26";".md";"2026-06-17 04:33";"True"
"D:\AtendimentoOfflineAlpha\docs\auditoria\BANCO_CANONICO.md";"0,09";".md";"2026-06-18 23:00";"True"
"D:\AtendimentoOfflineAlpha\docs\auditoria\DIVERGENCIAS_CONHECIDAS.md";"6,99";".md";"2026-06-19 02:23";"True"
"D:\AtendimentoOfflineAlpha\docs\auditoria\ESTRUTURA_FINAL_ALVO.md";"5,83";".md";"2026-06-17 02:19";"True"
"D:\AtendimentoOfflineAlpha\docs\auditoria\MAPA_APIS.md";"3,18";".md";"2026-06-17 02:12";"True"
"D:\AtendimentoOfflineAlpha\docs\auditoria\MAPA_BACKEND.md";"8,22";".md";"2026-06-17 02:13";"True"
"D:\AtendimentoOfflineAlpha\docs\auditoria\MAPA_CANONICO.md";"1,23";".md";"2026-06-17 02:19";"True"
"D:\AtendimentoOfflineAlpha\docs\auditoria\MAPA_STORED_PROCEDURES.md";"3,24";".md";"2026-06-17 02:19";"True"
"D:\AtendimentoOfflineAlpha\docs\auditoria\MATRIZ_CONSOLIDACAO.md";"4,04";".md";"2026-06-17 02:19";"True"
"D:\AtendimentoOfflineAlpha\docs\auditoria\MATRIZ_IMPORTADORES_REAIS.md";"6,49";".md";"2026-06-17 04:27";"True"
"D:\AtendimentoOfflineAlpha\docs\auditoria\PLANO_LIMPEZA.md";"2,02";".md";"2026-06-17 02:19";"True"
"D:\AtendimentoOfflineAlpha\docs\auditoria\PROMPT_AUDITORIA_CONSOLIDACAO_TOTAL.md";"8,73";".md";"2026-06-17 02:30";"True"
"D:\AtendimentoOfflineAlpha\docs\auditoria\RELATORIO_DEPENDENCIAS.md";"4,33";".md";"2026-06-17 02:11";"True"
"D:\AtendimentoOfflineAlpha\docs\auditoria\RELATORIO_INVENTARIO_REAL.md";"12,74";".md";"2026-06-17 02:10";"True"
"D:\AtendimentoOfflineAlpha\docs\canonical\ADR-001-Pessoa-Entidade-Raiz.md";"1,61";".md";"2026-06-29 03:56";"True"
"D:\AtendimentoOfflineAlpha\docs\canonical\ADR-002-Portal-Entry-Point.md";"1,44";".md";"2026-06-29 03:56";"True"
"D:\AtendimentoOfflineAlpha\docs\canonical\ADR-003-SP-Implementacao-nao-Arquitetura.md";"1,77";".md";"2026-06-29 03:56";"True"
"D:\AtendimentoOfflineAlpha\docs\canonical\ARQUITETURA_CANONICA_PLATAFORMA_NEW_WAVE_SAAS.md";"5,27";".md";"2026-07-04 23:30";"True"
"D:\AtendimentoOfflineAlpha\docs\canonical\ARQUITETURA_SP_FIRST_CANONICA.md";"5,09";".md";"2026-07-04 23:30";"True"
"D:\AtendimentoOfflineAlpha\docs\canonical\AUDITORIA_ARQUITETURA_BANCO_SP_MASTER_CANONICA.md";"14,34";".md";"2026-06-19 01:01";"True"
"D:\AtendimentoOfflineAlpha\docs\canonical\AUDITORIA-DE-TABELAS-CORE-POR-NIVEL.md";"8,18";".md";"2026-06-30 23:57";"True"
"D:\AtendimentoOfflineAlpha\docs\canonical\BACKEND_CANONICO.md";"1,57";".md";"2026-06-18 23:07";"True"
"D:\AtendimentoOfflineAlpha\docs\canonical\BANCO_FONTE_DA_VERDADE_CANONICO.md";"0,83";".md";"2026-06-18 23:52";"True"
"D:\AtendimentoOfflineAlpha\docs\canonical\BR-001-Auth-Session-Rules.md";"1,62";".md";"2026-06-23 06:47";"True"
"D:\AtendimentoOfflineAlpha\docs\canonical\BR-002-Password-Flow-Rules.md";"1,5";".md";"2026-06-23 06:49";"True"
"D:\AtendimentoOfflineAlpha\docs\canonical\BR-003-HIS-Clinical-Rules.md";"4,32";".md";"2026-06-23 06:51";"True"
"D:\AtendimentoOfflineAlpha\docs\canonical\BR-004-CRM-Rules.md";"0,6";".md";"2026-06-23 06:51";"True"
"D:\AtendimentoOfflineAlpha\docs\canonical\BR-005-RH-Rules.md";"0,56";".md";"2026-06-23 06:51";"True"
"D:\AtendimentoOfflineAlpha\docs\canonical\CONTEXTO_OPERACIONAL_CANONICO.md";"1,1";".md";"2026-06-18 23:51";"True"
"D:\AtendimentoOfflineAlpha\docs\canonical\CRM_CANONICO.md";"0,22";".md";"2026-06-19 00:01";"True"
"D:\AtendimentoOfflineAlpha\docs\canonical\DASHBOARDS_CANONICOS.md";"0,5";".md";"2026-06-19 00:01";"True"
"D:\AtendimentoOfflineAlpha\docs\canonical\DESIGN_SYSTEM_CANONICO.md";"0,64";".md";"2026-06-18 23:54";"True"
"D:\AtendimentoOfflineAlpha\docs\canonical\DICIONARIO_CANONICO_DE_DADOS.md";"1,52";".md";"2026-06-18 23:52";"True"
"D:\AtendimentoOfflineAlpha\docs\canonical\DISPOSITIVOS_CANONICOS.md";"0,36";".md";"2026-06-18 23:57";"True"
"D:\AtendimentoOfflineAlpha\docs\canonical\domínio_assistencial.md";"0,02";".md";"2026-06-18 23:00";"True"
"D:\AtendimentoOfflineAlpha\docs\canonical\DOMINIO_EMPRESARIAL_CANONICO.md";"4,45";".md";"2026-06-18 23:36";"True"
"D:\AtendimentoOfflineAlpha\docs\canonical\ESTRUTURA_ENTERPRISE_CANONICA_NEW_WAVE_SAAS.md";"9,01";".md";"2026-06-18 23:34";"True"
"D:\AtendimentoOfflineAlpha\docs\canonical\ESTRUTURA_PROJETO.txt";"7";".txt";"2026-03-21 20:30";"True"
"D:\AtendimentoOfflineAlpha\docs\canonical\ESTRUTURA_REPOSITORIO_CANONICO.md";"8,66";".md";"2026-06-19 02:35";"True"
"D:\AtendimentoOfflineAlpha\docs\canonical\EVENTOS_CANONICOS.md";"1,15";".md";"2026-06-18 23:53";"True"
"D:\AtendimentoOfflineAlpha\docs\canonical\EVENTOS_E_WORKFLOW_CANONICO.md";"1,29";".md";"2026-06-18 23:08";"True"
"D:\AtendimentoOfflineAlpha\docs\canonical\FARMACIA_CANONICO.md";"0,51";".md";"2026-06-18 23:54";"True"
"D:\AtendimentoOfflineAlpha\docs\canonical\FATURAMENTO_CANONICO.md";"0,14";".md";"2026-06-18 23:59";"True"
"D:\AtendimentoOfflineAlpha\docs\canonical\FINANCEIRO_CANONICO.md";"0,15";".md";"2026-06-18 23:58";"True"
"D:\AtendimentoOfflineAlpha\docs\canonical\FREEZE_ARQUITETURAL_2026.md";"2,26";".md";"2026-06-21 01:43";"True"
"D:\AtendimentoOfflineAlpha\docs\canonical\FREEZE-2.0-ROADMAP.md";"3,73";".md";"2026-06-25 06:58";"True"
"D:\AtendimentoOfflineAlpha\docs\canonical\FRONT-001-Canonical-Login-Experience.md";"4,81";".md";"2026-06-23 03:08";"True"
"D:\AtendimentoOfflineAlpha\docs\canonical\FRONT-002-Context-Selection-Experience.md";"4,35";".md";"2026-06-23 03:08";"True"
"D:\AtendimentoOfflineAlpha\docs\canonical\FRONT-003-Portal-Enterprise-Experience.md";"5,56";".md";"2026-06-23 03:08";"True"
"D:\AtendimentoOfflineAlpha\docs\canonical\FRONT-004-App-Registry-Navigation.md";"4,23";".md";"2026-06-23 03:08";"True"
"D:\AtendimentoOfflineAlpha\docs\canonical\FRONT-005-Dashboard-Framework.md";"6,02";".md";"2026-06-23 03:08";"True"
"D:\AtendimentoOfflineAlpha\docs\canonical\FRONT-006-Social-Experience.md";"3,99";".md";"2026-06-23 03:08";"True"
"D:\AtendimentoOfflineAlpha\docs\canonical\FRONT-007-Intranet-Experience.md";"3,72";".md";"2026-06-23 03:08";"True"
"D:\AtendimentoOfflineAlpha\docs\canonical\FRONT-008-Chat-Experience.md";"0,49";".md";"2026-06-23 05:24";"True"
"D:\AtendimentoOfflineAlpha\docs\canonical\FRONT-009-AVA-Experience.md";"4,8";".md";"2026-06-23 03:09";"True"
"D:\AtendimentoOfflineAlpha\docs\canonical\FRONT-010-Mobile-PWA-Experience.md";"4,83";".md";"2026-06-23 03:09";"True"
"D:\AtendimentoOfflineAlpha\docs\canonical\FRONT-011-Design-System-Enterprise.md";"10,57";".md";"2026-06-23 03:22";"True"
"D:\AtendimentoOfflineAlpha\docs\canonical\FRONT-012-Widget-Framework.md";"8,18";".md";"2026-06-23 03:22";"True"
"D:\AtendimentoOfflineAlpha\docs\canonical\FRONT-013-Notification-Center.md";"5,88";".md";"2026-06-23 03:22";"True"
"D:\AtendimentoOfflineAlpha\docs\canonical\FRONT-014-Global-Search.md";"6,56";".md";"2026-06-23 03:22";"True"
"D:\AtendimentoOfflineAlpha\docs\canonical\FRONT-015-Command-Center-UX.md";"9,75";".md";"2026-06-23 03:22";"True"
"D:\AtendimentoOfflineAlpha\docs\canonical\FRONT-016-Mobile-Native-Experience.md";"0,49";".md";"2026-06-23 05:18";"True"
"D:\AtendimentoOfflineAlpha\docs\canonical\FRONT-017-Theme-Experience.md";"0,47";".md";"2026-06-23 05:19";"True"
"D:\AtendimentoOfflineAlpha\docs\canonical\FRONT-018-Accessibility-Experience.md";"0,52";".md";"2026-06-23 05:20";"True"
"D:\AtendimentoOfflineAlpha\docs\canonical\FRONT-019-Performance-UX.md";"0,5";".md";"2026-06-23 05:21";"True"
"D:\AtendimentoOfflineAlpha\docs\canonical\FRONT-020-Internationalization-UX.md";"0,5";".md";"2026-06-23 05:22";"True"
"D:\AtendimentoOfflineAlpha\docs\canonical\FRONT-021-Enterprise-Document-Experience.md";"3,83";".md";"2026-06-23 04:17";"True"
"D:\AtendimentoOfflineAlpha\docs\canonical\FRONT-022-Workflow-Experience.md";"3,46";".md";"2026-06-23 04:22";"True"
"D:\AtendimentoOfflineAlpha\docs\canonical\FRONT-023-Approval-Center.md";"3,75";".md";"2026-06-23 03:46";"True"
"D:\AtendimentoOfflineAlpha\docs\canonical\FRONT-024-AI-Experience-Framework.md";"3,72";".md";"2026-06-23 03:50";"True"
"D:\AtendimentoOfflineAlpha\docs\canonical\FRONT-025-AI-Command-Center.md";"2,72";".md";"2026-06-23 03:53";"True"
"D:\AtendimentoOfflineAlpha\docs\canonical\FRONT-026-Marketplace-Experience.md";"3,48";".md";"2026-06-23 03:54";"True"
"D:\AtendimentoOfflineAlpha\docs\canonical\FRONT-027-Integration-Hub-Experience.md";"3,45";".md";"2026-06-23 03:58";"True"
"D:\AtendimentoOfflineAlpha\docs\canonical\FRONT-028-Enterprise-Analytics-Experience.md";"3,53";".md";"2026-06-23 03:59";"True"
"D:\AtendimentoOfflineAlpha\docs\canonical\FRONT-029-Executive-Cockpit.md";"3,5";".md";"2026-06-23 04:03";"True"
"D:\AtendimentoOfflineAlpha\docs\canonical\FRONT-030-Enterprise-Home-Personalization.md";"3,65";".md";"2026-06-23 04:27";"True"
"D:\AtendimentoOfflineAlpha\docs\canonical\FRONT-031-HIS-Operational-Experience.md";"0,77";".md";"2026-06-23 04:51";"True"
"D:\AtendimentoOfflineAlpha\docs\canonical\FRONT-032-Queue-Panel-Experience.md";"0,61";".md";"2026-06-23 04:52";"True"
"D:\AtendimentoOfflineAlpha\docs\canonical\FRONT-033-Clinical-Workspace-Experience.md";"0,52";".md";"2026-06-23 04:53";"True"
"D:\AtendimentoOfflineAlpha\docs\canonical\FRONT-034-Pharmacy-Experience.md";"0,55";".md";"2026-06-23 04:54";"True"
"D:\AtendimentoOfflineAlpha\docs\canonical\FRONT-035-CRM-Experience.md";"0,47";".md";"2026-06-23 04:55";"True"
"D:\AtendimentoOfflineAlpha\docs\canonical\FRONT-036-SAC-Experience.md";"0,48";".md";"2026-06-23 04:55";"True"
"D:\AtendimentoOfflineAlpha\docs\canonical\FRONT-037-RH-Experience.md";"0,52";".md";"2026-06-23 04:56";"True"
"D:\AtendimentoOfflineAlpha\docs\canonical\FRONT-038-Financial-Experience.md";"0,53";".md";"2026-06-23 04:56";"True"
"D:\AtendimentoOfflineAlpha\docs\canonical\FRONT-039-BI-Experience.md";"0,55";".md";"2026-06-23 04:57";"True"
"D:\AtendimentoOfflineAlpha\docs\canonical\FRONT-040-Offline-First-Experience.md";"0,6";".md";"2026-06-23 04:58";"True"
"D:\AtendimentoOfflineAlpha\docs\canonical\FRONT-041-Security-UX.md";"0,47";".md";"2026-06-23 04:59";"True"
"D:\AtendimentoOfflineAlpha\docs\canonical\FRONT-042-IAM-UX.md";"0,47";".md";"2026-06-23 05:00";"True"
"D:\AtendimentoOfflineAlpha\docs\canonical\FRONT-043-Tenant-UX.md";"0,48";".md";"2026-06-23 05:01";"True"
"D:\AtendimentoOfflineAlpha\docs\canonical\FRONT-044-Marketplace-Advanced-UX.md";"0,51";".md";"2026-06-23 05:03";"True"
"D:\AtendimentoOfflineAlpha\docs\canonical\FRONT-045-Governance-UX.md";"0,49";".md";"2026-06-23 05:04";"True"
"D:\AtendimentoOfflineAlpha\docs\canonical\FRONT-046-Executive-Analytics-UX.md";"0,47";".md";"2026-06-23 05:05";"True"
"D:\AtendimentoOfflineAlpha\docs\canonical\FRONT-047-AI-Workspace.md";"0,64";".md";"2026-06-23 05:05";"True"
"D:\AtendimentoOfflineAlpha\docs\canonical\FRONT-048-N8N-Workspace.md";"0,5";".md";"2026-06-23 05:06";"True"
"D:\AtendimentoOfflineAlpha\docs\canonical\FRONT-049-Admin-Center.md";"0,46";".md";"2026-06-23 05:07";"True"
"D:\AtendimentoOfflineAlpha\docs\canonical\FRONT-050-Global-Command-Center.md";"0,52";".md";"2026-06-23 05:08";"True"
"D:\AtendimentoOfflineAlpha\docs\canonical\FRONT-051-Customer-360-Experience.md";"3,55";".md";"2026-06-23 04:41";"True"
"D:\AtendimentoOfflineAlpha\docs\canonical\FRONT-052-Employee-360-Experience.md";"3,48";".md";"2026-06-23 04:41";"True"
"D:\AtendimentoOfflineAlpha\docs\canonical\FRONT-053-Patient-360-Experience.md";"4,13";".md";"2026-06-23 04:41";"True"
"D:\AtendimentoOfflineAlpha\docs\canonical\FRONT-054-Organization-360-Experience.md";"3,69";".md";"2026-06-23 04:41";"True"
"D:\AtendimentoOfflineAlpha\docs\canonical\FRONT-055-Knowledge-Hub-Experience.md";"4,23";".md";"2026-06-23 04:41";"True"
"D:\AtendimentoOfflineAlpha\docs\canonical\FRONT-056-Digital-Twin-Experience.md";"4,1";".md";"2026-06-23 04:41";"True"
"D:\AtendimentoOfflineAlpha\docs\canonical\FRONT-057-Smart-Notification-Experience.md";"4,32";".md";"2026-06-23 04:42";"True"
"D:\AtendimentoOfflineAlpha\docs\canonical\FRONT-058-Universal-Timeline-Experience.md";"4,24";".md";"2026-06-23 04:42";"True"
"D:\AtendimentoOfflineAlpha\docs\canonical\FRONT-059-Enterprise-Search-AI.md";"5,44";".md";"2026-06-23 04:42";"True"
"D:\AtendimentoOfflineAlpha\docs\canonical\FRONT-060-Predictive-Workspace.md";"5,83";".md";"2026-06-23 04:42";"True"
"D:\AtendimentoOfflineAlpha\docs\canonical\FRONT-061-Audit-Experience.md";"0,62";".md";"2026-06-23 05:09";"True"
"D:\AtendimentoOfflineAlpha\docs\canonical\FRONT-062-Event-Visualization-Experience.md";"0,53";".md";"2026-06-23 05:10";"True"
"D:\AtendimentoOfflineAlpha\docs\canonical\FRONT-063-LGPD-Experience.md";"0,57";".md";"2026-06-23 05:10";"True"
"D:\AtendimentoOfflineAlpha\docs\canonical\FRONT-064-Compliance-Center-Experience.md";"0,54";".md";"2026-06-23 05:11";"True"
"D:\AtendimentoOfflineAlpha\docs\canonical\FRONT-065-Tenant-Operations-Experience.md";"0,54";".md";"2026-06-23 05:12";"True"
"D:\AtendimentoOfflineAlpha\docs\canonical\FRONT-066-Multi-Unit-Experience.md";"0,54";".md";"2026-06-23 05:12";"True"
"D:\AtendimentoOfflineAlpha\docs\canonical\FRONT-067-Network-Management-Experience.md";"0,55";".md";"2026-06-23 05:14";"True"
"D:\AtendimentoOfflineAlpha\docs\canonical\FRONT-068-Franchise-Experience.md";"0,55";".md";"2026-06-23 05:15";"True"
"D:\AtendimentoOfflineAlpha\docs\canonical\FRONT-069-Operational-Command-Experience.md";"0,55";".md";"2026-06-23 05:16";"True"
"D:\AtendimentoOfflineAlpha\docs\canonical\FRONT-070-Enterprise-Network-Command-Center.md";"0,59";".md";"2026-06-23 05:17";"True"
"D:\AtendimentoOfflineAlpha\docs\canonical\FRONT-071-Intranet-Experience.md";"1,28";".md";"2026-06-23 04:33";"True"
"D:\AtendimentoOfflineAlpha\docs\canonical\FRONT-072-Corporate-Social-Experience.md";"1,37";".md";"2026-06-23 04:34";"True"
"D:\AtendimentoOfflineAlpha\docs\canonical\FRONT-073-Enterprise-Chat-Experience.md";"1,08";".md";"2026-06-23 04:35";"True"
"D:\AtendimentoOfflineAlpha\docs\canonical\FRONT-074-Communities-Experience.md";"1,1";".md";"2026-06-23 04:35";"True"
"D:\AtendimentoOfflineAlpha\docs\canonical\FRONT-075-Social-Feed-Experience.md";"1,04";".md";"2026-06-23 04:36";"True"
"D:\AtendimentoOfflineAlpha\docs\canonical\FRONT-076-Corporate-Events-Experience.md";"1,18";".md";"2026-06-23 04:38";"True"
"D:\AtendimentoOfflineAlpha\docs\canonical\FRONT-077-Social-Calendar-Experience.md";"1,12";".md";"2026-06-23 04:40";"True"
"D:\AtendimentoOfflineAlpha\docs\canonical\FRONT-078-Gamification-Experience.md";"0,99";".md";"2026-06-23 04:43";"True"
"D:\AtendimentoOfflineAlpha\docs\canonical\FRONT-079-Recognition-Experience.md";"1,18";".md";"2026-06-23 04:44";"True"
"D:\AtendimentoOfflineAlpha\docs\canonical\FRONT-080-Engagement-Experience.md";"1,12";".md";"2026-06-23 04:46";"True"
"D:\AtendimentoOfflineAlpha\docs\canonical\FRONT-081-Identity-Access-Experience.md";"0,77";".md";"2026-06-23 05:31";"True"
"D:\AtendimentoOfflineAlpha\docs\canonical\FRONT-082-Role-Permission-Studio.md";"0,63";".md";"2026-06-23 05:32";"True"
"D:\AtendimentoOfflineAlpha\docs\canonical\FRONT-083-Security-Command-Experience.md";"0,64";".md";"2026-06-23 05:34";"True"
"D:\AtendimentoOfflineAlpha\docs\canonical\FRONTEND_CANONICO.md";"1,37";".md";"2026-06-18 23:07";"True"
"D:\AtendimentoOfflineAlpha\docs\canonical\GOVERNANCA_CANONICA.md";"0,45";".md";"2026-06-18 23:54";"True"
"D:\AtendimentoOfflineAlpha\docs\canonical\IA_CANONICA.md";"0,36";".md";"2026-06-18 23:58";"True"
"D:\AtendimentoOfflineAlpha\docs\canonical\INTEGRACOES_CANONICAS.md";"0,25";".md";"2026-06-18 23:57";"True"
"D:\AtendimentoOfflineAlpha\docs\canonical\LC-001-018-Canonical-Laws-Global.md";"3,52";".md";"2026-06-23 06:50";"True"
"D:\AtendimentoOfflineAlpha\docs\canonical\LOGISTICA_CANONICO.md";"0,23";".md";"2026-06-18 23:59";"True"
"D:\AtendimentoOfflineAlpha\docs\canonical\MAP-001-Apps.md";"3,43";".md";"2026-06-23 01:12";"True"
"D:\AtendimentoOfflineAlpha\docs\canonical\MAP-001-Enterprise-Domain-Architecture.md";"4,32";".md";"2026-06-30 22:51";"True"
"D:\AtendimentoOfflineAlpha\docs\canonical\MAP-002-Dominios.md";"1,67";".md";"2026-06-19 06:39";"True"
"D:\AtendimentoOfflineAlpha\docs\canonical\MAP-002-Tenant-Architecture.md";"4,11";".md";"2026-06-23 05:45";"True"
"D:\AtendimentoOfflineAlpha\docs\canonical\MAP-003-Identity-Architecture.md";"8,23";".md";"2026-06-24 23:38";"True"
"D:\AtendimentoOfflineAlpha\docs\canonical\MAP-003-Pharmacy-Clinical-Execution-Domain.md";"1,34";".md";"2026-06-25 06:09";"True"
"D:\AtendimentoOfflineAlpha\docs\canonical\MAP-003-Tabelas.md";"1,97";".md";"2026-06-19 06:39";"True"
"D:\AtendimentoOfflineAlpha\docs\canonical\MAP-004-Context-Architecture.md";"4,15";".md";"2026-06-23 05:59";"True"
"D:\AtendimentoOfflineAlpha\docs\canonical\MAP-004-Diagnostic-Exams-Domain.md";"1,15";".md";"2026-06-25 06:11";"True"
"D:\AtendimentoOfflineAlpha\docs\canonical\MAP-004-Portal-Context-Architecture.md";"3,66";".md";"2026-06-24 23:39";"True"
"D:\AtendimentoOfflineAlpha\docs\canonical\MAP-004-SPs.md";"1,28";".md";"2026-06-19 06:39";"True"
"D:\AtendimentoOfflineAlpha\docs\canonical\MAP-005-Eventos.md";"1,28";".md";"2026-06-19 06:39";"True"
"D:\AtendimentoOfflineAlpha\docs\canonical\MAP-005-Portal-Architecture.md";"3,6";".md";"2026-06-24 23:40";"True"
"D:\AtendimentoOfflineAlpha\docs\canonical\MAP-005-Scheduling-Agenda-Domain.md";"1,14";".md";"2026-06-25 06:13";"True"
"D:\AtendimentoOfflineAlpha\docs\canonical\MAP-006-Application-Registry-Architecture.md";"2,19";".md";"2026-06-24 23:40";"True"
"D:\AtendimentoOfflineAlpha\docs\canonical\MAP-006-Care-Continuity-Domain.md";"1,16";".md";"2026-06-25 06:15";"True"
"D:\AtendimentoOfflineAlpha\docs\canonical\MAP-006-Ontologia-Plataforma.md";"26,92";".md";"2026-06-23 01:10";"True"
"D:\AtendimentoOfflineAlpha\docs\canonical\MAP-006-Permissoes.md";"1,29";".md";"2026-06-19 06:39";"True"
"D:\AtendimentoOfflineAlpha\docs\canonical\MAP-007-Event-Architecture.md";"2,55";".md";"2026-06-23 06:08";"True"
"D:\AtendimentoOfflineAlpha\docs\canonical\MAP-007-IA-Agentes.md";"1,63";".md";"2026-06-23 01:00";"True"
"D:\AtendimentoOfflineAlpha\docs\canonical\MAP-007-Inventory-Supply-Chain-Domain.md";"1,16";".md";"2026-06-25 06:21";"True"
"D:\AtendimentoOfflineAlpha\docs\canonical\MAP-008-Workflow-Architecture.md";"1,84";".md";"2026-06-23 06:10";"True"
"D:\AtendimentoOfflineAlpha\docs\canonical\MAP-008-Workflows-Automacao.md";"1,49";".md";"2026-06-23 01:00";"True"
"D:\AtendimentoOfflineAlpha\docs\canonical\MAP-008-Workforce-HR-Operational-Domain.md";"1,13";".md";"2026-06-25 06:24";"True"
"D:\AtendimentoOfflineAlpha\docs\canonical\MAP-009-Analytics-Data.md";"1,97";".md";"2026-06-23 01:00";"True"
"D:\AtendimentoOfflineAlpha\docs\canonical\MAP-009-Document-Architecture.md";"2,2";".md";"2026-06-23 06:12";"True"
"D:\AtendimentoOfflineAlpha\docs\canonical\MAP-009-Operational-Command-GLPI-Support.md";"1,1";".md";"2026-06-25 06:27";"True"
"D:\AtendimentoOfflineAlpha\docs\canonical\MAP-010-AI-Architecture.md";"2,03";".md";"2026-06-23 06:16";"True"
"D:\AtendimentoOfflineAlpha\docs\canonical\MAP-010-Billing-Revenue-Cycle-Domain.md";"1,07";".md";"2026-06-25 06:30";"True"
"D:\AtendimentoOfflineAlpha\docs\canonical\MAP-010-Frontend-Enterprise.md";"2,79";".md";"2026-06-23 01:00";"True"
"D:\AtendimentoOfflineAlpha\docs\canonical\MAP-011-Admin-Governance-Domain.md";"1,05";".md";"2026-06-25 06:36";"True"
"D:\AtendimentoOfflineAlpha\docs\canonical\MAP-011-HIS-Domain-Architecture.md";"7,94";".md";"2026-06-25 03:14";"True"
"D:\AtendimentoOfflineAlpha\docs\canonical\MAP-012-CRM-Domain-Architecture.md";"3,63";".md";"2026-06-24 23:51";"True"
"D:\AtendimentoOfflineAlpha\docs\canonical\MAP-012-Security-Identity-Deep-Domain.md";"1,01";".md";"2026-06-25 06:38";"True"
"D:\AtendimentoOfflineAlpha\docs\canonical\MAP-013-BI-Analytics-Domain.md";"1,03";".md";"2026-06-25 06:42";"True"
"D:\AtendimentoOfflineAlpha\docs\canonical\MAP-013-RH-Domain-Architecture.md";"3,19";".md";"2026-06-24 23:53";"True"
"D:\AtendimentoOfflineAlpha\docs\canonical\MAP-014-Finance-Domain-Architecture.md";"3,14";".md";"2026-06-24 23:56";"True"
"D:\AtendimentoOfflineAlpha\docs\canonical\MAP-014-Integration-External-Ecosystem.md";"1,08";".md";"2026-06-25 06:44";"True"
"D:\AtendimentoOfflineAlpha\docs\canonical\MAP-015-Pharmacy-Domain-Architecture.md";"3,33";".md";"2026-06-24 23:59";"True"
"D:\AtendimentoOfflineAlpha\docs\canonical\MAP-016-SAC-Domain-Architecture.md";"2,95";".md";"2026-06-25 00:02";"True"
"D:\AtendimentoOfflineAlpha\docs\canonical\MAP-017-Social-Domain-Architecture.md";"3,07";".md";"2026-06-25 00:04";"True"
"D:\AtendimentoOfflineAlpha\docs\canonical\MAP-018-Document-Domain-Architecture.md";"3,32";".md";"2026-06-25 00:07";"True"
"D:\AtendimentoOfflineAlpha\docs\canonical\MAP-019-AI-Domain-Architecture.md";"3,35";".md";"2026-06-25 00:09";"True"
"D:\AtendimentoOfflineAlpha\docs\canonical\MAP-020-Integration-Domain-Architecture.md";"3,55";".md";"2026-06-25 00:12";"True"
"D:\AtendimentoOfflineAlpha\docs\canonical\MAP-021-Platform-Infrastructure-Domain.md";"6,25";".md";"2026-06-30 22:54";"True"
"D:\AtendimentoOfflineAlpha\docs\canonical\MASTER-CONSOLIDADO-Enterprise-Platform.md";"5,61";".md";"2026-06-30 23:59";"True"
"D:\AtendimentoOfflineAlpha\docs\canonical\MD-001-Nucleo-Plataforma.md";"1,47";".md";"2026-06-19 03:52";"True"
"D:\AtendimentoOfflineAlpha\docs\canonical\MD-002-Auth.md";"1,43";".md";"2026-06-19 03:52";"True"
"D:\AtendimentoOfflineAlpha\docs\canonical\MD-003-OperationalContext.md";"1,26";".md";"2026-06-19 03:52";"True"
"D:\AtendimentoOfflineAlpha\docs\canonical\MD-004-Dispatcher.md";"1,04";".md";"2026-06-19 03:52";"True"
"D:\AtendimentoOfflineAlpha\docs\canonical\MD-005-EventStore.md";"1,38";".md";"2026-06-19 03:52";"True"
"D:\AtendimentoOfflineAlpha\docs\canonical\MD-006-Portal.md";"1,26";".md";"2026-06-19 03:52";"True"
"D:\AtendimentoOfflineAlpha\docs\canonical\MD-007-AppRegistry.md";"1,35";".md";"2026-06-19 03:52";"True"
"D:\AtendimentoOfflineAlpha\docs\canonical\MD-008-Operacional.md";"1,47";".md";"2026-06-19 03:52";"True"
"D:\AtendimentoOfflineAlpha\docs\canonical\MD-009-AI-Orchestration.md";"3,26";".md";"2026-06-19 05:19";"True"
"D:\AtendimentoOfflineAlpha\docs\canonical\MD-010-Security.md";"7,7";".md";"2026-06-19 05:20";"True"
"D:\AtendimentoOfflineAlpha\docs\canonical\MD-011-Analytics.md";"6,01";".md";"2026-06-19 05:20";"True"
"D:\AtendimentoOfflineAlpha\docs\canonical\MD-012-Backend-Monorepo.md";"8,67";".md";"2026-06-30 22:34";"True"
"D:\AtendimentoOfflineAlpha\docs\canonical\MD-013-Frontend-Shell.md";"6,93";".md";"2026-06-19 05:21";"True"
"D:\AtendimentoOfflineAlpha\docs\canonical\MD-013-Runtime-Engine.md";"4,89";".md";"2026-06-19 06:16";"True"
"D:\AtendimentoOfflineAlpha\docs\canonical\MD-014-App-Registry.md";"5,01";".md";"2026-06-19 05:22";"True"
"D:\AtendimentoOfflineAlpha\docs\canonical\MD-014-Design-System.md";"7,37";".md";"2026-06-19 05:21";"True"
"D:\AtendimentoOfflineAlpha\docs\canonical\MD-015-Runtime.md";"7,71";".md";"2026-06-19 05:22";"True"
"D:\AtendimentoOfflineAlpha\docs\canonical\MD-016-Auditoria.md";"7,89";".md";"2026-06-19 05:23";"True"
"D:\AtendimentoOfflineAlpha\docs\canonical\MD-017-MultiTenant.md";"7,55";".md";"2026-06-19 05:24";"True"
"D:\AtendimentoOfflineAlpha\docs\canonical\MD-018-DenormalizacaoDispersao.md";"0,9";".md";"2026-06-19 06:11";"True"
"D:\AtendimentoOfflineAlpha\docs\canonical\MD-019-App-Registry-Canonico.md";"4,71";".md";"2026-06-19 06:12";"True"
"D:\AtendimentoOfflineAlpha\docs\canonical\MD-020-Portal-Core-Architecture.md";"2,86";".md";"2026-06-19 06:22";"True"
"D:\AtendimentoOfflineAlpha\docs\canonical\MD-021-App-Lifecycle-Isolation.md";"6,73";".md";"2026-06-19 06:33";"True"
"D:\AtendimentoOfflineAlpha\docs\canonical\MD-021-Legacy-Adapter-Layer.md";"3,65";".md";"2026-06-19 06:45";"True"
"D:\AtendimentoOfflineAlpha\docs\canonical\MD-022-Legacy-Action-Mapping.md";"5,75";".md";"2026-06-19 06:51";"True"
"D:\AtendimentoOfflineAlpha\docs\canonical\MD-023-Action-Registry-Engine.md";"2,44";".md";"2026-06-19 06:53";"True"
"D:\AtendimentoOfflineAlpha\docs\canonical\MD-025-Event-Store-Core.md";"2,4";".md";"2026-06-19 06:58";"True"
"D:\AtendimentoOfflineAlpha\docs\canonical\MD-026-Security-Zero-Trust.md";"9,62";".md";"2026-06-21 03:32";"True"
"D:\AtendimentoOfflineAlpha\docs\canonical\MD-027-AI-Orchestration-Platform.md";"21,17";".md";"2026-06-21 06:20";"True"
"D:\AtendimentoOfflineAlpha\docs\canonical\MD-028-Enterprise-Social-Network.md";"8,82";".md";"2026-06-21 06:20";"True"
"D:\AtendimentoOfflineAlpha\docs\canonical\MD-029-Digital-Workplace-Collaboration-Platform.md";"10,05";".md";"2026-06-21 06:20";"True"
"D:\AtendimentoOfflineAlpha\docs\canonical\MD-030-Enterprise-Analytics.md";"5,53";".md";"2026-06-21 04:26";"True"
"D:\AtendimentoOfflineAlpha\docs\canonical\MD-031-Marketplace-Ecosystem.md";"4,94";".md";"2026-06-21 06:20";"True"
"D:\AtendimentoOfflineAlpha\docs\canonical\MD-032-Unified-Communication-Engagement-Platform.md";"12,6";".md";"2026-06-21 06:19";"True"
"D:\AtendimentoOfflineAlpha\docs\canonical\MD-033-Analytics-Governance.md";"7,32";".md";"2026-06-21 04:29";"True"
"D:\AtendimentoOfflineAlpha\docs\canonical\MD-034-Identity-Access-Management.md";"5,67";".md";"2026-06-21 03:32";"True"
"D:\AtendimentoOfflineAlpha\docs\canonical\MD-035-Security-Trust-Architecture.md";"13,25";".md";"2026-06-21 06:05";"True"
"D:\AtendimentoOfflineAlpha\docs\canonical\MD-036-Mobile-PWA-Architecture.md";"3,02";".md";"2026-06-21 06:05";"True"
"D:\AtendimentoOfflineAlpha\docs\canonical\MD-037-Customer-Experience-Platform.md";"4,65";".md";"2026-06-21 06:07";"True"
"D:\AtendimentoOfflineAlpha\docs\canonical\MD-038-Integration-Hub.md";"5,68";".md";"2026-06-21 06:07";"True"
"D:\AtendimentoOfflineAlpha\docs\canonical\MD-039-Analytics-Data-Intelligence.md";"6,9";".md";"2026-06-21 06:07";"True"
"D:\AtendimentoOfflineAlpha\docs\canonical\MD-040-Governance-Compliance-Center.md";"10,67";".md";"2026-06-21 06:53";"True"
"D:\AtendimentoOfflineAlpha\docs\canonical\MD-042A-Portal-Experience-Digital-Workplace.md";"3,81";".md";"2026-06-23 00:04";"True"
"D:\AtendimentoOfflineAlpha\docs\canonical\MD-051-Data-Lake-Architecture.md";"5,9";".md";"2026-06-21 06:45";"True"
"D:\AtendimentoOfflineAlpha\docs\canonical\MD-052-AI-Data-Fabric.md";"7,84";".md";"2026-06-21 06:45";"True"
"D:\AtendimentoOfflineAlpha\docs\canonical\MD-053-Enterprise-Search.md";"5,48";".md";"2026-06-21 06:46";"True"
"D:\AtendimentoOfflineAlpha\docs\canonical\MD-054-Knowledge-Graph.md";"6,28";".md";"2026-06-21 06:47";"True"
"D:\AtendimentoOfflineAlpha\docs\canonical\MD-055-Digital-Twin-Organization.md";"5,27";".md";"2026-06-21 06:48";"True"
"D:\AtendimentoOfflineAlpha\docs\canonical\MD-056-Hyperautomation-Platform.md";"7,1";".md";"2026-06-21 06:48";"True"
"D:\AtendimentoOfflineAlpha\docs\canonical\MD-057-Enterprise-Agent-Platform.md";"7,38";".md";"2026-06-21 06:49";"True"
"D:\AtendimentoOfflineAlpha\docs\canonical\MD-058-Multi-Tenant-Billing-Engine.md";"7,08";".md";"2026-06-21 06:49";"True"
"D:\AtendimentoOfflineAlpha\docs\canonical\MD-059-SaaS-Monetization-Platform.md";"6,26";".md";"2026-06-21 06:50";"True"
"D:\AtendimentoOfflineAlpha\docs\canonical\MD-060-Enterprise-Ecosystem-Architecture.md";"8,42";".md";"2026-06-21 06:50";"True"
"D:\AtendimentoOfflineAlpha\docs\canonical\MD-061-Edge-Runtime-Architecture.md";"6,64";".md";"2026-06-25 01:36";"True"
"D:\AtendimentoOfflineAlpha\docs\canonical\MD-062-Offline-First-Engine.md";"3,53";".md";"2026-06-21 07:00";"True"
"D:\AtendimentoOfflineAlpha\docs\canonical\MD-063-Sync-Engine.md";"3,79";".md";"2026-06-21 07:00";"True"
"D:\AtendimentoOfflineAlpha\docs\canonical\MD-064-Conflict-Resolution-Engine.md";"3,81";".md";"2026-06-21 07:01";"True"
"D:\AtendimentoOfflineAlpha\docs\canonical\MD-065-Observability-Platform.md";"5,47";".md";"2026-06-21 07:01";"True"
"D:\AtendimentoOfflineAlpha\docs\canonical\MD-066-SRE-Platform.md";"3,26";".md";"2026-06-21 07:01";"True"
"D:\AtendimentoOfflineAlpha\docs\canonical\MD-067-Disaster-Recovery.md";"2,18";".md";"2026-06-21 07:01";"True"
"D:\AtendimentoOfflineAlpha\docs\canonical\MD-068-Backup-Architecture.md";"2,11";".md";"2026-06-21 07:02";"True"
"D:\AtendimentoOfflineAlpha\docs\canonical\MD-069-Global-Deployment-Architecture.md";"1,76";".md";"2026-06-21 07:02";"True"
"D:\AtendimentoOfflineAlpha\docs\canonical\MD-070-Platform-Operations-Center.md";"2,14";".md";"2026-06-21 07:02";"True"
"D:\AtendimentoOfflineAlpha\docs\canonical\MD-071-Customer-360-Platform.md";"1,91";".md";"2026-06-23 00:22";"True"
"D:\AtendimentoOfflineAlpha\docs\canonical\MD-072-CRM-Enterprise.md";"2,03";".md";"2026-06-23 00:22";"True"
"D:\AtendimentoOfflineAlpha\docs\canonical\MD-073-SAC-Omnichannel.md";"2,42";".md";"2026-06-23 00:22";"True"
"D:\AtendimentoOfflineAlpha\docs\canonical\MD-074-Digital-Commerce-Platform.md";"2,39";".md";"2026-06-23 00:22";"True"
"D:\AtendimentoOfflineAlpha\docs\canonical\MD-075-Marketplace-Seller-Hub.md";"2,52";".md";"2026-06-23 00:22";"True"
"D:\AtendimentoOfflineAlpha\docs\canonical\MD-076-Loyalty-Rewards.md";"2,59";".md";"2026-06-23 00:22";"True"
"D:\AtendimentoOfflineAlpha\docs\canonical\MD-077-Subscription-Management.md";"2,73";".md";"2026-06-23 00:22";"True"
"D:\AtendimentoOfflineAlpha\docs\canonical\MD-078-Revenue-Operations.md";"2,34";".md";"2026-06-23 00:22";"True"
"D:\AtendimentoOfflineAlpha\docs\canonical\MD-079-Growth-Platform.md";"2,34";".md";"2026-06-23 00:22";"True"
"D:\AtendimentoOfflineAlpha\docs\canonical\MD-080-Ecosystem-Expansion-Framework.md";"2,98";".md";"2026-06-23 00:22";"True"
"D:\AtendimentoOfflineAlpha\docs\canonical\MD-081-AI-Copilot-Framework.md";"2,94";".md";"2026-06-23 00:37";"True"
"D:\AtendimentoOfflineAlpha\docs\canonical\MD-082-Agent-Marketplace.md";"3,03";".md";"2026-06-23 00:37";"True"
"D:\AtendimentoOfflineAlpha\docs\canonical\MD-083-Prompt-Governance.md";"3,68";".md";"2026-06-23 00:37";"True"
"D:\AtendimentoOfflineAlpha\docs\canonical\MD-084-Knowledge-Graph-Enterprise.md";"3,21";".md";"2026-06-23 00:37";"True"
"D:\AtendimentoOfflineAlpha\docs\canonical\MD-085-Data-Lakehouse-Platform.md";"2,77";".md";"2026-06-23 00:37";"True"
"D:\AtendimentoOfflineAlpha\docs\canonical\MD-086-Digital-Identity-Wallet.md";"2,72";".md";"2026-06-23 00:37";"True"
"D:\AtendimentoOfflineAlpha\docs\canonical\MD-087-Enterprise-Search-Platform.md";"2,95";".md";"2026-06-23 00:37";"True"
"D:\AtendimentoOfflineAlpha\docs\canonical\MD-088-Global-Notification-Center.md";"2,51";".md";"2026-06-23 00:37";"True"
"D:\AtendimentoOfflineAlpha\docs\canonical\MD-089-Workflow-Fabric.md";"3,02";".md";"2026-06-23 00:37";"True"
"D:\AtendimentoOfflineAlpha\docs\canonical\MD-090-Autonomous-Enterprise-Vision.md";"4,21";".md";"2026-06-23 00:37";"True"
"D:\AtendimentoOfflineAlpha\docs\canonical\MD-091-Enterprise-API-Platform.md";"3,55";".md";"2026-06-23 00:45";"True"
"D:\AtendimentoOfflineAlpha\docs\canonical\MD-092-Developer-Platform.md";"2,75";".md";"2026-06-23 00:45";"True"
"D:\AtendimentoOfflineAlpha\docs\canonical\MD-093-SDK-Extensions-Framework.md";"3,43";".md";"2026-06-23 00:45";"True"
"D:\AtendimentoOfflineAlpha\docs\canonical\MD-094-White-Label-Architecture.md";"3,06";".md";"2026-06-23 00:45";"True"
"D:\AtendimentoOfflineAlpha\docs\canonical\MD-095-Multi-Brand-Architecture.md";"3,58";".md";"2026-06-23 00:45";"True"
"D:\AtendimentoOfflineAlpha\docs\canonical\MD-096-Internationalization-Platform.md";"3";".md";"2026-06-23 00:45";"True"
"D:\AtendimentoOfflineAlpha\docs\canonical\MD-097-Compliance-Automation.md";"3,35";".md";"2026-06-23 00:45";"True"
"D:\AtendimentoOfflineAlpha\docs\canonical\MD-098-Enterprise-Risk-Management.md";"3,46";".md";"2026-06-23 00:45";"True"
"D:\AtendimentoOfflineAlpha\docs\canonical\MD-099-Strategic-Command-Center.md";"2,87";".md";"2026-06-23 00:45";"True"
"D:\AtendimentoOfflineAlpha\docs\canonical\MD-100-Unified-Enterprise-Operating-System.md";"10,12";".md";"2026-06-25 05:50";"True"
"D:\AtendimentoOfflineAlpha\docs\canonical\MD-101-Canonical-Data-Architecture.md";"5,28";".md";"2026-06-23 01:18";"True"
"D:\AtendimentoOfflineAlpha\docs\canonical\MD-102-SP-First-Architecture.md";"4,89";".md";"2026-06-23 01:20";"True"
"D:\AtendimentoOfflineAlpha\docs\canonical\MD-103-Dispatcher-Execution-Model.md";"6,47";".md";"2026-06-23 01:32";"True"
"D:\AtendimentoOfflineAlpha\docs\canonical\MD-104-Event-Convergence-Architecture.md";"8,68";".md";"2026-06-23 01:33";"True"
"D:\AtendimentoOfflineAlpha\docs\canonical\MD-105-HIS-Canonical-Flow.md";"7,3";".md";"2026-06-23 01:33";"True"
"D:\AtendimentoOfflineAlpha\docs\canonical\MD-106-Multi-Domain-Architecture.md";"7,18";".md";"2026-06-23 01:34";"True"
"D:\AtendimentoOfflineAlpha\docs\canonical\MD-107-Tenant-Architecture.md";"5,9";".md";"2026-06-23 01:34";"True"
"D:\AtendimentoOfflineAlpha\docs\canonical\MD-108-Operational-Context-Engine.md";"5,92";".md";"2026-06-23 01:34";"True"
"D:\AtendimentoOfflineAlpha\docs\canonical\MD-109-Dashboard-Context-Framework.md";"7,57";".md";"2026-06-23 01:35";"True"
"D:\AtendimentoOfflineAlpha\docs\canonical\MD-110-Canonical-Laws.md";"12,55";".md";"2026-06-30 22:36";"True"
"D:\AtendimentoOfflineAlpha\docs\canonical\MD-117-Inpatient-Bed-Management.md";"1,3";".md";"2026-06-25 04:29";"True"
"D:\AtendimentoOfflineAlpha\docs\canonical\MD-120-Party-Identity-Architecture.md";"4,32";".md";"2026-06-25 00:21";"True"
"D:\AtendimentoOfflineAlpha\docs\canonical\MD-121-Patient-Experience-Architecture.md";"2,75";".md";"2026-06-25 00:25";"True"
"D:\AtendimentoOfflineAlpha\docs\canonical\MD-122-Component-Architecture.md";"7,48";".md";"2026-06-25 04:40";"True"
"D:\AtendimentoOfflineAlpha\docs\canonical\MD-123-Portal-Canonical-Experience.md";"2,75";".md";"2026-06-25 05:08";"True"
"D:\AtendimentoOfflineAlpha\docs\canonical\MD-124-Context-First-Architecture.md";"1,41";".md";"2026-06-25 05:11";"True"
"D:\AtendimentoOfflineAlpha\docs\canonical\MD-125-Enterprise-Display-Architecture.md";"1,69";".md";"2026-06-25 05:13";"True"
"D:\AtendimentoOfflineAlpha\docs\canonical\MD-126-Display-Authentication-Architecture.md";"1,06";".md";"2026-06-25 05:15";"True"
"D:\AtendimentoOfflineAlpha\docs\canonical\MD-127-Display-Management-Domain.md";"1,3";".md";"2026-06-25 05:17";"True"
"D:\AtendimentoOfflineAlpha\docs\canonical\MD-128-Display-Profiles-Categories.md";"1,26";".md";"2026-06-25 05:18";"True"
"D:\AtendimentoOfflineAlpha\docs\canonical\MD-129-Public-Communication-Panels.md";"0,94";".md";"2026-06-25 05:20";"True"
"D:\AtendimentoOfflineAlpha\docs\canonical\MD-130-Clinical-Panels-Architecture.md";"1,17";".md";"2026-06-25 05:24";"True"
"D:\AtendimentoOfflineAlpha\docs\canonical\MD-131-Management-Panels-Architecture.md";"1,07";".md";"2026-06-25 05:26";"True"
"D:\AtendimentoOfflineAlpha\docs\canonical\MD-132-Operational-Communication-Center.md";"1,22";".md";"2026-06-25 05:27";"True"
"D:\AtendimentoOfflineAlpha\docs\canonical\MD-133-Speech-TTS-Architecture.md";"0,93";".md";"2026-06-25 05:29";"True"
"D:\AtendimentoOfflineAlpha\docs\canonical\MD-134-Display-Event-Distribution-Engine.md";"1,24";".md";"2026-06-25 05:31";"True"
"D:\AtendimentoOfflineAlpha\docs\canonical\MD-135-Enterprise-Analytics-Architecture.md";"1,05";".md";"2026-06-25 05:32";"True"
"D:\AtendimentoOfflineAlpha\docs\canonical\MD-136-Event-Driven-Enterprise.md";"1,47";".md";"2026-06-25 05:35";"True"
"D:\AtendimentoOfflineAlpha\docs\canonical\MD-137-Clinical-Audit-Architecture.md";"0,99";".md";"2026-06-25 05:37";"True"
"D:\AtendimentoOfflineAlpha\docs\canonical\MD-138-Immutable-Clinical-Records.md";"1,02";".md";"2026-06-25 05:38";"True"
"D:\AtendimentoOfflineAlpha\docs\canonical\MD-139-Clinical-Retification-Revocation-Model.md";"1,09";".md";"2026-06-25 05:39";"True"
"D:\AtendimentoOfflineAlpha\docs\canonical\MD-140-Healthcare-Operational-Flow.md";"1,46";".md";"2026-06-25 05:42";"True"
"D:\AtendimentoOfflineAlpha\docs\canonical\MD-141-Healthcare-Execution-Domains.md";"1,22";".md";"2026-06-25 05:43";"True"
"D:\AtendimentoOfflineAlpha\docs\canonical\MD-142-Unified-Enterprise-Operating-System.md";"1,94";".md";"2026-06-25 05:45";"True"
"D:\AtendimentoOfflineAlpha\docs\canonical\MD-AUDITORIA-002-Core-Enterprise-Catalog.md";"9,81";".md";"2026-06-30 23:58";"True"
"D:\AtendimentoOfflineAlpha\docs\canonical\MD-AUDITORIA-003-Core-Tables-Catalog.md";"5,9";".md";"2026-07-01 00:00";"True"
"D:\AtendimentoOfflineAlpha\docs\canonical\MD-CANONICO-IA-001-Lei-Evolucao-Documental.md";"9,49";".md";"2026-06-29 03:47";"True"
"D:\AtendimentoOfflineAlpha\docs\canonical\MD-CANONICO-IA-002-Lei-Governanca-Arquitetural.md";"11,36";".md";"2026-06-29 03:50";"True"
"D:\AtendimentoOfflineAlpha\docs\canonical\MD-CANONICO-IA-003-Lei-Evolucao-Core.md";"12,34";".md";"2026-06-29 03:54";"True"
"D:\AtendimentoOfflineAlpha\docs\canonical\MD-CANONICO-IA-004-Matriz-Evolucao-Projeto.md";"11,47";".md";"2026-06-29 03:54";"True"
"D:\AtendimentoOfflineAlpha\docs\canonical\MD-CONSOLIDADO-001-Plataforma-Enterprise-Architecture.md";"5,99";".md";"2026-06-30 23:13";"True"
"D:\AtendimentoOfflineAlpha\docs\canonical\MD1_arquitetura_canonica.md";"2,03";".md";"2026-06-19 02:21";"True"
"D:\AtendimentoOfflineAlpha\docs\canonical\MD10_fluxo.md";"0,12";".md";"2026-06-19 04:54";"True"
"D:\AtendimentoOfflineAlpha\docs\canonical\MD11_consistencia.md";"0,08";".md";"2026-06-19 04:54";"True"
"D:\AtendimentoOfflineAlpha\docs\canonical\MD12_evolucao.md";"0,11";".md";"2026-06-19 04:54";"True"
"D:\AtendimentoOfflineAlpha\docs\canonical\MD2_contrato_frontend.md";"0,21";".md";"2026-06-19 04:54";"True"
"D:\AtendimentoOfflineAlpha\docs\canonical\MD3_dispatcher.md";"0,18";".md";"2026-06-19 04:54";"True"
"D:\AtendimentoOfflineAlpha\docs\canonical\MD4_orquestradora.md";"0,1";".md";"2026-06-19 04:54";"True"
"D:\AtendimentoOfflineAlpha\docs\canonical\MD5_execucao.md";"0,11";".md";"2026-06-19 04:54";"True"
"D:\AtendimentoOfflineAlpha\docs\canonical\MD6_eventos_atual.md";"0,17";".md";"2026-06-19 04:54";"True"
"D:\AtendimentoOfflineAlpha\docs\canonical\MD7_state.md";"0,14";".md";"2026-06-19 04:54";"True"
"D:\AtendimentoOfflineAlpha\docs\canonical\MD8_execucao.md";"0,14";".md";"2026-06-19 04:54";"True"
"D:\AtendimentoOfflineAlpha\docs\canonical\MD9_event_store.md";"0,15";".md";"2026-06-19 04:54";"True"
"D:\AtendimentoOfflineAlpha\docs\canonical\MIGRACAO_CANONICA_2026.md";"2,48";".md";"2026-06-18 22:56";"True"
"D:\AtendimentoOfflineAlpha\docs\canonical\MODELO_DOMINIO_CANONICO.md";"3,18";".md";"2026-06-18 23:06";"True"
"D:\AtendimentoOfflineAlpha\docs\canonical\N8N_CANONICO.md";"0,27";".md";"2026-06-18 23:58";"True"
"D:\AtendimentoOfflineAlpha\docs\canonical\OFFLINE_FIRST_CANONICO.md";"1,1";".md";"2026-06-18 23:08";"True"
"D:\AtendimentoOfflineAlpha\docs\canonical\PLANO_DIRETOR_DA_DOCUMENTACAO_CANONICA.md";"7,66";".md";"2026-06-21 01:43";"True"
"D:\AtendimentoOfflineAlpha\docs\canonical\RADAR-ARQUITETURA.md";"6,75";".md";"2026-07-01 00:00";"True"
"D:\AtendimentoOfflineAlpha\docs\canonical\README_CANONICO.md";"2,96";".md";"2026-06-29 03:55";"True"
"D:\AtendimentoOfflineAlpha\docs\canonical\README_CONSOLIDACAO.md";"2,92";".md";"2026-06-18 23:46";"True"
"D:\AtendimentoOfflineAlpha\docs\canonical\RH_CANONICO.md";"0,21";".md";"2026-06-18 23:59";"True"
"D:\AtendimentoOfflineAlpha\docs\canonical\ROADMAP_CANONICO.md";"1,28";".md";"2026-06-23 06:22";"True"
"D:\AtendimentoOfflineAlpha\docs\canonical\SAC_CANONICO.md";"0,19";".md";"2026-06-19 00:00";"True"
"D:\AtendimentoOfflineAlpha\docs\canonical\SAUDE_CANONICO.md";"0,56";".md";"2026-06-18 23:53";"True"
"D:\AtendimentoOfflineAlpha\docs\canonical\SEGURANCA_CANONICA.md";"0,34";".md";"2026-06-18 23:56";"True"
"D:\AtendimentoOfflineAlpha\docs\canonical\SEGURANCA_E_IDENTIDADE_CANONICO.md";"0,98";".md";"2026-06-18 23:09";"True"
"D:\AtendimentoOfflineAlpha\docs\canonical\TEST-WRITE.md";"0,01";".md";"2026-06-21 06:56";"True"
"D:\AtendimentoOfflineAlpha\docs\canonical\TI_CANONICO.md";"0,19";".md";"2026-06-19 00:00";"True"
"D:\AtendimentoOfflineAlpha\docs\canonical\WORKFLOW_CANONICO.md";"0,38";".md";"2026-06-18 23:56";"True"
"D:\AtendimentoOfflineAlpha\docs\database\audit_resultado.md";"4,71";".md";"2026-06-30 23:54";"True"
"D:\AtendimentoOfflineAlpha\docs\database\CATALOGO_ENTIDADES_CORE.md";"19,08";".md";"2026-07-01 00:12";"True"
"D:\AtendimentoOfflineAlpha\docs\database\checklist_integridade.ps1";"11,42";".ps1";"2026-06-30 23:50";"True"
"D:\AtendimentoOfflineAlpha\docs\database\ESTADO_DOCUMENTACAO.md";"3,03";".md";"2026-07-01 00:15";"True"
"D:\AtendimentoOfflineAlpha\docs\database\generate_tables_docs.ps1";"7,78";".ps1";"2026-06-28 22:33";"True"
"D:\AtendimentoOfflineAlpha\docs\database\INVENTARIO_PROCEDURES.md";"8,16";".md";"2026-07-01 00:11";"True"
"D:\AtendimentoOfflineAlpha\docs\database\MAPA_CONSUMO_MODULOS.md";"22,6";".md";"2026-07-01 00:14";"True"
"D:\AtendimentoOfflineAlpha\docs\database\MAPA_DEPENDENCIAS_ERD.md";"26,98";".md";"2026-07-01 00:12";"True"
"D:\AtendimentoOfflineAlpha\docs\database\MAPA_ESCRITA.md";"6,75";".md";"2026-07-01 00:13";"True"
"D:\AtendimentoOfflineAlpha\docs\database\PLANO_DOCUMENTACAO.md";"3,54";".md";"2026-07-01 00:00";"True"
"D:\AtendimentoOfflineAlpha\docs\database\procedures\fn_decision_fingerprint.md";"2,46";".md";"2026-06-29 05:12";"True"
"D:\AtendimentoOfflineAlpha\docs\database\procedures\fn_runtime_chain_fingerprint.md";"2,49";".md";"2026-06-29 05:12";"True"
"D:\AtendimentoOfflineAlpha\docs\database\procedures\fn_sha256i_hash.md";"3,37";".md";"2026-06-29 05:12";"True"
"D:\AtendimentoOfflineAlpha\docs\database\procedures\seed_usuarios_teste.md";"6,72";".md";"2026-06-29 05:12";"True"
"D:\AtendimentoOfflineAlpha\docs\database\procedures\sp_acl_registrar_evento.md";"2,76";".md";"2026-06-29 05:12";"True"
"D:\AtendimentoOfflineAlpha\docs\database\procedures\sp_admin_painel_filtros_seed_all.md";"4,4";".md";"2026-06-29 05:12";"True"
"D:\AtendimentoOfflineAlpha\docs\database\procedures\sp_admin_sessao_revogar.md";"4,22";".md";"2026-06-29 05:12";"True"
"D:\AtendimentoOfflineAlpha\docs\database\procedures\sp_assert_not_null.md";"2";".md";"2026-06-29 05:12";"True"
"D:\AtendimentoOfflineAlpha\docs\database\procedures\sp_assert_true.md";"2,08";".md";"2026-06-29 05:12";"True"
"D:\AtendimentoOfflineAlpha\docs\database\procedures\sp_atendimento_finalizar_evasao.md";"3,98";".md";"2026-06-29 05:12";"True"
"D:\AtendimentoOfflineAlpha\docs\database\procedures\sp_atendimento_senha_nao_compareceu.md";"8,11";".md";"2026-06-29 05:12";"True"
"D:\AtendimentoOfflineAlpha\docs\database\procedures\sp_atendimento_transicionar.md";"5,59";".md";"2026-06-29 05:12";"True"
"D:\AtendimentoOfflineAlpha\docs\database\procedures\sp_auditar_erro_sql.md";"6,6";".md";"2026-06-29 05:12";"True"
"D:\AtendimentoOfflineAlpha\docs\database\procedures\sp_auditoria_evento_registrar.md";"3,95";".md";"2026-06-29 05:12";"True"
"D:\AtendimentoOfflineAlpha\docs\database\procedures\sp_auth_contexto_get.md";"7,65";".md";"2026-06-29 05:12";"True"
"D:\AtendimentoOfflineAlpha\docs\database\procedures\sp_auth_contexto_set.md";"10,51";".md";"2026-06-29 05:12";"True"
"D:\AtendimentoOfflineAlpha\docs\database\procedures\sp_auth_menu_get.md";"12,18";".md";"2026-06-29 05:12";"True"
"D:\AtendimentoOfflineAlpha\docs\database\procedures\sp_backfill_entidade.md";"3,37";".md";"2026-06-29 05:12";"True"
"D:\AtendimentoOfflineAlpha\docs\database\procedures\sp_cat_abrir_por_item.md";"6,25";".md";"2026-06-29 05:12";"True"
"D:\AtendimentoOfflineAlpha\docs\database\procedures\sp_chamar_senha.md";"2,66";".md";"2026-06-29 05:12";"True"
"D:\AtendimentoOfflineAlpha\docs\database\procedures\sp_checkpoint_global_validar.md";"4,6";".md";"2026-06-29 05:12";"True"
"D:\AtendimentoOfflineAlpha\docs\database\procedures\sp_codigo_emitir_interno.md";"12,59";".md";"2026-06-29 05:12";"True"
"D:\AtendimentoOfflineAlpha\docs\database\procedures\sp_codigo_mapear_externo.md";"9,34";".md";"2026-06-29 05:12";"True"
"D:\AtendimentoOfflineAlpha\docs\database\procedures\sp_codigo_prefixo_resolver.md";"4,95";".md";"2026-06-29 05:12";"True"
"D:\AtendimentoOfflineAlpha\docs\database\procedures\sp_codigo_prefixo_set.md";"5,53";".md";"2026-06-29 05:12";"True"
"D:\AtendimentoOfflineAlpha\docs\database\procedures\sp_complementar_senha.md";"6,57";".md";"2026-06-29 05:12";"True"
"D:\AtendimentoOfflineAlpha\docs\database\procedures\sp_conciliador_estoque_faturamento.md";"9,61";".md";"2026-06-29 05:12";"True"
"D:\AtendimentoOfflineAlpha\docs\database\procedures\sp_contexto_assert_permissao.md";"3,14";".md";"2026-06-29 05:12";"True"
"D:\AtendimentoOfflineAlpha\docs\database\procedures\sp_contexto_assert_transicao.md";"3,4";".md";"2026-06-29 05:12";"True"
"D:\AtendimentoOfflineAlpha\docs\database\procedures\sp_coordenador_global.md";"3,76";".md";"2026-06-29 05:12";"True"
"D:\AtendimentoOfflineAlpha\docs\database\procedures\sp_criar_senha.md";"3,4";".md";"2026-06-29 05:12";"True"
"D:\AtendimentoOfflineAlpha\docs\database\procedures\sp_dispatcher_kernel.md";"5,13";".md";"2026-06-29 05:12";"True"
"D:\AtendimentoOfflineAlpha\docs\database\procedures\sp_emitir_evento_manchester.md";"2,31";".md";"2026-06-29 05:12";"True"
"D:\AtendimentoOfflineAlpha\docs\database\procedures\sp_estoque_fluxo_his.md";"10,34";".md";"2026-06-29 05:12";"True"
"D:\AtendimentoOfflineAlpha\docs\database\procedures\sp_estoque_movimentar_extremo.md";"8,64";".md";"2026-06-29 05:12";"True"
"D:\AtendimentoOfflineAlpha\docs\database\procedures\sp_estoque_movimentar.md";"7,99";".md";"2026-06-29 05:12";"True"
"D:\AtendimentoOfflineAlpha\docs\database\procedures\sp_estoque_movimento_criar.md";"4,76";".md";"2026-06-29 05:12";"True"
"D:\AtendimentoOfflineAlpha\docs\database\procedures\sp_estoque_movimento_item_add.md";"6,57";".md";"2026-06-29 05:12";"True"
"D:\AtendimentoOfflineAlpha\docs\database\procedures\sp_estoque_produto_criar_com_codigo.md";"7,61";".md";"2026-06-29 05:12";"True"
"D:\AtendimentoOfflineAlpha\docs\database\procedures\sp_estoque_produto_set_codigo.md";"6,76";".md";"2026-06-29 05:12";"True"
"D:\AtendimentoOfflineAlpha\docs\database\procedures\sp_execucao_assistencial.md";"5,57";".md";"2026-06-29 05:12";"True"
"D:\AtendimentoOfflineAlpha\docs\database\procedures\sp_executor_assistencial_anamnese_salvar.md";"4,36";".md";"2026-06-29 05:12";"True"
"D:\AtendimentoOfflineAlpha\docs\database\procedures\sp_executor_assistencial_atendimento_finalizar.md";"11,22";".md";"2026-06-29 05:12";"True"
"D:\AtendimentoOfflineAlpha\docs\database\procedures\sp_executor_assistencial_atendimento_iniciar.md";"2,5";".md";"2026-06-29 05:12";"True"
"D:\AtendimentoOfflineAlpha\docs\database\procedures\sp_executor_assistencial_evolucao_salvar.md";"5,19";".md";"2026-06-29 05:12";"True"
"D:\AtendimentoOfflineAlpha\docs\database\procedures\sp_executor_assistencial_runtime.md";"3,99";".md";"2026-06-29 05:12";"True"
"D:\AtendimentoOfflineAlpha\docs\database\procedures\sp_executor_assistencial_triagem_finalizar.md";"3,16";".md";"2026-06-29 05:12";"True"
"D:\AtendimentoOfflineAlpha\docs\database\procedures\sp_executor_assistencial_triagem_iniciar.md";"2,47";".md";"2026-06-29 05:12";"True"
"D:\AtendimentoOfflineAlpha\docs\database\procedures\sp_executor_assistencial_triagem_salvar.md";"9,25";".md";"2026-06-29 05:12";"True"
"D:\AtendimentoOfflineAlpha\docs\database\procedures\sp_executor_cadastro_paciente_salvar.md";"3,87";".md";"2026-06-29 05:12";"True"
"D:\AtendimentoOfflineAlpha\docs\database\procedures\sp_executor_estoque_runtime.md";"13,58";".md";"2026-06-29 05:12";"True"
"D:\AtendimentoOfflineAlpha\docs\database\procedures\sp_executor_faturamento_runtime.md";"11,61";".md";"2026-06-29 05:12";"True"
"D:\AtendimentoOfflineAlpha\docs\database\procedures\sp_executor_fila_runtime.md";"5,62";".md";"2026-06-29 05:12";"True"
"D:\AtendimentoOfflineAlpha\docs\database\procedures\sp_executor_manchester_runtime.md";"7,79";".md";"2026-06-29 05:12";"True"
"D:\AtendimentoOfflineAlpha\docs\database\procedures\sp_executor_recepcao_abrir_atendimento.md";"4,16";".md";"2026-06-29 05:12";"True"
"D:\AtendimentoOfflineAlpha\docs\database\procedures\sp_farm_dispensacao_criar.md";"4,94";".md";"2026-06-29 05:12";"True"
"D:\AtendimentoOfflineAlpha\docs\database\procedures\sp_farm_dispensacao_registrar.md";"7,4";".md";"2026-06-29 05:12";"True"
"D:\AtendimentoOfflineAlpha\docs\database\procedures\sp_farm_reserva_confirmar.md";"6,57";".md";"2026-06-29 05:12";"True"
"D:\AtendimentoOfflineAlpha\docs\database\procedures\sp_farmacia_dispensar_registrar.md";"6,09";".md";"2026-06-29 05:12";"True"
"D:\AtendimentoOfflineAlpha\docs\database\procedures\sp_ffa_adicionar_item.md";"6,39";".md";"2026-06-29 05:12";"True"
"D:\AtendimentoOfflineAlpha\docs\database\procedures\sp_ffa_gpat_garantir.md";"5,38";".md";"2026-06-29 05:12";"True"
"D:\AtendimentoOfflineAlpha\docs\database\procedures\sp_ffa_gpat_gerar.md";"6,26";".md";"2026-06-29 05:12";"True"
"D:\AtendimentoOfflineAlpha\docs\database\procedures\sp_ffa_orquestrador_transicao.md";"6,04";".md";"2026-06-29 05:12";"True"
"D:\AtendimentoOfflineAlpha\docs\database\procedures\sp_fila_chamar_proxima.md";"5,74";".md";"2026-06-29 05:12";"True"
"D:\AtendimentoOfflineAlpha\docs\database\procedures\sp_fila_finalizar.md";"4,26";".md";"2026-06-29 05:13";"True"
"D:\AtendimentoOfflineAlpha\docs\database\procedures\sp_fila_tipo_por_local.md";"5,46";".md";"2026-06-29 05:13";"True"
"D:\AtendimentoOfflineAlpha\docs\database\procedures\sp_finalizar_procedimento_ecg.md";"1,92";".md";"2026-06-29 05:13";"True"
"D:\AtendimentoOfflineAlpha\docs\database\procedures\sp_finalizar_procedimento_geral.md";"8,47";".md";"2026-06-29 05:13";"True"
"D:\AtendimentoOfflineAlpha\docs\database\procedures\sp_finalizar_procedimento_laboratorio.md";"4,91";".md";"2026-06-29 05:13";"True"
"D:\AtendimentoOfflineAlpha\docs\database\procedures\sp_finalizar_senha.md";"2,69";".md";"2026-06-29 05:13";"True"
"D:\AtendimentoOfflineAlpha\docs\database\procedures\sp_fix_columns_entidade.md";"3,12";".md";"2026-06-29 05:13";"True"
"D:\AtendimentoOfflineAlpha\docs\database\procedures\sp_fix_fk_unidade.md";"10,56";".md";"2026-06-29 05:13";"True"
"D:\AtendimentoOfflineAlpha\docs\database\procedures\sp_fluxo_estoque.md";"8,87";".md";"2026-06-29 05:13";"True"
"D:\AtendimentoOfflineAlpha\docs\database\procedures\sp_fluxo_executor_matriz.md";"4,76";".md";"2026-06-29 05:13";"True"
"D:\AtendimentoOfflineAlpha\docs\database\procedures\sp_fluxo_guardiao_transicao.md";"8,89";".md";"2026-06-29 05:13";"True"
"D:\AtendimentoOfflineAlpha\docs\database\procedures\sp_fluxo_verificar_autorizacao.md";"2,7";".md";"2026-06-29 05:13";"True"
"D:\AtendimentoOfflineAlpha\docs\database\procedures\sp_gatekeeper_assistencial.md";"4,67";".md";"2026-06-29 05:13";"True"
"D:\AtendimentoOfflineAlpha\docs\database\procedures\sp_gera_protocolo_lab.md";"13,12";".md";"2026-06-29 05:13";"True"
"D:\AtendimentoOfflineAlpha\docs\database\procedures\sp_guardiao_absoluto.md";"2,49";".md";"2026-06-29 05:13";"True"
"D:\AtendimentoOfflineAlpha\docs\database\procedures\sp_guardiao_runtime_assert.md";"2,84";".md";"2026-06-29 05:13";"True"
"D:\AtendimentoOfflineAlpha\docs\database\procedures\sp_guardiao_runtime_decidir.md";"2,5";".md";"2026-06-29 05:13";"True"
"D:\AtendimentoOfflineAlpha\docs\database\procedures\sp_guardiao_runtime_final.md";"4,33";".md";"2026-06-29 05:13";"True"
"D:\AtendimentoOfflineAlpha\docs\database\procedures\sp_iniciar_execucao_procedimento_rx.md";"6,89";".md";"2026-06-29 05:13";"True"
"D:\AtendimentoOfflineAlpha\docs\database\procedures\sp_internacao_registrar_evasao.md";"3,13";".md";"2026-06-29 05:13";"True"
"D:\AtendimentoOfflineAlpha\docs\database\procedures\sp_invariant_engine.md";"3,19";".md";"2026-06-29 05:13";"True"
"D:\AtendimentoOfflineAlpha\docs\database\procedures\sp_kernel_cleanup_expired.md";"3,14";".md";"2026-06-29 05:13";"True"
"D:\AtendimentoOfflineAlpha\docs\database\procedures\sp_kernel_identity_chain_register.md";"3,9";".md";"2026-06-29 05:13";"True"
"D:\AtendimentoOfflineAlpha\docs\database\procedures\sp_kernel_runtime_heartbeat.md";"5,3";".md";"2026-06-29 05:13";"True"
"D:\AtendimentoOfflineAlpha\docs\database\procedures\sp_kernel_writer_lock.md";"3,05";".md";"2026-06-29 05:13";"True"
"D:\AtendimentoOfflineAlpha\docs\database\procedures\sp_kernel_writer_unlock.md";"1,68";".md";"2026-06-29 05:13";"True"
"D:\AtendimentoOfflineAlpha\docs\database\procedures\sp_lab_protocolo_criar_ou_mapear.md";"11,45";".md";"2026-06-29 05:13";"True"
"D:\AtendimentoOfflineAlpha\docs\database\procedures\sp_laboratorio_protocolo_evento_add.md";"5,98";".md";"2026-06-29 05:13";"True"
"D:\AtendimentoOfflineAlpha\docs\database\procedures\sp_ledger_evento_log.md";"3,23";".md";"2026-06-29 05:13";"True"
"D:\AtendimentoOfflineAlpha\docs\database\procedures\sp_ledger_registrar_evento.md";"6,92";".md";"2026-06-29 05:13";"True"
"D:\AtendimentoOfflineAlpha\docs\database\procedures\sp_local_operacional_seed_padrao.md";"17,85";".md";"2026-06-29 05:13";"True"
"D:\AtendimentoOfflineAlpha\docs\database\procedures\sp_master_admin_gerenciar_usuarios.md";"11,24";".md";"2026-06-29 05:13";"True"
"D:\AtendimentoOfflineAlpha\docs\database\procedures\sp_master_administracao_medicacao_ordem.md";"11,38";".md";"2026-06-29 05:13";"True"
"D:\AtendimentoOfflineAlpha\docs\database\procedures\sp_master_administracao_medicacao.md";"10,94";".md";"2026-06-29 05:13";"True"
"D:\AtendimentoOfflineAlpha\docs\database\procedures\sp_master_agenda_disponibilidade.md";"8,39";".md";"2026-06-29 05:13";"True"
"D:\AtendimentoOfflineAlpha\docs\database\procedures\sp_master_agendamento_eventos.md";"10,27";".md";"2026-06-29 05:13";"True"
"D:\AtendimentoOfflineAlpha\docs\database\procedures\sp_master_alerta_consumo.md";"10,18";".md";"2026-06-29 05:13";"True"
"D:\AtendimentoOfflineAlpha\docs\database\procedures\sp_master_assistencial_salvar_orquestradora.md";"11,72";".md";"2026-06-29 05:13";"True"
"D:\AtendimentoOfflineAlpha\docs\database\procedures\sp_master_atendimento_cancelar.md";"9,56";".md";"2026-06-29 05:13";"True"
"D:\AtendimentoOfflineAlpha\docs\database\procedures\sp_master_atendimento_finalizar.md";"9,56";".md";"2026-06-29 05:13";"True"
"D:\AtendimentoOfflineAlpha\docs\database\procedures\sp_master_atendimento_iniciar.md";"8,28";".md";"2026-06-29 05:13";"True"
"D:\AtendimentoOfflineAlpha\docs\database\procedures\sp_master_atendimento_transicionar.md";"9,74";".md";"2026-06-29 05:13";"True"
"D:\AtendimentoOfflineAlpha\docs\database\procedures\sp_master_atendimento.md";"10,96";".md";"2026-06-29 05:13";"True"
"D:\AtendimentoOfflineAlpha\docs\database\procedures\sp_master_cancelar_administracao_medicacao.md";"10,26";".md";"2026-06-29 05:13";"True"
"D:\AtendimentoOfflineAlpha\docs\database\procedures\sp_master_chamar_senha.md";"12,37";".md";"2026-06-29 05:13";"True"
"D:\AtendimentoOfflineAlpha\docs\database\procedures\sp_master_dispatcher.md";"13,28";".md";"2026-06-29 05:13";"True"
"D:\AtendimentoOfflineAlpha\docs\database\procedures\sp_master_ffa_movimentar.md";"3,44";".md";"2026-06-29 05:13";"True"
"D:\AtendimentoOfflineAlpha\docs\database\procedures\sp_master_login.md";"19,76";".md";"2026-06-29 05:13";"True"
"D:\AtendimentoOfflineAlpha\docs\database\procedures\sp_master_orquestradora.md";"10,61";".md";"2026-06-29 05:14";"True"
"D:\AtendimentoOfflineAlpha\docs\database\procedures\sp_master_paciente.md";"12,33";".md";"2026-06-29 05:14";"True"
"D:\AtendimentoOfflineAlpha\docs\database\procedures\sp_master_query_dispatcher.md";"11,1";".md";"2026-06-29 05:14";"True"
"D:\AtendimentoOfflineAlpha\docs\database\procedures\sp_master_registrar_administracao_medicacao.md";"10,16";".md";"2026-06-29 05:14";"True"
"D:\AtendimentoOfflineAlpha\docs\database\procedures\sp_master_registrar_alerta.md";"9,76";".md";"2026-06-29 05:14";"True"
"D:\AtendimentoOfflineAlpha\docs\database\procedures\sp_master_registrar_erro.md";"4,72";".md";"2026-06-29 05:14";"True"
"D:\AtendimentoOfflineAlpha\docs\database\procedures\sp_master_registrar_evento.md";"7,86";".md";"2026-06-29 05:14";"True"
"D:\AtendimentoOfflineAlpha\docs\database\procedures\sp_master_routes.md";"15,93";".md";"2026-06-29 05:14";"True"
"D:\AtendimentoOfflineAlpha\docs\database\procedures\sp_master_senha_emitir.md";"9,36";".md";"2026-06-29 05:14";"True"
"D:\AtendimentoOfflineAlpha\docs\database\procedures\sp_master_senha_recepcao.md";"10,45";".md";"2026-06-29 05:14";"True"
"D:\AtendimentoOfflineAlpha\docs\database\procedures\sp_master_vincular_atendimento_paciente.md";"9,44";".md";"2026-06-29 05:14";"True"
"D:\AtendimentoOfflineAlpha\docs\database\procedures\sp_medicacao_cancelar.md";"6,97";".md";"2026-06-29 05:14";"True"
"D:\AtendimentoOfflineAlpha\docs\database\procedures\sp_medicacao_complementar.md";"6,24";".md";"2026-06-29 05:14";"True"
"D:\AtendimentoOfflineAlpha\docs\database\procedures\sp_medicacao_em_execucao_obs.md";"9,43";".md";"2026-06-29 05:14";"True"
"D:\AtendimentoOfflineAlpha\docs\database\procedures\sp_medicacao_finalizar.md";"4,18";".md";"2026-06-29 05:14";"True"
"D:\AtendimentoOfflineAlpha\docs\database\procedures\sp_medicacao_marcar_executado.md";"7,1";".md";"2026-06-29 05:14";"True"
"D:\AtendimentoOfflineAlpha\docs\database\procedures\sp_medicacao_nao_respondeu.md";"6,62";".md";"2026-06-29 05:14";"True"
"D:\AtendimentoOfflineAlpha\docs\database\procedures\sp_medico_encaminhar.md";"4,2";".md";"2026-06-29 05:14";"True"
"D:\AtendimentoOfflineAlpha\docs\database\procedures\sp_medico_finalizar.md";"4,15";".md";"2026-06-29 05:14";"True"
"D:\AtendimentoOfflineAlpha\docs\database\procedures\sp_medico_marcar_retorno.md";"2,2";".md";"2026-06-29 05:14";"True"
"D:\AtendimentoOfflineAlpha\docs\database\procedures\sp_motor_manchester_runtime.md";"4,83";".md";"2026-06-29 05:14";"True"
"D:\AtendimentoOfflineAlpha\docs\database\procedures\sp_nome_operacao.md";"3,36";".md";"2026-06-29 05:14";"True"
"D:\AtendimentoOfflineAlpha\docs\database\procedures\sp_operacao_encaminhar.md";"10,07";".md";"2026-06-29 05:14";"True"
"D:\AtendimentoOfflineAlpha\docs\database\procedures\sp_oraculo_assistencial.md";"4,62";".md";"2026-06-29 05:14";"True"
"D:\AtendimentoOfflineAlpha\docs\database\procedures\sp_orquestrador_assistencial.md";"5,89";".md";"2026-06-29 05:14";"True"
"D:\AtendimentoOfflineAlpha\docs\database\procedures\sp_paciente_cns_set.md";"6,05";".md";"2026-06-29 05:14";"True"
"D:\AtendimentoOfflineAlpha\docs\database\procedures\sp_painel_cancelar_senha.md";"7,22";".md";"2026-06-29 05:15";"True"
"D:\AtendimentoOfflineAlpha\docs\database\procedures\sp_painel_chamar_senha.md";"6,91";".md";"2026-06-29 05:15";"True"
"D:\AtendimentoOfflineAlpha\docs\database\procedures\sp_painel_config_set.md";"16,04";".md";"2026-06-29 05:15";"True"
"D:\AtendimentoOfflineAlpha\docs\database\procedures\sp_painel_filtro_locais_seed.md";"7,49";".md";"2026-06-29 05:15";"True"
"D:\AtendimentoOfflineAlpha\docs\database\procedures\sp_painel_inserir_senha.md";"6,4";".md";"2026-06-29 05:15";"True"
"D:\AtendimentoOfflineAlpha\docs\database\procedures\sp_painel_seed_especialidades.md";"17,13";".md";"2026-06-29 05:15";"True"
"D:\AtendimentoOfflineAlpha\docs\database\procedures\sp_patch_log.md";"2,26";".md";"2026-06-29 05:15";"True"
"D:\AtendimentoOfflineAlpha\docs\database\procedures\sp_patch_permissao.md";"4,31";".md";"2026-06-29 05:15";"True"
"D:\AtendimentoOfflineAlpha\docs\database\procedures\sp_patch_usuario_fk_idx.md";"3,28";".md";"2026-06-29 05:15";"True"
"D:\AtendimentoOfflineAlpha\docs\database\procedures\sp_pdv_venda_criar.md";"6,38";".md";"2026-06-29 05:15";"True"
"D:\AtendimentoOfflineAlpha\docs\database\procedures\sp_pedido_medico_criar.md";"5";".md";"2026-06-29 05:15";"True"
"D:\AtendimentoOfflineAlpha\docs\database\procedures\sp_pedido_medico_item_add.md";"8,83";".md";"2026-06-29 05:15";"True"
"D:\AtendimentoOfflineAlpha\docs\database\procedures\sp_permissao_assert.md";"2,18";".md";"2026-06-29 05:15";"True"
"D:\AtendimentoOfflineAlpha\docs\database\procedures\sp_permissao_validar.md";"2,7";".md";"2026-06-29 05:15";"True"
"D:\AtendimentoOfflineAlpha\docs\database\procedures\sp_procedimento_protocolo_criar.md";"9,48";".md";"2026-06-29 05:15";"True"
"D:\AtendimentoOfflineAlpha\docs\database\procedures\sp_protocolo_emitir.md";"7,52";".md";"2026-06-29 05:15";"True"
"D:\AtendimentoOfflineAlpha\docs\database\procedures\sp_raim_calcular.md";"5,28";".md";"2026-06-29 05:15";"True"
"D:\AtendimentoOfflineAlpha\docs\database\procedures\sp_raise.md";"2,39";".md";"2026-06-29 05:15";"True"
"D:\AtendimentoOfflineAlpha\docs\database\procedures\sp_recepcao_complementar_e_abrir_ffa.md";"3,67";".md";"2026-06-29 05:15";"True"
"D:\AtendimentoOfflineAlpha\docs\database\procedures\sp_recepcao_encaminhar_ffa.md";"4,34";".md";"2026-06-29 05:15";"True"
"D:\AtendimentoOfflineAlpha\docs\database\procedures\sp_recepcao_gerar_senha.md";"10,64";".md";"2026-06-29 05:15";"True"
"D:\AtendimentoOfflineAlpha\docs\database\procedures\sp_recepcao_iniciar_complementacao.md";"2,29";".md";"2026-06-29 05:15";"True"
"D:\AtendimentoOfflineAlpha\docs\database\procedures\sp_recepcao_nao_compareceu.md";"2,38";".md";"2026-06-29 05:15";"True"
"D:\AtendimentoOfflineAlpha\docs\database\procedures\sp_rechamar_procedimento.md";"5,21";".md";"2026-06-29 05:15";"True"
"D:\AtendimentoOfflineAlpha\docs\database\procedures\sp_reconciliar_runtime.md";"2,72";".md";"2026-06-29 05:15";"True"
"D:\AtendimentoOfflineAlpha\docs\database\procedures\sp_recreate_fk_entidade.md";"3,34";".md";"2026-06-29 05:15";"True"
"D:\AtendimentoOfflineAlpha\docs\database\procedures\sp_registrar_evento.md";"5,89";".md";"2026-06-29 05:15";"True"
"D:\AtendimentoOfflineAlpha\docs\database\procedures\sp_retry_semantico_worker.md";"3,46";".md";"2026-06-29 05:15";"True"
"D:\AtendimentoOfflineAlpha\docs\database\procedures\sp_runtime_clinico_exec.md";"2,73";".md";"2026-06-29 05:15";"True"
"D:\AtendimentoOfflineAlpha\docs\database\procedures\sp_runtime_decision_engine.md";"4,59";".md";"2026-06-29 05:15";"True"
"D:\AtendimentoOfflineAlpha\docs\database\procedures\sp_runtime_edge_executor.md";"4,92";".md";"2026-06-29 05:15";"True"
"D:\AtendimentoOfflineAlpha\docs\database\procedures\sp_runtime_escudo_total.md";"3,61";".md";"2026-06-29 05:15";"True"
"D:\AtendimentoOfflineAlpha\docs\database\procedures\sp_runtime_feedback.md";"3,05";".md";"2026-06-29 05:15";"True"
"D:\AtendimentoOfflineAlpha\docs\database\procedures\sp_runtime_resiliente_execucao.md";"3,4";".md";"2026-06-29 05:16";"True"
"D:\AtendimentoOfflineAlpha\docs\database\procedures\sp_rx_finalizar.md";"4,12";".md";"2026-06-29 05:16";"True"
"D:\AtendimentoOfflineAlpha\docs\database\procedures\sp_schema_add_column_if_missing.md";"3,11";".md";"2026-06-29 05:16";"True"
"D:\AtendimentoOfflineAlpha\docs\database\procedures\sp_schema_add_index_if_missing.md";"3,11";".md";"2026-06-29 05:16";"True"
"D:\AtendimentoOfflineAlpha\docs\database\procedures\sp_seed_admin_root_runtime.md";"3,85";".md";"2026-06-29 05:16";"True"
"D:\AtendimentoOfflineAlpha\docs\database\procedures\sp_seed_clinico_sintetico_hardcore.md";"2,57";".md";"2026-06-29 05:16";"True"
"D:\AtendimentoOfflineAlpha\docs\database\procedures\sp_seed_dummy_funcionario_500.md";"2,61";".md";"2026-06-29 05:16";"True"
"D:\AtendimentoOfflineAlpha\docs\database\procedures\sp_seed_dummy_paciente_500.md";"2,58";".md";"2026-06-29 05:16";"True"
"D:\AtendimentoOfflineAlpha\docs\database\procedures\sp_seed_dummy_senha_fila_500.md";"2,72";".md";"2026-06-29 05:16";"True"
"D:\AtendimentoOfflineAlpha\docs\database\procedures\sp_seed_dummy_usuarios_500.md";"2,6";".md";"2026-06-29 05:16";"True"
"D:\AtendimentoOfflineAlpha\docs\database\procedures\sp_seed_runtime_assistencial.md";"2,4";".md";"2026-06-29 05:16";"True"
"D:\AtendimentoOfflineAlpha\docs\database\procedures\sp_seed_runtime_funcionario_full.md";"4,12";".md";"2026-06-29 05:16";"True"
"D:\AtendimentoOfflineAlpha\docs\database\procedures\sp_seed_saas_federado.md";"2,12";".md";"2026-06-29 05:16";"True"
"D:\AtendimentoOfflineAlpha\docs\database\procedures\sp_senha_cancelar.md";"2,04";".md";"2026-06-29 05:16";"True"
"D:\AtendimentoOfflineAlpha\docs\database\procedures\sp_senha_chamar_proxima.md";"3,55";".md";"2026-06-29 05:16";"True"
"D:\AtendimentoOfflineAlpha\docs\database\procedures\sp_senha_chamar_setor.md";"3,78";".md";"2026-06-29 05:16";"True"
"D:\AtendimentoOfflineAlpha\docs\database\procedures\sp_senha_chamar.md";"3,8";".md";"2026-06-29 05:16";"True"
"D:\AtendimentoOfflineAlpha\docs\database\procedures\sp_senha_emitir.md";"3,77";".md";"2026-06-29 05:16";"True"
"D:\AtendimentoOfflineAlpha\docs\database\procedures\sp_senha_finalizar.md";"2,04";".md";"2026-06-29 05:16";"True"
"D:\AtendimentoOfflineAlpha\docs\database\procedures\sp_senha_iniciar_complementacao.md";"2,61";".md";"2026-06-29 05:16";"True"
"D:\AtendimentoOfflineAlpha\docs\database\procedures\sp_senha_nao_atendida.md";"2,46";".md";"2026-06-29 05:16";"True"
"D:\AtendimentoOfflineAlpha\docs\database\procedures\sp_senha_nao_compareceu.md";"4,41";".md";"2026-06-29 05:16";"True"
"D:\AtendimentoOfflineAlpha\docs\database\procedures\sp_senha_rechamar.md";"1,97";".md";"2026-06-29 05:16";"True"
"D:\AtendimentoOfflineAlpha\docs\database\procedures\sp_senha_retorno_reinserir.md";"2,49";".md";"2026-06-29 05:16";"True"
"D:\AtendimentoOfflineAlpha\docs\database\procedures\sp_senha_transicionar_status.md";"5,15";".md";"2026-06-29 05:16";"True"
"D:\AtendimentoOfflineAlpha\docs\database\procedures\sp_sequencia_proximo_numero.md";"2,54";".md";"2026-06-29 05:16";"True"
"D:\AtendimentoOfflineAlpha\docs\database\procedures\sp_sessao_abrir.md";"5,8";".md";"2026-06-29 05:16";"True"
"D:\AtendimentoOfflineAlpha\docs\database\procedures\sp_sessao_assert.md";"9,07";".md";"2026-06-29 05:16";"True"
"D:\AtendimentoOfflineAlpha\docs\database\procedures\sp_sessao_contexto_get.md";"2,41";".md";"2026-06-29 05:16";"True"
"D:\AtendimentoOfflineAlpha\docs\database\procedures\sp_sessao_contexto_set.md";"2,23";".md";"2026-06-29 05:16";"True"
"D:\AtendimentoOfflineAlpha\docs\database\procedures\sp_sessao_encerrar.md";"3,3";".md";"2026-06-29 05:16";"True"
"D:\AtendimentoOfflineAlpha\docs\database\procedures\sp_sessao_tem_permissao.md";"2,45";".md";"2026-06-29 05:16";"True"
"D:\AtendimentoOfflineAlpha\docs\database\procedures\sp_sync_federado_executor.md";"3,24";".md";"2026-06-29 05:16";"True"
"D:\AtendimentoOfflineAlpha\docs\database\procedures\sp_tenant_enforce_not_null.md";"5,67";".md";"2026-06-29 05:16";"True"
"D:\AtendimentoOfflineAlpha\docs\database\procedures\sp_timeout_ffa.md";"4,09";".md";"2026-06-29 05:16";"True"
"D:\AtendimentoOfflineAlpha\docs\database\procedures\sp_timeout_procedimento_rx.md";"3,99";".md";"2026-06-29 05:16";"True"
"D:\AtendimentoOfflineAlpha\docs\database\procedures\sp_totem_gerar_senha.md";"10,18";".md";"2026-06-29 05:16";"True"
"D:\AtendimentoOfflineAlpha\docs\database\procedures\sp_triagem_classificar_senha.md";"13,63";".md";"2026-06-29 05:16";"True"
"D:\AtendimentoOfflineAlpha\docs\database\procedures\sp_triagem_finalizar.md";"4,16";".md";"2026-06-29 05:16";"True"
"D:\AtendimentoOfflineAlpha\docs\database\procedures\sp_usuario_criar_contexto.md";"5,23";".md";"2026-06-29 05:16";"True"
"D:\AtendimentoOfflineAlpha\docs\database\procedures\sp_usuario_definir_senha.md";"7,4";".md";"2026-06-29 05:16";"True"
"D:\AtendimentoOfflineAlpha\docs\database\procedures\sp_usuario_hash_gerar.md";"4,47";".md";"2026-06-29 05:16";"True"
"D:\AtendimentoOfflineAlpha\docs\database\procedures\sp_usuario_hash_verificar.md";"5,21";".md";"2026-06-29 05:16";"True"
"D:\AtendimentoOfflineAlpha\docs\database\procedures\sp_usuario_log_acesso_registrar.md";"2,66";".md";"2026-06-29 05:16";"True"
"D:\AtendimentoOfflineAlpha\docs\database\procedures\sp_usuario_possui_acesso_setor.md";"2";".md";"2026-06-29 05:16";"True"
"D:\AtendimentoOfflineAlpha\docs\database\procedures\sp_usuario_refresh_token_emitir.md";"2,34";".md";"2026-06-29 05:16";"True"
"D:\AtendimentoOfflineAlpha\docs\database\procedures\sp_usuario_refresh_token_revogar.md";"1,77";".md";"2026-06-29 05:16";"True"
"D:\AtendimentoOfflineAlpha\docs\database\procedures\sp_usuario_refresh_token_validar.md";"2,45";".md";"2026-06-29 05:16";"True"
"D:\AtendimentoOfflineAlpha\docs\database\procedures\sp_usuario_reset_senha_ti.md";"6,97";".md";"2026-06-29 05:16";"True"
"D:\AtendimentoOfflineAlpha\docs\database\procedures\sp_usuario_tem_permissao.md";"2,29";".md";"2026-06-29 05:16";"True"
"D:\AtendimentoOfflineAlpha\docs\database\procedures\sp_usuario_trocar_senha.md";"2,47";".md";"2026-06-29 05:16";"True"
"D:\AtendimentoOfflineAlpha\docs\database\procedures\sp_usuario_vincular_local.md";"2,42";".md";"2026-06-29 05:16";"True"
"D:\AtendimentoOfflineAlpha\docs\database\procedures\sp_usuario_vincular_sistema.md";"2,61";".md";"2026-06-29 05:16";"True"
"D:\AtendimentoOfflineAlpha\docs\database\procedures\sp_usuario_vincular_unidade.md";"2,32";".md";"2026-06-29 05:16";"True"
"D:\AtendimentoOfflineAlpha\docs\database\procedures\sp_validar_transicao_fluxo.md";"2,68";".md";"2026-06-29 05:16";"True"
"D:\AtendimentoOfflineAlpha\docs\database\procedures\sp_worker_atendimento.md";"4,73";".md";"2026-06-29 05:16";"True"
"D:\AtendimentoOfflineAlpha\docs\database\procedures\sp_workflow_ffa_rebuild.md";"4,47";".md";"2026-06-29 05:16";"True"
"D:\AtendimentoOfflineAlpha\docs\database\procedures_raw\fn_decision_fingerprint.json";"0,62";".json";"2026-06-28 21:47";"True"
"D:\AtendimentoOfflineAlpha\docs\database\procedures_raw\fn_runtime_chain_fingerprint.json";"0,63";".json";"2026-06-28 21:47";"True"
"D:\AtendimentoOfflineAlpha\docs\database\procedures_raw\fn_sha256i_hash.json";"0,94";".json";"2026-06-28 21:47";"True"
"D:\AtendimentoOfflineAlpha\docs\database\procedures_raw\seed_usuarios_teste.json";"2,58";".json";"2026-06-28 21:47";"True"
"D:\AtendimentoOfflineAlpha\docs\database\procedures_raw\sp_acl_registrar_evento.json";"0,65";".json";"2026-06-28 21:47";"True"
"D:\AtendimentoOfflineAlpha\docs\database\procedures_raw\sp_admin_painel_filtros_seed_all.json";"1,77";".json";"2026-06-28 21:47";"True"
"D:\AtendimentoOfflineAlpha\docs\database\procedures_raw\sp_admin_sessao_revogar.json";"1,51";".json";"2026-06-28 21:47";"True"
"D:\AtendimentoOfflineAlpha\docs\database\procedures_raw\sp_assert_not_null.json";"0,42";".json";"2026-06-28 21:47";"True"
"D:\AtendimentoOfflineAlpha\docs\database\procedures_raw\sp_assert_true.json";"0,45";".json";"2026-06-28 21:47";"True"
"D:\AtendimentoOfflineAlpha\docs\database\procedures_raw\sp_atendimento_finalizar_evasao.json";"1,2";".json";"2026-06-28 21:47";"True"
"D:\AtendimentoOfflineAlpha\docs\database\procedures_raw\sp_atendimento_senha_nao_compareceu.json";"3,09";".json";"2026-06-28 21:47";"True"
"D:\AtendimentoOfflineAlpha\docs\database\procedures_raw\sp_atendimento_transicionar.json";"1,77";".json";"2026-06-28 21:47";"True"
"D:\AtendimentoOfflineAlpha\docs\database\procedures_raw\sp_auditar_erro_sql.json";"2,29";".json";"2026-06-28 21:47";"True"
"D:\AtendimentoOfflineAlpha\docs\database\procedures_raw\sp_auditoria_evento_registrar.json";"1,26";".json";"2026-06-28 21:47";"True"
"D:\AtendimentoOfflineAlpha\docs\database\procedures_raw\sp_auth_contexto_get.json";"2,97";".json";"2026-06-28 21:47";"True"
"D:\AtendimentoOfflineAlpha\docs\database\procedures_raw\sp_auth_contexto_set.json";"4,09";".json";"2026-06-28 21:47";"True"
"D:\AtendimentoOfflineAlpha\docs\database\procedures_raw\sp_auth_menu_get.json";"5,29";".json";"2026-06-28 21:47";"True"
"D:\AtendimentoOfflineAlpha\docs\database\procedures_raw\sp_backfill_entidade.json";"1,06";".json";"2026-06-28 21:47";"True"
"D:\AtendimentoOfflineAlpha\docs\database\procedures_raw\sp_cat_abrir_por_item.json";"2,44";".json";"2026-06-28 21:47";"True"
"D:\AtendimentoOfflineAlpha\docs\database\procedures_raw\sp_chamar_senha.json";"0,72";".json";"2026-06-28 21:47";"True"
"D:\AtendimentoOfflineAlpha\docs\database\procedures_raw\sp_checkpoint_global_validar.json";"1,38";".json";"2026-06-28 21:47";"True"
"D:\AtendimentoOfflineAlpha\docs\database\procedures_raw\sp_codigo_emitir_interno.json";"4,88";".json";"2026-06-28 21:47";"True"
"D:\AtendimentoOfflineAlpha\docs\database\procedures_raw\sp_codigo_mapear_externo.json";"3,48";".json";"2026-06-28 21:47";"True"
"D:\AtendimentoOfflineAlpha\docs\database\procedures_raw\sp_codigo_prefixo_resolver.json";"1,9";".json";"2026-06-28 21:47";"True"
"D:\AtendimentoOfflineAlpha\docs\database\procedures_raw\sp_codigo_prefixo_set.json";"1,99";".json";"2026-06-28 21:47";"True"
"D:\AtendimentoOfflineAlpha\docs\database\procedures_raw\sp_complementar_senha.json";"2,26";".json";"2026-06-28 21:47";"True"
"D:\AtendimentoOfflineAlpha\docs\database\procedures_raw\sp_conciliador_estoque_faturamento.json";"3,48";".json";"2026-06-28 21:47";"True"
"D:\AtendimentoOfflineAlpha\docs\database\procedures_raw\sp_contexto_assert_permissao.json";"0,97";".json";"2026-06-28 21:47";"True"
"D:\AtendimentoOfflineAlpha\docs\database\procedures_raw\sp_contexto_assert_transicao.json";"1,12";".json";"2026-06-28 21:47";"True"
"D:\AtendimentoOfflineAlpha\docs\database\procedures_raw\sp_coordenador_global.json";"1,05";".json";"2026-06-28 21:47";"True"
"D:\AtendimentoOfflineAlpha\docs\database\procedures_raw\sp_criar_senha.json";"0,98";".json";"2026-06-28 21:47";"True"
"D:\AtendimentoOfflineAlpha\docs\database\procedures_raw\sp_dispatcher_kernel.json";"1,51";".json";"2026-06-28 21:47";"True"
"D:\AtendimentoOfflineAlpha\docs\database\procedures_raw\sp_emitir_evento_manchester.json";"0,57";".json";"2026-06-28 21:47";"True"
"D:\AtendimentoOfflineAlpha\docs\database\procedures_raw\sp_estoque_fluxo_his.json";"4,17";".json";"2026-06-28 21:47";"True"
"D:\AtendimentoOfflineAlpha\docs\database\procedures_raw\sp_estoque_movimentar_extremo.json";"3,68";".json";"2026-06-28 21:47";"True"
"D:\AtendimentoOfflineAlpha\docs\database\procedures_raw\sp_estoque_movimentar.json";"2,78";".json";"2026-06-28 21:47";"True"
"D:\AtendimentoOfflineAlpha\docs\database\procedures_raw\sp_estoque_movimento_criar.json";"1,73";".json";"2026-06-28 21:47";"True"
"D:\AtendimentoOfflineAlpha\docs\database\procedures_raw\sp_estoque_movimento_item_add.json";"2,6";".json";"2026-06-28 21:47";"True"
"D:\AtendimentoOfflineAlpha\docs\database\procedures_raw\sp_estoque_produto_criar_com_codigo.json";"2,8";".json";"2026-06-28 21:47";"True"
"D:\AtendimentoOfflineAlpha\docs\database\procedures_raw\sp_estoque_produto_set_codigo.json";"2,45";".json";"2026-06-28 21:47";"True"
"D:\AtendimentoOfflineAlpha\docs\database\procedures_raw\sp_execucao_assistencial.json";"1,91";".json";"2026-06-28 21:47";"True"
"D:\AtendimentoOfflineAlpha\docs\database\procedures_raw\sp_executor_assistencial_anamnese_salvar.json";"1,42";".json";"2026-06-28 21:47";"True"
"D:\AtendimentoOfflineAlpha\docs\database\procedures_raw\sp_executor_assistencial_atendimento_finalizar.json";"4,21";".json";"2026-06-28 21:47";"True"
"D:\AtendimentoOfflineAlpha\docs\database\procedures_raw\sp_executor_assistencial_atendimento_iniciar.json";"0,6";".json";"2026-06-28 21:47";"True"
"D:\AtendimentoOfflineAlpha\docs\database\procedures_raw\sp_executor_assistencial_evolucao_salvar.json";"1,81";".json";"2026-06-28 21:47";"True"
"D:\AtendimentoOfflineAlpha\docs\database\procedures_raw\sp_executor_assistencial_runtime.json";"1,25";".json";"2026-06-28 21:47";"True"
"D:\AtendimentoOfflineAlpha\docs\database\procedures_raw\sp_executor_assistencial_triagem_finalizar.json";"0,87";".json";"2026-06-28 21:47";"True"
"D:\AtendimentoOfflineAlpha\docs\database\procedures_raw\sp_executor_assistencial_triagem_iniciar.json";"0,58";".json";"2026-06-28 21:47";"True"
"D:\AtendimentoOfflineAlpha\docs\database\procedures_raw\sp_executor_assistencial_triagem_salvar.json";"3,68";".json";"2026-06-28 21:47";"True"
"D:\AtendimentoOfflineAlpha\docs\database\procedures_raw\sp_executor_cadastro_paciente_salvar.json";"1,15";".json";"2026-06-28 21:47";"True"
"D:\AtendimentoOfflineAlpha\docs\database\procedures_raw\sp_executor_estoque_runtime.json";"5,86";".json";"2026-06-28 21:47";"True"
"D:\AtendimentoOfflineAlpha\docs\database\procedures_raw\sp_executor_faturamento_runtime.json";"4,77";".json";"2026-06-28 21:47";"True"
"D:\AtendimentoOfflineAlpha\docs\database\procedures_raw\sp_executor_fila_runtime.json";"1,98";".json";"2026-06-28 21:47";"True"
"D:\AtendimentoOfflineAlpha\docs\database\procedures_raw\sp_executor_manchester_runtime.json";"2,86";".json";"2026-06-28 21:47";"True"
"D:\AtendimentoOfflineAlpha\docs\database\procedures_raw\sp_executor_recepcao_abrir_atendimento.json";"1,24";".json";"2026-06-28 21:47";"True"
"D:\AtendimentoOfflineAlpha\docs\database\procedures_raw\sp_farm_dispensacao_criar.json";"1,83";".json";"2026-06-28 21:47";"True"
"D:\AtendimentoOfflineAlpha\docs\database\procedures_raw\sp_farm_dispensacao_registrar.json";"2,73";".json";"2026-06-28 21:47";"True"
"D:\AtendimentoOfflineAlpha\docs\database\procedures_raw\sp_farm_reserva_confirmar.json";"2,22";".json";"2026-06-28 21:47";"True"
"D:\AtendimentoOfflineAlpha\docs\database\procedures_raw\sp_farmacia_dispensar_registrar.json";"2,27";".json";"2026-06-28 21:47";"True"
"D:\AtendimentoOfflineAlpha\docs\database\procedures_raw\sp_ffa_adicionar_item.json";"2,11";".json";"2026-06-28 21:47";"True"
"D:\AtendimentoOfflineAlpha\docs\database\procedures_raw\sp_ffa_gpat_garantir.json";"1,93";".json";"2026-06-28 21:47";"True"
"D:\AtendimentoOfflineAlpha\docs\database\procedures_raw\sp_ffa_gpat_gerar.json";"2,31";".json";"2026-06-28 21:47";"True"
"D:\AtendimentoOfflineAlpha\docs\database\procedures_raw\sp_ffa_orquestrador_transicao.json";"1,97";".json";"2026-06-28 21:47";"True"
"D:\AtendimentoOfflineAlpha\docs\database\procedures_raw\sp_fila_chamar_proxima.json";"2,13";".json";"2026-06-28 21:47";"True"
"D:\AtendimentoOfflineAlpha\docs\database\procedures_raw\sp_fila_finalizar.json";"1,5";".json";"2026-06-28 21:47";"True"
"D:\AtendimentoOfflineAlpha\docs\database\procedures_raw\sp_fila_tipo_por_local.json";"2,03";".json";"2026-06-28 21:47";"True"
"D:\AtendimentoOfflineAlpha\docs\database\procedures_raw\sp_finalizar_procedimento_ecg.json";"0,4";".json";"2026-06-28 21:47";"True"
"D:\AtendimentoOfflineAlpha\docs\database\procedures_raw\sp_finalizar_procedimento_geral.json";"3,35";".json";"2026-06-28 21:47";"True"
"D:\AtendimentoOfflineAlpha\docs\database\procedures_raw\sp_finalizar_procedimento_laboratorio.json";"1,8";".json";"2026-06-28 21:47";"True"
"D:\AtendimentoOfflineAlpha\docs\database\procedures_raw\sp_finalizar_senha.json";"0,74";".json";"2026-06-28 21:47";"True"
"D:\AtendimentoOfflineAlpha\docs\database\procedures_raw\sp_fix_columns_entidade.json";"0,91";".json";"2026-06-28 21:47";"True"
"D:\AtendimentoOfflineAlpha\docs\database\procedures_raw\sp_fix_fk_unidade.json";"4,07";".json";"2026-06-28 21:47";"True"
"D:\AtendimentoOfflineAlpha\docs\database\procedures_raw\sp_fluxo_estoque.json";"3,55";".json";"2026-06-28 21:47";"True"
"D:\AtendimentoOfflineAlpha\docs\database\procedures_raw\sp_fluxo_executor_matriz.json";"1,57";".json";"2026-06-28 21:47";"True"
"D:\AtendimentoOfflineAlpha\docs\database\procedures_raw\sp_fluxo_guardiao_transicao.json";"3,16";".json";"2026-06-28 21:47";"True"
"D:\AtendimentoOfflineAlpha\docs\database\procedures_raw\sp_fluxo_verificar_autorizacao.json";"0,75";".json";"2026-06-28 21:47";"True"
"D:\AtendimentoOfflineAlpha\docs\database\procedures_raw\sp_gatekeeper_assistencial.json";"1,43";".json";"2026-06-28 21:47";"True"
"D:\AtendimentoOfflineAlpha\docs\database\procedures_raw\sp_gera_protocolo_lab.json";"5,33";".json";"2026-06-28 21:47";"True"
"D:\AtendimentoOfflineAlpha\docs\database\procedures_raw\sp_guardiao_absoluto.json";"0,6";".json";"2026-06-28 21:47";"True"
"D:\AtendimentoOfflineAlpha\docs\database\procedures_raw\sp_guardiao_runtime_assert.json";"0,78";".json";"2026-06-28 21:47";"True"
"D:\AtendimentoOfflineAlpha\docs\database\procedures_raw\sp_guardiao_runtime_decidir.json";"0,63";".json";"2026-06-28 21:47";"True"
"D:\AtendimentoOfflineAlpha\docs\database\procedures_raw\sp_guardiao_runtime_final.json";"1,24";".json";"2026-06-28 21:47";"True"
"D:\AtendimentoOfflineAlpha\docs\database\procedures_raw\sp_iniciar_execucao_procedimento_rx.json";"2,57";".json";"2026-06-28 21:47";"True"
"D:\AtendimentoOfflineAlpha\docs\database\procedures_raw\sp_internacao_registrar_evasao.json";"0,98";".json";"2026-06-28 21:47";"True"
"D:\AtendimentoOfflineAlpha\docs\database\procedures_raw\sp_invariant_engine.json";"0,83";".json";"2026-06-28 21:47";"True"
"D:\AtendimentoOfflineAlpha\docs\database\procedures_raw\sp_kernel_cleanup_expired.json";"0,93";".json";"2026-06-28 21:47";"True"
"D:\AtendimentoOfflineAlpha\docs\database\procedures_raw\sp_kernel_identity_chain_register.json";"1,1";".json";"2026-06-28 21:47";"True"
"D:\AtendimentoOfflineAlpha\docs\database\procedures_raw\sp_kernel_runtime_heartbeat.json";"1,73";".json";"2026-06-28 21:47";"True"
"D:\AtendimentoOfflineAlpha\docs\database\procedures_raw\sp_kernel_writer_lock.json";"0,8";".json";"2026-06-28 21:47";"True"
"D:\AtendimentoOfflineAlpha\docs\database\procedures_raw\sp_kernel_writer_unlock.json";"0,29";".json";"2026-06-28 21:47";"True"
"D:\AtendimentoOfflineAlpha\docs\database\procedures_raw\sp_lab_protocolo_criar_ou_mapear.json";"4,36";".json";"2026-06-28 21:47";"True"
"D:\AtendimentoOfflineAlpha\docs\database\procedures_raw\sp_laboratorio_protocolo_evento_add.json";"2,27";".json";"2026-06-28 21:47";"True"
"D:\AtendimentoOfflineAlpha\docs\database\procedures_raw\sp_ledger_evento_log.json";"0,83";".json";"2026-06-28 21:47";"True"
"D:\AtendimentoOfflineAlpha\docs\database\procedures_raw\sp_ledger_registrar_evento.json";"2,23";".json";"2026-06-28 21:47";"True"
"D:\AtendimentoOfflineAlpha\docs\database\procedures_raw\sp_local_operacional_seed_padrao.json";"7,85";".json";"2026-06-28 21:47";"True"
"D:\AtendimentoOfflineAlpha\docs\database\procedures_raw\sp_master_admin_gerenciar_usuarios.json";"4,46";".json";"2026-06-28 21:47";"True"
"D:\AtendimentoOfflineAlpha\docs\database\procedures_raw\sp_master_administracao_medicacao_ordem.json";"4,36";".json";"2026-06-28 21:47";"True"
"D:\AtendimentoOfflineAlpha\docs\database\procedures_raw\sp_master_administracao_medicacao.json";"4,15";".json";"2026-06-28 21:47";"True"
"D:\AtendimentoOfflineAlpha\docs\database\procedures_raw\sp_master_agenda_disponibilidade.json";"3,16";".json";"2026-06-28 21:47";"True"
"D:\AtendimentoOfflineAlpha\docs\database\procedures_raw\sp_master_agendamento_eventos.json";"3,83";".json";"2026-06-28 21:47";"True"
"D:\AtendimentoOfflineAlpha\docs\database\procedures_raw\sp_master_alerta_consumo.json";"3,78";".json";"2026-06-28 21:47";"True"
"D:\AtendimentoOfflineAlpha\docs\database\procedures_raw\sp_master_assistencial_salvar_orquestradora.json";"4,52";".json";"2026-06-28 21:47";"True"
"D:\AtendimentoOfflineAlpha\docs\database\procedures_raw\sp_master_atendimento_cancelar.json";"3,51";".json";"2026-06-28 21:47";"True"
"D:\AtendimentoOfflineAlpha\docs\database\procedures_raw\sp_master_atendimento_finalizar.json";"3,51";".json";"2026-06-28 21:47";"True"
"D:\AtendimentoOfflineAlpha\docs\database\procedures_raw\sp_master_atendimento_iniciar.json";"2,91";".json";"2026-06-28 21:47";"True"
"D:\AtendimentoOfflineAlpha\docs\database\procedures_raw\sp_master_atendimento_transicionar.json";"3,61";".json";"2026-06-28 21:47";"True"
"D:\AtendimentoOfflineAlpha\docs\database\procedures_raw\sp_master_atendimento.json";"4,31";".json";"2026-06-28 21:47";"True"
"D:\AtendimentoOfflineAlpha\docs\database\procedures_raw\sp_master_cancelar_administracao_medicacao.json";"3,84";".json";"2026-06-28 21:47";"True"
"D:\AtendimentoOfflineAlpha\docs\database\procedures_raw\sp_master_chamar_senha.json";"4,72";".json";"2026-06-28 21:47";"True"
"D:\AtendimentoOfflineAlpha\docs\database\procedures_raw\sp_master_dispatcher.json";"5,04";".json";"2026-06-28 21:47";"True"
"D:\AtendimentoOfflineAlpha\docs\database\procedures_raw\sp_master_ffa_movimentar.json";"1,07";".json";"2026-06-28 21:47";"True"
"D:\AtendimentoOfflineAlpha\docs\database\procedures_raw\sp_master_login.json";"7,9";".json";"2026-06-28 21:47";"True"
"D:\AtendimentoOfflineAlpha\docs\database\procedures_raw\sp_master_orquestradora.json";"3,99";".json";"2026-06-28 21:47";"True"
"D:\AtendimentoOfflineAlpha\docs\database\procedures_raw\sp_master_paciente.json";"4,89";".json";"2026-06-28 21:47";"True"
"D:\AtendimentoOfflineAlpha\docs\database\procedures_raw\sp_master_query_dispatcher.json";"4,5";".json";"2026-06-28 21:47";"True"
"D:\AtendimentoOfflineAlpha\docs\database\procedures_raw\sp_master_registrar_administracao_medicacao.json";"3,76";".json";"2026-06-28 21:47";"True"
"D:\AtendimentoOfflineAlpha\docs\database\procedures_raw\sp_master_registrar_alerta.json";"3,58";".json";"2026-06-28 21:47";"True"
"D:\AtendimentoOfflineAlpha\docs\database\procedures_raw\sp_master_registrar_erro.json";"1,42";".json";"2026-06-28 21:47";"True"
"D:\AtendimentoOfflineAlpha\docs\database\procedures_raw\sp_master_registrar_evento.json";"2,71";".json";"2026-06-28 21:47";"True"
"D:\AtendimentoOfflineAlpha\docs\database\procedures_raw\sp_master_routes.json";"5,94";".json";"2026-06-28 21:47";"True"
"D:\AtendimentoOfflineAlpha\docs\database\procedures_raw\sp_master_senha_emitir.json";"3,37";".json";"2026-06-28 21:47";"True"
"D:\AtendimentoOfflineAlpha\docs\database\procedures_raw\sp_master_senha_recepcao.json";"3,86";".json";"2026-06-28 21:47";"True"
"D:\AtendimentoOfflineAlpha\docs\database\procedures_raw\sp_master_vincular_atendimento_paciente.json";"3,46";".json";"2026-06-28 21:47";"True"
"D:\AtendimentoOfflineAlpha\docs\database\procedures_raw\sp_medicacao_cancelar.json";"2,69";".json";"2026-06-28 21:47";"True"
"D:\AtendimentoOfflineAlpha\docs\database\procedures_raw\sp_medicacao_complementar.json";"2,35";".json";"2026-06-28 21:47";"True"
"D:\AtendimentoOfflineAlpha\docs\database\procedures_raw\sp_medicacao_em_execucao_obs.json";"3,75";".json";"2026-06-28 21:47";"True"
"D:\AtendimentoOfflineAlpha\docs\database\procedures_raw\sp_medicacao_finalizar.json";"1,42";".json";"2026-06-28 21:47";"True"
"D:\AtendimentoOfflineAlpha\docs\database\procedures_raw\sp_medicacao_marcar_executado.json";"2,74";".json";"2026-06-28 21:47";"True"
"D:\AtendimentoOfflineAlpha\docs\database\procedures_raw\sp_medicacao_nao_respondeu.json";"2,55";".json";"2026-06-28 21:47";"True"
"D:\AtendimentoOfflineAlpha\docs\database\procedures_raw\sp_medico_encaminhar.json";"1,48";".json";"2026-06-28 21:47";"True"
"D:\AtendimentoOfflineAlpha\docs\database\procedures_raw\sp_medico_finalizar.json";"1,4";".json";"2026-06-28 21:47";"True"
"D:\AtendimentoOfflineAlpha\docs\database\procedures_raw\sp_medico_marcar_retorno.json";"0,49";".json";"2026-06-28 21:47";"True"
"D:\AtendimentoOfflineAlpha\docs\database\procedures_raw\sp_motor_manchester_runtime.json";"1,87";".json";"2026-06-28 21:47";"True"
"D:\AtendimentoOfflineAlpha\docs\database\procedures_raw\sp_nome_operacao.json";"0,88";".json";"2026-06-28 21:47";"True"
"D:\AtendimentoOfflineAlpha\docs\database\procedures_raw\sp_operacao_encaminhar.json";"4,21";".json";"2026-06-28 21:47";"True"
"D:\AtendimentoOfflineAlpha\docs\database\procedures_raw\sp_oraculo_assistencial.json";"1,36";".json";"2026-06-28 21:47";"True"
"D:\AtendimentoOfflineAlpha\docs\database\procedures_raw\sp_orquestrador_assistencial.json";"2";".json";"2026-06-28 21:47";"True"
"D:\AtendimentoOfflineAlpha\docs\database\procedures_raw\sp_paciente_cns_set.json";"2,3";".json";"2026-06-28 21:47";"True"
"D:\AtendimentoOfflineAlpha\docs\database\procedures_raw\sp_painel_cancelar_senha.json";"2,57";".json";"2026-06-28 21:47";"True"
"D:\AtendimentoOfflineAlpha\docs\database\procedures_raw\sp_painel_chamar_senha.json";"2,38";".json";"2026-06-28 21:47";"True"
"D:\AtendimentoOfflineAlpha\docs\database\procedures_raw\sp_painel_config_set.json";"6,36";".json";"2026-06-28 21:47";"True"
"D:\AtendimentoOfflineAlpha\docs\database\procedures_raw\sp_painel_filtro_locais_seed.json";"3,25";".json";"2026-06-28 21:47";"True"
"D:\AtendimentoOfflineAlpha\docs\database\procedures_raw\sp_painel_inserir_senha.json";"2,16";".json";"2026-06-28 21:47";"True"
"D:\AtendimentoOfflineAlpha\docs\database\procedures_raw\sp_painel_seed_especialidades.json";"8,65";".json";"2026-06-28 21:47";"True"
"D:\AtendimentoOfflineAlpha\docs\database\procedures_raw\sp_patch_log.json";"0,48";".json";"2026-06-28 21:47";"True"
"D:\AtendimentoOfflineAlpha\docs\database\procedures_raw\sp_patch_permissao.json";"1,41";".json";"2026-06-28 21:47";"True"
"D:\AtendimentoOfflineAlpha\docs\database\procedures_raw\sp_patch_usuario_fk_idx.json";"0,98";".json";"2026-06-28 21:47";"True"
"D:\AtendimentoOfflineAlpha\docs\database\procedures_raw\sp_pdv_venda_criar.json";"2,37";".json";"2026-06-28 21:47";"True"
"D:\AtendimentoOfflineAlpha\docs\database\procedures_raw\sp_pedido_medico_criar.json";"1,91";".json";"2026-06-28 21:47";"True"
"D:\AtendimentoOfflineAlpha\docs\database\procedures_raw\sp_pedido_medico_item_add.json";"3,44";".json";"2026-06-28 21:47";"True"
"D:\AtendimentoOfflineAlpha\docs\database\procedures_raw\sp_permissao_assert.json";"0,51";".json";"2026-06-28 21:47";"True"
"D:\AtendimentoOfflineAlpha\docs\database\procedures_raw\sp_permissao_validar.json";"0,78";".json";"2026-06-28 21:47";"True"
"D:\AtendimentoOfflineAlpha\docs\database\procedures_raw\sp_procedimento_protocolo_criar.json";"3,65";".json";"2026-06-28 21:47";"True"
"D:\AtendimentoOfflineAlpha\docs\database\procedures_raw\sp_protocolo_emitir.json";"2,79";".json";"2026-06-28 21:47";"True"
"D:\AtendimentoOfflineAlpha\docs\database\procedures_raw\sp_raim_calcular.json";"1,78";".json";"2026-06-28 21:47";"True"
"D:\AtendimentoOfflineAlpha\docs\database\procedures_raw\sp_raise.json";"0,55";".json";"2026-06-28 21:47";"True"
"D:\AtendimentoOfflineAlpha\docs\database\procedures_raw\sp_recepcao_complementar_e_abrir_ffa.json";"1,03";".json";"2026-06-28 21:47";"True"
"D:\AtendimentoOfflineAlpha\docs\database\procedures_raw\sp_recepcao_encaminhar_ffa.json";"1,59";".json";"2026-06-28 21:47";"True"
"D:\AtendimentoOfflineAlpha\docs\database\procedures_raw\sp_recepcao_gerar_senha.json";"3,9";".json";"2026-06-28 21:47";"True"
"D:\AtendimentoOfflineAlpha\docs\database\procedures_raw\sp_recepcao_iniciar_complementacao.json";"0,57";".json";"2026-06-28 21:47";"True"
"D:\AtendimentoOfflineAlpha\docs\database\procedures_raw\sp_recepcao_nao_compareceu.json";"0,61";".json";"2026-06-28 21:47";"True"
"D:\AtendimentoOfflineAlpha\docs\database\procedures_raw\sp_rechamar_procedimento.json";"1,87";".json";"2026-06-28 21:47";"True"
"D:\AtendimentoOfflineAlpha\docs\database\procedures_raw\sp_reconciliar_runtime.json";"0,68";".json";"2026-06-28 21:47";"True"
"D:\AtendimentoOfflineAlpha\docs\database\procedures_raw\sp_recreate_fk_entidade.json";"1,05";".json";"2026-06-28 21:47";"True"
"D:\AtendimentoOfflineAlpha\docs\database\procedures_raw\sp_registrar_evento.json";"1,85";".json";"2026-06-28 21:47";"True"
"D:\AtendimentoOfflineAlpha\docs\database\procedures_raw\sp_retry_semantico_worker.json";"1,06";".json";"2026-06-28 21:47";"True"
"D:\AtendimentoOfflineAlpha\docs\database\procedures_raw\sp_runtime_clinico_exec.json";"0,65";".json";"2026-06-28 21:47";"True"
"D:\AtendimentoOfflineAlpha\docs\database\procedures_raw\sp_runtime_decision_engine.json";"1,52";".json";"2026-06-28 21:47";"True"
"D:\AtendimentoOfflineAlpha\docs\database\procedures_raw\sp_runtime_edge_executor.json";"1,55";".json";"2026-06-28 21:47";"True"
"D:\AtendimentoOfflineAlpha\docs\database\procedures_raw\sp_runtime_escudo_total.json";"1,04";".json";"2026-06-28 21:47";"True"
"D:\AtendimentoOfflineAlpha\docs\database\procedures_raw\sp_runtime_feedback.json";"0,81";".json";"2026-06-28 21:47";"True"
"D:\AtendimentoOfflineAlpha\docs\database\procedures_raw\sp_runtime_resiliente_execucao.json";"1";".json";"2026-06-28 21:47";"True"
"D:\AtendimentoOfflineAlpha\docs\database\procedures_raw\sp_rx_finalizar.json";"1,37";".json";"2026-06-28 21:47";"True"
"D:\AtendimentoOfflineAlpha\docs\database\procedures_raw\sp_schema_add_column_if_missing.json";"0,92";".json";"2026-06-28 21:47";"True"
"D:\AtendimentoOfflineAlpha\docs\database\procedures_raw\sp_schema_add_index_if_missing.json";"0,91";".json";"2026-06-28 21:47";"True"
"D:\AtendimentoOfflineAlpha\docs\database\procedures_raw\sp_seed_admin_root_runtime.json";"1,16";".json";"2026-06-28 21:47";"True"
"D:\AtendimentoOfflineAlpha\docs\database\procedures_raw\sp_seed_clinico_sintetico_hardcore.json";"0,7";".json";"2026-06-28 21:47";"True"
"D:\AtendimentoOfflineAlpha\docs\database\procedures_raw\sp_seed_dummy_funcionario_500.json";"0,66";".json";"2026-06-28 21:47";"True"
"D:\AtendimentoOfflineAlpha\docs\database\procedures_raw\sp_seed_dummy_paciente_500.json";"0,64";".json";"2026-06-28 21:47";"True"
"D:\AtendimentoOfflineAlpha\docs\database\procedures_raw\sp_seed_dummy_senha_fila_500.json";"0,72";".json";"2026-06-28 21:47";"True"
"D:\AtendimentoOfflineAlpha\docs\database\procedures_raw\sp_seed_dummy_usuarios_500.json";"0,66";".json";"2026-06-28 21:47";"True"
"D:\AtendimentoOfflineAlpha\docs\database\procedures_raw\sp_seed_runtime_assistencial.json";"0,55";".json";"2026-06-28 21:47";"True"
"D:\AtendimentoOfflineAlpha\docs\database\procedures_raw\sp_seed_runtime_funcionario_full.json";"1,41";".json";"2026-06-28 21:47";"True"
"D:\AtendimentoOfflineAlpha\docs\database\procedures_raw\sp_seed_saas_federado.json";"0,44";".json";"2026-06-28 21:47";"True"
"D:\AtendimentoOfflineAlpha\docs\database\procedures_raw\sp_senha_cancelar.json";"0,44";".json";"2026-06-28 21:47";"True"
"D:\AtendimentoOfflineAlpha\docs\database\procedures_raw\sp_senha_chamar_proxima.json";"1,07";".json";"2026-06-28 21:47";"True"
"D:\AtendimentoOfflineAlpha\docs\database\procedures_raw\sp_senha_chamar_setor.json";"1,15";".json";"2026-06-28 21:47";"True"
"D:\AtendimentoOfflineAlpha\docs\database\procedures_raw\sp_senha_chamar.json";"1,23";".json";"2026-06-28 21:47";"True"
"D:\AtendimentoOfflineAlpha\docs\database\procedures_raw\sp_senha_emitir.json";"1,11";".json";"2026-06-28 21:47";"True"
"D:\AtendimentoOfflineAlpha\docs\database\procedures_raw\sp_senha_finalizar.json";"0,44";".json";"2026-06-28 21:47";"True"
"D:\AtendimentoOfflineAlpha\docs\database\procedures_raw\sp_senha_iniciar_complementacao.json";"0,68";".json";"2026-06-28 21:47";"True"
"D:\AtendimentoOfflineAlpha\docs\database\procedures_raw\sp_senha_nao_atendida.json";"0,59";".json";"2026-06-28 21:47";"True"
"D:\AtendimentoOfflineAlpha\docs\database\procedures_raw\sp_senha_nao_compareceu.json";"1,35";".json";"2026-06-28 21:47";"True"
"D:\AtendimentoOfflineAlpha\docs\database\procedures_raw\sp_senha_rechamar.json";"0,4";".json";"2026-06-28 21:47";"True"
"D:\AtendimentoOfflineAlpha\docs\database\procedures_raw\sp_senha_retorno_reinserir.json";"0,67";".json";"2026-06-28 21:47";"True"
"D:\AtendimentoOfflineAlpha\docs\database\procedures_raw\sp_senha_transicionar_status.json";"1,68";".json";"2026-06-28 21:47";"True"
"D:\AtendimentoOfflineAlpha\docs\database\procedures_raw\sp_sequencia_proximo_numero.json";"0,64";".json";"2026-06-28 21:47";"True"
"D:\AtendimentoOfflineAlpha\docs\database\procedures_raw\sp_sessao_abrir.json";"2,14";".json";"2026-06-28 21:47";"True"
"D:\AtendimentoOfflineAlpha\docs\database\procedures_raw\sp_sessao_assert.json";"3,09";".json";"2026-06-28 21:47";"True"
"D:\AtendimentoOfflineAlpha\docs\database\procedures_raw\sp_sessao_contexto_get.json";"0,62";".json";"2026-06-28 21:47";"True"
"D:\AtendimentoOfflineAlpha\docs\database\procedures_raw\sp_sessao_contexto_set.json";"0,49";".json";"2026-06-28 21:47";"True"
"D:\AtendimentoOfflineAlpha\docs\database\procedures_raw\sp_sessao_encerrar.json";"0,93";".json";"2026-06-28 21:47";"True"
"D:\AtendimentoOfflineAlpha\docs\database\procedures_raw\sp_sessao_tem_permissao.json";"0,6";".json";"2026-06-28 21:47";"True"
"D:\AtendimentoOfflineAlpha\docs\database\procedures_raw\sp_sync_federado_executor.json";"0,91";".json";"2026-06-28 21:47";"True"
"D:\AtendimentoOfflineAlpha\docs\database\procedures_raw\sp_tenant_enforce_not_null.json";"2,06";".json";"2026-06-28 21:47";"True"
"D:\AtendimentoOfflineAlpha\docs\database\procedures_raw\sp_timeout_ffa.json";"1,39";".json";"2026-06-28 21:47";"True"
"D:\AtendimentoOfflineAlpha\docs\database\procedures_raw\sp_timeout_procedimento_rx.json";"1,39";".json";"2026-06-28 21:47";"True"
"D:\AtendimentoOfflineAlpha\docs\database\procedures_raw\sp_totem_gerar_senha.json";"3,67";".json";"2026-06-28 21:47";"True"
"D:\AtendimentoOfflineAlpha\docs\database\procedures_raw\sp_triagem_classificar_senha.json";"5,12";".json";"2026-06-28 21:47";"True"
"D:\AtendimentoOfflineAlpha\docs\database\procedures_raw\sp_triagem_finalizar.json";"1,4";".json";"2026-06-28 21:47";"True"
"D:\AtendimentoOfflineAlpha\docs\database\procedures_raw\sp_usuario_criar_contexto.json";"1,75";".json";"2026-06-28 21:47";"True"
"D:\AtendimentoOfflineAlpha\docs\database\procedures_raw\sp_usuario_definir_senha.json";"3,09";".json";"2026-06-28 21:47";"True"
"D:\AtendimentoOfflineAlpha\docs\database\procedures_raw\sp_usuario_hash_gerar.json";"1,36";".json";"2026-06-28 21:47";"True"
"D:\AtendimentoOfflineAlpha\docs\database\procedures_raw\sp_usuario_hash_verificar.json";"1,65";".json";"2026-06-28 21:47";"True"
"D:\AtendimentoOfflineAlpha\docs\database\procedures_raw\sp_usuario_log_acesso_registrar.json";"0,62";".json";"2026-06-28 21:47";"True"
"D:\AtendimentoOfflineAlpha\docs\database\procedures_raw\sp_usuario_possui_acesso_setor.json";"0,44";".json";"2026-06-28 21:47";"True"
"D:\AtendimentoOfflineAlpha\docs\database\procedures_raw\sp_usuario_refresh_token_emitir.json";"0,51";".json";"2026-06-28 21:47";"True"
"D:\AtendimentoOfflineAlpha\docs\database\procedures_raw\sp_usuario_refresh_token_revogar.json";"0,33";".json";"2026-06-28 21:47";"True"
"D:\AtendimentoOfflineAlpha\docs\database\procedures_raw\sp_usuario_refresh_token_validar.json";"0,63";".json";"2026-06-28 21:47";"True"
"D:\AtendimentoOfflineAlpha\docs\database\procedures_raw\sp_usuario_reset_senha_ti.json";"2,78";".json";"2026-06-28 21:47";"True"
"D:\AtendimentoOfflineAlpha\docs\database\procedures_raw\sp_usuario_tem_permissao.json";"0,52";".json";"2026-06-28 21:47";"True"
"D:\AtendimentoOfflineAlpha\docs\database\procedures_raw\sp_usuario_trocar_senha.json";"0,6";".json";"2026-06-28 21:47";"True"
"D:\AtendimentoOfflineAlpha\docs\database\procedures_raw\sp_usuario_vincular_local.json";"0,56";".json";"2026-06-28 21:47";"True"
"D:\AtendimentoOfflineAlpha\docs\database\procedures_raw\sp_usuario_vincular_sistema.json";"0,62";".json";"2026-06-28 21:47";"True"
"D:\AtendimentoOfflineAlpha\docs\database\procedures_raw\sp_usuario_vincular_unidade.json";"0,52";".json";"2026-06-28 21:47";"True"
"D:\AtendimentoOfflineAlpha\docs\database\procedures_raw\sp_validar_transicao_fluxo.json";"0,71";".json";"2026-06-28 21:47";"True"
"D:\AtendimentoOfflineAlpha\docs\database\procedures_raw\sp_worker_atendimento.json";"1,47";".json";"2026-06-28 21:47";"True"
"D:\AtendimentoOfflineAlpha\docs\database\procedures_raw\sp_workflow_ffa_rebuild.json";"1,6";".json";"2026-06-28 21:47";"True"
"D:\AtendimentoOfflineAlpha\docs\database\procedures_raw_texts\sp_executor_manchester_runtime.sql";"2,64";".sql";"2026-06-29 02:33";"True"
"D:\AtendimentoOfflineAlpha\docs\database\procedures_raw_texts\sp_executor_recepcao_abrir_atendimento.sql";"1,06";".sql";"2026-06-29 02:33";"True"
"D:\AtendimentoOfflineAlpha\docs\database\procedures_raw_texts\sp_farm_dispensacao_criar.sql";"1,67";".sql";"2026-06-29 02:33";"True"
"D:\AtendimentoOfflineAlpha\docs\database\procedures_raw_texts\sp_farm_dispensacao_registrar.sql";"2,55";".sql";"2026-06-29 02:33";"True"
"D:\AtendimentoOfflineAlpha\docs\database\procedures_raw_texts\sp_farm_reserva_confirmar.sql";"2,03";".sql";"2026-06-29 02:33";"True"
"D:\AtendimentoOfflineAlpha\docs\database\procedures_raw_texts\sp_farmacia_dispensar_registrar.sql";"2,09";".sql";"2026-06-29 02:33";"True"
"D:\AtendimentoOfflineAlpha\docs\database\procedures_raw_texts\sp_ffa_adicionar_item.sql";"1,92";".sql";"2026-06-29 02:33";"True"
"D:\AtendimentoOfflineAlpha\docs\database\procedures_raw_texts\sp_ffa_gpat_garantir.sql";"1,77";".sql";"2026-06-29 02:33";"True"
"D:\AtendimentoOfflineAlpha\docs\database\procedures_raw_texts\sp_ffa_gpat_gerar.sql";"2,14";".sql";"2026-06-29 02:33";"True"
"D:\AtendimentoOfflineAlpha\docs\database\procedures_raw_texts\sp_ffa_orquestrador_transicao.sql";"1,78";".sql";"2026-06-29 02:33";"True"
"D:\AtendimentoOfflineAlpha\docs\database\procedures_raw_texts\sp_fila_chamar_proxima.sql";"1,95";".sql";"2026-06-29 02:33";"True"
"D:\AtendimentoOfflineAlpha\docs\database\procedures_raw_texts\sp_fila_finalizar.sql";"1,36";".sql";"2026-06-29 02:33";"True"
"D:\AtendimentoOfflineAlpha\docs\database\procedures_raw_texts\sp_fila_tipo_por_local.sql";"1,87";".sql";"2026-06-29 02:33";"True"
"D:\AtendimentoOfflineAlpha\docs\database\procedures_raw_texts\sp_finalizar_procedimento_ecg.sql";"0,27";".sql";"2026-06-29 02:33";"True"
"D:\AtendimentoOfflineAlpha\docs\database\procedures_raw_texts\sp_finalizar_procedimento_geral.sql";"3,14";".sql";"2026-06-29 02:33";"True"
"D:\AtendimentoOfflineAlpha\docs\database\procedures_raw_texts\sp_finalizar_procedimento_laboratorio.sql";"1,62";".sql";"2026-06-29 02:33";"True"
"D:\AtendimentoOfflineAlpha\docs\database\procedures_raw_texts\sp_finalizar_senha.sql";"0,61";".sql";"2026-06-29 02:33";"True"
"D:\AtendimentoOfflineAlpha\docs\database\procedures_raw_texts\sp_fix_columns_entidade.sql";"0,77";".sql";"2026-06-29 02:33";"True"
"D:\AtendimentoOfflineAlpha\docs\database\procedures_raw_texts\sp_fix_fk_unidade.sql";"3,83";".sql";"2026-06-29 02:33";"True"
"D:\AtendimentoOfflineAlpha\docs\database\procedures_raw_texts\sp_fluxo_estoque.sql";"3,37";".sql";"2026-06-29 02:33";"True"
"D:\AtendimentoOfflineAlpha\docs\database\procedures_raw_texts\sp_fluxo_executor_matriz.sql";"1,4";".sql";"2026-06-29 02:33";"True"
"D:\AtendimentoOfflineAlpha\docs\database\procedures_raw_texts\sp_fluxo_guardiao_transicao.sql";"2,93";".sql";"2026-06-29 02:33";"True"
"D:\AtendimentoOfflineAlpha\docs\database\procedures_raw_texts\sp_fluxo_verificar_autorizacao.sql";"0,6";".sql";"2026-06-29 02:33";"True"
"D:\AtendimentoOfflineAlpha\docs\database\procedures_raw_texts\sp_gatekeeper_assistencial.sql";"1,25";".sql";"2026-06-29 02:33";"True"
"D:\AtendimentoOfflineAlpha\docs\database\procedures_raw_texts\sp_gera_protocolo_lab.sql";"5,08";".sql";"2026-06-29 02:33";"True"
"D:\AtendimentoOfflineAlpha\docs\database\tables\acompanhante.md";"2,84";".md";"2026-06-28 22:00";"True"
"D:\AtendimentoOfflineAlpha\docs\database\tables\administracao_medicacao_ordem.md";"3,41";".md";"2026-06-28 22:01";"True"
"D:\AtendimentoOfflineAlpha\docs\database\tables\administracao_medicacao.md";"3,15";".md";"2026-06-28 22:01";"True"
"D:\AtendimentoOfflineAlpha\docs\database\tables\agenda_disponibilidade.md";"5,02";".md";"2026-06-28 22:02";"True"
"D:\AtendimentoOfflineAlpha\docs\database\tables\agendamento.md";"5,85";".md";"2026-06-28 22:03";"True"
"D:\AtendimentoOfflineAlpha\docs\database\tables\agendamentos_eventos.md";"3,52";".md";"2026-06-28 22:04";"True"
"D:\AtendimentoOfflineAlpha\docs\database\tables\alerta_consumo.md";"3,54";".md";"2026-06-28 22:05";"True"
"D:\AtendimentoOfflineAlpha\docs\database\tables\alerta_destinatario.md";"4,07";".md";"2026-06-28 22:06";"True"
"D:\AtendimentoOfflineAlpha\docs\database\tables\alerta_regra.md";"3,28";".md";"2026-06-28 22:06";"True"
"D:\AtendimentoOfflineAlpha\docs\database\tables\alerta.md";"4,43";".md";"2026-06-28 22:05";"True"
"D:\AtendimentoOfflineAlpha\docs\database\tables\almoxarifado_central.md";"2,34";".md";"2026-06-28 22:07";"True"
"D:\AtendimentoOfflineAlpha\docs\database\tables\anamnese.md";"2,51";".md";"2026-06-28 22:07";"True"
"D:\AtendimentoOfflineAlpha\docs\database\tables\anotacao_enfermagem.md";"2,54";".md";"2026-06-28 22:08";"True"
"D:\AtendimentoOfflineAlpha\docs\database\tables\assinatura_digital_documentos.md";"2,2";".md";"2026-06-28 22:08";"True"
"D:\AtendimentoOfflineAlpha\docs\database\tables\assinatura_digital_prontuario.md";"2,78";".md";"2026-06-28 22:09";"True"
"D:\AtendimentoOfflineAlpha\docs\database\tables\assistencia_social_atendimento.md";"3,05";".md";"2026-06-28 22:09";"True"
"D:\AtendimentoOfflineAlpha\docs\database\tables\assistencia_social_evento.md";"3,2";".md";"2026-06-28 22:10";"True"
"D:\AtendimentoOfflineAlpha\docs\database\tables\assistencial_checkpoint_global.md";"3";".md";"2026-06-28 22:10";"True"
"D:\AtendimentoOfflineAlpha\docs\database\tables\assistencial_circuit_breaker.md";"2,44";".md";"2026-06-28 22:11";"True"
"D:\AtendimentoOfflineAlpha\docs\database\tables\assistencial_evento_hash.md";"2,33";".md";"2026-06-28 22:11";"True"
"D:\AtendimentoOfflineAlpha\docs\database\tables\assistencial_minipal_metric.md";"2,73";".md";"2026-06-28 22:12";"True"
"D:\AtendimentoOfflineAlpha\docs\database\tables\assistencial_quorum_clinico.md";"2,42";".md";"2026-06-28 22:12";"True"
"D:\AtendimentoOfflineAlpha\docs\database\tables\assistencial_raim_metric.md";"2,69";".md";"2026-06-28 22:13";"True"
"D:\AtendimentoOfflineAlpha\docs\database\tables\assistencial_runtime_federado.md";"3,06";".md";"2026-06-28 22:14";"True"
"D:\AtendimentoOfflineAlpha\docs\database\tables\assistencial_runtime_panel.md";"3,53";".md";"2026-06-28 22:14";"True"
"D:\AtendimentoOfflineAlpha\docs\database\tables\assistencial_simulacao_futura.md";"3,2";".md";"2026-06-28 22:15";"True"
"D:\AtendimentoOfflineAlpha\docs\database\tables\assistencial_snapshot_runtime.md";"2,95";".md";"2026-06-28 22:15";"True"
"D:\AtendimentoOfflineAlpha\docs\database\tables\assistencial_telemetria_runtime.md";"3,33";".md";"2026-06-28 22:16";"True"
"D:\AtendimentoOfflineAlpha\docs\database\tables\assistencial_watchdog_fila.md";"3,18";".md";"2026-06-28 22:16";"True"
"D:\AtendimentoOfflineAlpha\docs\database\tables\atendimento_anamnese.md";"3,94";".md";"2026-06-28 22:18";"True"
"D:\AtendimentoOfflineAlpha\docs\database\tables\atendimento_balanco_hidrico.md";"3,44";".md";"2026-06-28 22:18";"True"
"D:\AtendimentoOfflineAlpha\docs\database\tables\atendimento_checagem.md";"3,58";".md";"2026-06-28 22:19";"True"
"D:\AtendimentoOfflineAlpha\docs\database\tables\atendimento_desfecho.md";"3,09";".md";"2026-06-28 22:19";"True"
"D:\AtendimentoOfflineAlpha\docs\database\tables\atendimento_diagnostico.md";"3,12";".md";"2026-06-28 22:20";"True"
"D:\AtendimentoOfflineAlpha\docs\database\tables\atendimento_escalas_risco.md";"2,99";".md";"2026-06-28 22:20";"True"
"D:\AtendimentoOfflineAlpha\docs\database\tables\atendimento_estado_ativo.md";"3,91";".md";"2026-06-28 22:21";"True"
"D:\AtendimentoOfflineAlpha\docs\database\tables\atendimento_evento_ledger.md";"4,45";".md";"2026-06-28 22:23";"True"
"D:\AtendimentoOfflineAlpha\docs\database\tables\atendimento_evento.md";"4,63";".md";"2026-06-28 22:22";"True"
"D:\AtendimentoOfflineAlpha\docs\database\tables\atendimento_evolucao.md";"4,19";".md";"2026-06-28 22:23";"True"
"D:\AtendimentoOfflineAlpha\docs\database\tables\atendimento_exame_fisico.md";"3,73";".md";"2026-06-28 22:24";"True"
"D:\AtendimentoOfflineAlpha\docs\database\tables\atendimento_identidade_fluxo.md";"3,45";".md";"2026-06-28 22:24";"True"
"D:\AtendimentoOfflineAlpha\docs\database\tables\atendimento_movimentacao.md";"3,21";".md";"2026-06-28 22:25";"True"
"D:\AtendimentoOfflineAlpha\docs\database\tables\atendimento_observacao.md";"3,39";".md";"2026-06-28 22:25";"True"
"D:\AtendimentoOfflineAlpha\docs\database\tables\atendimento_pedidos_exame.md";"3,49";".md";"2026-06-28 22:26";"True"
"D:\AtendimentoOfflineAlpha\docs\database\tables\atendimento_pre_hospitalar.md";"3,34";".md";"2026-06-28 22:27";"True"
"D:\AtendimentoOfflineAlpha\docs\database\tables\atendimento_prescricao.md";"3,8";".md";"2026-06-28 22:27";"True"
"D:\AtendimentoOfflineAlpha\docs\database\tables\atendimento_profissional.md";"2,94";".md";"2026-06-28 22:28";"True"
"D:\AtendimentoOfflineAlpha\docs\database\tables\atendimento_recepcao.md";"3,61";".md";"2026-06-28 22:28";"True"
"D:\AtendimentoOfflineAlpha\docs\database\tables\atendimento_sinais_vitais.md";"3,63";".md";"2026-06-28 22:29";"True"
"D:\AtendimentoOfflineAlpha\docs\database\tables\atendimento_sumario_alta.md";"3,11";".md";"2026-06-29 01:56";"True"
"D:\AtendimentoOfflineAlpha\docs\database\tables\atendimento_transicao_ledger.md";"2,8";".md";"2026-06-29 01:57";"True"
"D:\AtendimentoOfflineAlpha\docs\database\tables\atendimento_triagem.md";"3,55";".md";"2026-06-29 01:57";"True"
"D:\AtendimentoOfflineAlpha\docs\database\tables\atendimento_vinculo.md";"2,36";".md";"2026-06-29 01:58";"True"
"D:\AtendimentoOfflineAlpha\docs\database\tables\atendimento.md";"6,27";".md";"2026-06-28 22:17";"True"
"D:\AtendimentoOfflineAlpha\docs\database\tables\auditoria_acesso.md";"2,58";".md";"2026-06-29 01:59";"True"
"D:\AtendimentoOfflineAlpha\docs\database\tables\auditoria_almoxarifado.md";"2,54";".md";"2026-06-29 02:00";"True"
"D:\AtendimentoOfflineAlpha\docs\database\tables\auditoria_contexto.md";"3,82";".md";"2026-06-29 02:01";"True"
"D:\AtendimentoOfflineAlpha\docs\database\tables\auditoria_erro.md";"2,07";".md";"2026-06-29 02:01";"True"
"D:\AtendimentoOfflineAlpha\docs\database\tables\auditoria_estoque_sanitario.md";"2,09";".md";"2026-06-29 02:03";"True"
"D:\AtendimentoOfflineAlpha\docs\database\tables\auditoria_estoque.md";"1,78";".md";"2026-06-29 02:02";"True"
"D:\AtendimentoOfflineAlpha\docs\database\tables\auditoria_evento.md";"2,42";".md";"2026-06-29 02:03";"True"
"D:\AtendimentoOfflineAlpha\docs\database\tables\auditoria_excecoes.md";"1,8";".md";"2026-06-29 02:04";"True"
"D:\AtendimentoOfflineAlpha\docs\database\tables\auditoria_ffa.md";"2,01";".md";"2026-06-29 02:04";"True"
"D:\AtendimentoOfflineAlpha\docs\database\tables\auditoria_fila.md";"1,79";".md";"2026-06-29 02:05";"True"
"D:\AtendimentoOfflineAlpha\docs\database\tables\auditoria_mestre.md";"2,42";".md";"2026-06-29 02:05";"True"
"D:\AtendimentoOfflineAlpha\docs\database\tables\auditoria_visualizacao_prontuario.md";"1,8";".md";"2026-06-29 02:06";"True"
"D:\AtendimentoOfflineAlpha\docs\database\tables\auth_audit.md";"2,32";".md";"2026-06-29 02:06";"True"
"D:\AtendimentoOfflineAlpha\docs\database\tables\auth_bloqueio.md";"2,67";".md";"2026-06-29 02:07";"True"
"D:\AtendimentoOfflineAlpha\docs\database\tables\auth_grupo_permissao.md";"2,06";".md";"2026-06-29 02:08";"True"
"D:\AtendimentoOfflineAlpha\docs\database\tables\auth_grupo_usuario.md";"2,31";".md";"2026-06-29 02:09";"True"
"D:\AtendimentoOfflineAlpha\docs\database\tables\auth_grupo.md";"2,14";".md";"2026-06-29 02:08";"True"
"D:\AtendimentoOfflineAlpha\docs\database\tables\auth_log.md";"2,38";".md";"2026-06-29 02:09";"True"
"D:\AtendimentoOfflineAlpha\docs\database\tables\auth_notificacao.md";"2,45";".md";"2026-06-29 02:10";"True"
"D:\AtendimentoOfflineAlpha\docs\database\tables\auth_parametro.md";"1,93";".md";"2026-06-29 02:10";"True"
"D:\AtendimentoOfflineAlpha\docs\database\tables\auth_sessao_dispositivo.md";"2,71";".md";"2026-06-29 02:12";"True"
"D:\AtendimentoOfflineAlpha\docs\database\tables\auth_sessao.md";"3,05";".md";"2026-06-29 02:11";"True"
"D:\AtendimentoOfflineAlpha\docs\database\tables\auth_tentativa_login.md";"2,11";".md";"2026-06-29 02:12";"True"
"D:\AtendimentoOfflineAlpha\docs\database\tables\auth_token.md";"2,57";".md";"2026-06-29 02:13";"True"
"D:\AtendimentoOfflineAlpha\docs\database\tables\caixa_evento.md";"1,75";".md";"2026-06-29 02:14";"True"
"D:\AtendimentoOfflineAlpha\docs\database\tables\caixa.md";"2,76";".md";"2026-06-29 02:13";"True"
"D:\AtendimentoOfflineAlpha\docs\database\tables\cat_acidente_trabalho_evento.md";"2,36";".md";"2026-06-29 02:15";"True"
"D:\AtendimentoOfflineAlpha\docs\database\tables\cat_acidente_trabalho.md";"3,43";".md";"2026-06-29 02:15";"True"
"D:\AtendimentoOfflineAlpha\docs\database\tables\cat_evento.md";"1,83";".md";"2026-06-29 02:16";"True"
"D:\AtendimentoOfflineAlpha\docs\database\tables\cat_notificacao.md";"2,91";".md";"2026-06-29 02:16";"True"
"D:\AtendimentoOfflineAlpha\docs\database\tables\cat_regra_item.md";"1,66";".md";"2026-06-29 02:17";"True"
"D:\AtendimentoOfflineAlpha\docs\database\tables\chamado_evento.md";"2,11";".md";"2026-06-29 02:18";"True"
"D:\AtendimentoOfflineAlpha\docs\database\tables\chamado_manutencao.md";"2,56";".md";"2026-06-29 02:19";"True"
"D:\AtendimentoOfflineAlpha\docs\database\tables\chamado.md";"3,49";".md";"2026-06-29 02:18";"True"
"D:\AtendimentoOfflineAlpha\docs\database\tables\cidade.md";"2,08";".md";"2026-06-29 02:19";"True"
"D:\AtendimentoOfflineAlpha\docs\database\tables\classificacao_risco.md";"1,72";".md";"2026-06-29 02:20";"True"
"D:\AtendimentoOfflineAlpha\docs\database\tables\cliente.md";"2";".md";"2026-06-29 02:20";"True"
"D:\AtendimentoOfflineAlpha\docs\database\tables\codigo_externo_map.md";"2,85";".md";"2026-06-29 02:21";"True"
"D:\AtendimentoOfflineAlpha\docs\database\tables\codigo_externo_vinculo.md";"2,21";".md";"2026-06-29 02:21";"True"
"D:\AtendimentoOfflineAlpha\docs\database\tables\codigo_prefixo_config.md";"2,63";".md";"2026-06-29 02:22";"True"
"D:\AtendimentoOfflineAlpha\docs\database\tables\codigo_prefixo_regra.md";"2,16";".md";"2026-06-29 02:23";"True"
"D:\AtendimentoOfflineAlpha\docs\database\tables\codigo_universal.md";"4,54";".md";"2026-06-29 02:24";"True"
"D:\AtendimentoOfflineAlpha\docs\database\tables\config_leitos.md";"2,11";".md";"2026-06-29 02:24";"True"
"D:\AtendimentoOfflineAlpha\docs\database\tables\config_locais.md";"1,83";".md";"2026-06-29 02:25";"True"
"D:\AtendimentoOfflineAlpha\docs\database\tables\config_sistema.md";"1,57";".md";"2026-06-29 02:26";"True"
"D:\AtendimentoOfflineAlpha\docs\database\tables\configuracao.md";"1,19";".md";"2026-06-29 02:26";"True"
"D:\AtendimentoOfflineAlpha\docs\database\tables\conselho_profissional.md";"1,63";".md";"2026-06-29 02:26";"True"
"D:\AtendimentoOfflineAlpha\docs\database\tables\consumo_insumo.md";"1,14";".md";"2026-06-28 22:33";"True"
"D:\AtendimentoOfflineAlpha\docs\database\tables\consumo_limpeza.md";"1,25";".md";"2026-06-28 22:33";"True"
"D:\AtendimentoOfflineAlpha\docs\database\tables\consumo_manutencao.md";"1,08";".md";"2026-06-28 22:33";"True"
"D:\AtendimentoOfflineAlpha\docs\database\tables\contexto_atendimento.md";"1,13";".md";"2026-06-28 22:33";"True"
"D:\AtendimentoOfflineAlpha\docs\database\tables\contrato.md";"0,87";".md";"2026-06-28 22:33";"True"
"D:\AtendimentoOfflineAlpha\docs\database\tables\coordenador_estado_global.md";"1,64";".md";"2026-06-28 22:33";"True"
"D:\AtendimentoOfflineAlpha\docs\database\tables\dispensacao_medicacao.md";"1,39";".md";"2026-06-28 22:33";"True"
"D:\AtendimentoOfflineAlpha\docs\database\tables\dispositivo_tipo.md";"1,16";".md";"2026-06-28 22:33";"True"
"D:\AtendimentoOfflineAlpha\docs\database\tables\dispositivo.md";"1,07";".md";"2026-06-28 22:33";"True"
"D:\AtendimentoOfflineAlpha\docs\database\tables\documento_arquivo.md";"1,3";".md";"2026-06-28 22:33";"True"
"D:\AtendimentoOfflineAlpha\docs\database\tables\documento_emissao_evento.md";"1,14";".md";"2026-06-28 22:33";"True"
"D:\AtendimentoOfflineAlpha\docs\database\tables\documento_emissao.md";"1,98";".md";"2026-06-28 22:33";"True"
"D:\AtendimentoOfflineAlpha\docs\database\tables\documento_tipo_config.md";"1,11";".md";"2026-06-28 22:33";"True"
"D:\AtendimentoOfflineAlpha\docs\database\tables\enfermagem_aprazamento.md";"1,31";".md";"2026-06-28 22:33";"True"
"D:\AtendimentoOfflineAlpha\docs\database\tables\enfermagem_diagnosticos.md";"1,07";".md";"2026-06-28 22:33";"True"
"D:\AtendimentoOfflineAlpha\docs\database\tables\enfermagem.md";"0,94";".md";"2026-06-28 22:33";"True"
"D:\AtendimentoOfflineAlpha\docs\database\tables\erro_catalogo.md";"1,03";".md";"2026-06-28 22:33";"True"
"D:\AtendimentoOfflineAlpha\docs\database\tables\erro_evento.md";"1,43";".md";"2026-06-28 22:33";"True"
"D:\AtendimentoOfflineAlpha\docs\database\tables\escala_medica.md";"1,18";".md";"2026-06-28 22:33";"True"
"D:\AtendimentoOfflineAlpha\docs\database\tables\escala_plantao_atual.md";"1,21";".md";"2026-06-28 22:33";"True"
"D:\AtendimentoOfflineAlpha\docs\database\tables\escala_plantao.md";"1,55";".md";"2026-06-28 22:33";"True"
"D:\AtendimentoOfflineAlpha\docs\database\tables\escala_profissional.md";"1,73";".md";"2026-06-28 22:33";"True"
"D:\AtendimentoOfflineAlpha\docs\database\tables\especialidade.md";"1,02";".md";"2026-06-28 22:33";"True"
"D:\AtendimentoOfflineAlpha\docs\database\tables\estoque_alerta.md";"1,09";".md";"2026-06-28 22:33";"True"
"D:\AtendimentoOfflineAlpha\docs\database\tables\estoque_almoxarifado_central.md";"1,15";".md";"2026-06-28 22:33";"True"
"D:\AtendimentoOfflineAlpha\docs\database\tables\estoque_audit_stream.md";"1,14";".md";"2026-06-28 22:33";"True"
"D:\AtendimentoOfflineAlpha\docs\database\tables\estoque_conciliacao_atomica.md";"1,53";".md";"2026-06-28 22:33";"True"
"D:\AtendimentoOfflineAlpha\docs\database\tables\estoque_conta.md";"0,94";".md";"2026-06-28 22:33";"True"
"D:\AtendimentoOfflineAlpha\docs\database\tables\estoque_documento_execucao.md";"1,68";".md";"2026-06-28 22:33";"True"
"D:\AtendimentoOfflineAlpha\docs\database\tables\estoque_evento_confirmacao.md";"1,35";".md";"2026-06-28 22:33";"True"
"D:\AtendimentoOfflineAlpha\docs\database\tables\estoque_execucao_pipeline.md";"0,94";".md";"2026-06-28 22:33";"True"
"D:\AtendimentoOfflineAlpha\docs\database\tables\estoque_execucao.md";"0,93";".md";"2026-06-28 22:33";"True"
"D:\AtendimentoOfflineAlpha\docs\database\tables\estoque_fluxo_assistencial.md";"1,3";".md";"2026-06-28 22:33";"True"
"D:\AtendimentoOfflineAlpha\docs\database\tables\estoque_inventario_item.md";"1,2";".md";"2026-06-28 22:33";"True"
"D:\AtendimentoOfflineAlpha\docs\database\tables\estoque_inventario.md";"1,32";".md";"2026-06-28 22:33";"True"
"D:\AtendimentoOfflineAlpha\docs\database\tables\estoque_item.md";"1,39";".md";"2026-06-28 22:33";"True"
"D:\AtendimentoOfflineAlpha\docs\database\tables\estoque_ledger.md";"1,45";".md";"2026-06-28 22:33";"True"
"D:\AtendimentoOfflineAlpha\docs\database\tables\estoque_local.md";"1,44";".md";"2026-06-28 22:33";"True"
"D:\AtendimentoOfflineAlpha\docs\database\tables\estoque_lote_snapshot.md";"1,56";".md";"2026-06-28 22:33";"True"
"D:\AtendimentoOfflineAlpha\docs\database\tables\estoque_lote.md";"0,99";".md";"2026-06-28 22:33";"True"
"D:\AtendimentoOfflineAlpha\docs\database\tables\estoque_movimentacao_itens.md";"1,04";".md";"2026-06-28 22:33";"True"
"D:\AtendimentoOfflineAlpha\docs\database\tables\estoque_movimentacao.md";"1,48";".md";"2026-06-28 22:33";"True"
"D:\AtendimentoOfflineAlpha\docs\database\tables\estoque_movimento_item.md";"1,32";".md";"2026-06-28 22:33";"True"
"D:\AtendimentoOfflineAlpha\docs\database\tables\estoque_movimento.md";"1,9";".md";"2026-06-28 22:33";"True"
"D:\AtendimentoOfflineAlpha\docs\database\tables\estoque_pipeline_estado.md";"0,98";".md";"2026-06-28 22:33";"True"
"D:\AtendimentoOfflineAlpha\docs\database\tables\estoque_produto_codigo_externo.md";"1,27";".md";"2026-06-28 22:33";"True"
"D:\AtendimentoOfflineAlpha\docs\database\tables\estoque_produto.md";"2,01";".md";"2026-06-28 22:33";"True"
"D:\AtendimentoOfflineAlpha\docs\database\tables\estoque_reserva_evento.md";"1,3";".md";"2026-06-28 22:33";"True"
"D:\AtendimentoOfflineAlpha\docs\database\tables\estoque_reserva.md";"2";".md";"2026-06-28 22:33";"True"
"D:\AtendimentoOfflineAlpha\docs\database\tables\estoque_saldo_central.md";"3,15";".md";"2026-06-28 23:34";"True"
"D:\AtendimentoOfflineAlpha\docs\database\tables\estoque_saldo_master.md";"3,16";".md";"2026-06-28 23:34";"True"
"D:\AtendimentoOfflineAlpha\docs\database\tables\estoque_saldo.md";"1,4";".md";"2026-06-28 22:33";"True"
"D:\AtendimentoOfflineAlpha\docs\database\tables\evento_ffa.md";"3,14";".md";"2026-06-28 23:34";"True"
"D:\AtendimentoOfflineAlpha\docs\database\tables\evento_geral.md";"2,11";".md";"2026-06-28 23:34";"True"
"D:\AtendimentoOfflineAlpha\docs\database\tables\evento_limpeza.md";"1,6";".md";"2026-06-28 23:34";"True"
"D:\AtendimentoOfflineAlpha\docs\database\tables\eventos_fluxo.md";"1,96";".md";"2026-06-28 23:34";"True"
"D:\AtendimentoOfflineAlpha\docs\database\tables\evolucao_enfermagem.md";"2,17";".md";"2026-06-28 23:34";"True"
"D:\AtendimentoOfflineAlpha\docs\database\tables\evolucao_medica.md";"2,1";".md";"2026-06-28 23:34";"True"
"D:\AtendimentoOfflineAlpha\docs\database\tables\evolucao_multidisciplinar.md";"1,99";".md";"2026-06-28 23:34";"True"
"D:\AtendimentoOfflineAlpha\docs\database\tables\exame_fisico.md";"1,75";".md";"2026-06-28 23:34";"True"
"D:\AtendimentoOfflineAlpha\docs\database\tables\exame_historico.md";"1,78";".md";"2026-06-28 23:34";"True"
"D:\AtendimentoOfflineAlpha\docs\database\tables\exame_pedido_item.md";"1,83";".md";"2026-06-28 23:34";"True"
"D:\AtendimentoOfflineAlpha\docs\database\tables\exame_pedido.md";"1,95";".md";"2026-06-28 23:34";"True"
"D:\AtendimentoOfflineAlpha\docs\database\tables\exame.md";"1,57";".md";"2026-06-28 23:34";"True"
"D:\AtendimentoOfflineAlpha\docs\database\tables\farm_atendimento_externo.md";"3,04";".md";"2026-06-28 23:34";"True"
"D:\AtendimentoOfflineAlpha\docs\database\tables\farm_convenio_autorizacao.md";"1,85";".md";"2026-06-28 23:34";"True"
"D:\AtendimentoOfflineAlpha\docs\database\tables\farm_dispensacao_item.md";"2,52";".md";"2026-06-28 23:34";"True"
"D:\AtendimentoOfflineAlpha\docs\database\tables\farm_dispensacao.md";"2,17";".md";"2026-06-28 23:34";"True"
"D:\AtendimentoOfflineAlpha\docs\database\tables\farm_operacao.md";"1,54";".md";"2026-06-28 23:34";"True"
"D:\AtendimentoOfflineAlpha\docs\database\tables\farm_receita_controlada.md";"3,34";".md";"2026-06-28 23:34";"True"
"D:\AtendimentoOfflineAlpha\docs\database\tables\farmacia_atendimento_externo_dispensacao.md";"4,07";".md";"2026-06-28 23:34";"True"
"D:\AtendimentoOfflineAlpha\docs\database\tables\farmacia_atendimento_externo_item.md";"2,91";".md";"2026-06-28 23:34";"True"
"D:\AtendimentoOfflineAlpha\docs\database\tables\farmacia_dispensacao_log.md";"2,59";".md";"2026-06-28 23:34";"True"
"D:\AtendimentoOfflineAlpha\docs\database\tables\farmacia_externo_evento.md";"1,54";".md";"2026-06-28 23:34";"True"
"D:\AtendimentoOfflineAlpha\docs\database\tables\farmaco_auditoria_bloqueio.md";"1,75";".md";"2026-06-28 23:34";"True"
"D:\AtendimentoOfflineAlpha\docs\database\tables\farmaco_auditoria.md";"1,82";".md";"2026-06-28 23:34";"True"
"D:\AtendimentoOfflineAlpha\docs\database\tables\farmaco_movimentacao.md";"2,71";".md";"2026-06-28 23:34";"True"
"D:\AtendimentoOfflineAlpha\docs\database\tables\farmaco_unidade.md";"1,81";".md";"2026-06-28 23:34";"True"
"D:\AtendimentoOfflineAlpha\docs\database\tables\faturamento_codigo.md";"2,2";".md";"2026-06-28 23:34";"True"
"D:\AtendimentoOfflineAlpha\docs\database\tables\faturamento_conta_item.md";"1,23";".md";"2026-06-28 23:34";"True"
"D:\AtendimentoOfflineAlpha\docs\database\tables\faturamento_conta_paciente.md";"1,7";".md";"2026-06-28 23:34";"True"
"D:\AtendimentoOfflineAlpha\docs\database\tables\faturamento_conta_seq.md";"1,25";".md";"2026-06-28 23:34";"True"
"D:\AtendimentoOfflineAlpha\docs\database\tables\faturamento_conta.md";"3,88";".md";"2026-06-28 23:34";"True"
"D:\AtendimentoOfflineAlpha\docs\database\tables\faturamento_convenio.md";"1,82";".md";"2026-06-28 23:34";"True"
"D:\AtendimentoOfflineAlpha\docs\database\tables\faturamento_convenios.md";"1,41";".md";"2026-06-28 23:34";"True"
"D:\AtendimentoOfflineAlpha\docs\database\tables\faturamento_evento.md";"2,01";".md";"2026-06-28 23:34";"True"
"D:\AtendimentoOfflineAlpha\docs\database\tables\faturamento_insumo.md";"1,6";".md";"2026-06-28 23:34";"True"
"D:\AtendimentoOfflineAlpha\docs\database\tables\faturamento_item.md";"3,85";".md";"2026-06-28 23:34";"True"
"D:\AtendimentoOfflineAlpha\docs\database\tables\faturamento_producao_sus.md";"1,74";".md";"2026-06-28 23:34";"True"
"D:\AtendimentoOfflineAlpha\docs\database\tables\faturamento_producao.md";"1,71";".md";"2026-06-28 23:34";"True"
"D:\AtendimentoOfflineAlpha\docs\database\tables\faturamento_regras_validacao.md";"1,61";".md";"2026-06-28 23:34";"True"
"D:\AtendimentoOfflineAlpha\docs\database\tables\faturamento_sigtap.md";"1,76";".md";"2026-06-28 23:34";"True"
"D:\AtendimentoOfflineAlpha\docs\database\tables\faturamento_sus_config.md";"1,46";".md";"2026-06-28 23:34";"True"
"D:\AtendimentoOfflineAlpha\docs\database\tables\ffa_demandas_externas.md";"1,82";".md";"2026-06-28 23:34";"True"
"D:\AtendimentoOfflineAlpha\docs\database\tables\ffa_diagnostico.md";"2,61";".md";"2026-06-28 23:34";"True"
"D:\AtendimentoOfflineAlpha\docs\database\tables\ffa_estado.md";"1,4";".md";"2026-06-28 23:34";"True"
"D:\AtendimentoOfflineAlpha\docs\database\tables\ffa_estoque_conciliacao.md";"1,56";".md";"2026-06-28 23:34";"True"
"D:\AtendimentoOfflineAlpha\docs\database\tables\ffa_evolucao.md";"2,42";".md";"2026-06-28 23:34";"True"
"D:\AtendimentoOfflineAlpha\docs\database\tables\ffa_extra.md";"1,69";".md";"2026-06-28 23:34";"True"
"D:\AtendimentoOfflineAlpha\docs\database\tables\ffa_historico_status.md";"1,59";".md";"2026-06-28 23:34";"True"
"D:\AtendimentoOfflineAlpha\docs\database\tables\ffa_item.md";"3,43";".md";"2026-06-28 23:50";"True"
"D:\AtendimentoOfflineAlpha\docs\database\tables\ffa_prioridade.md";"1,74";".md";"2026-06-28 23:50";"True"
"D:\AtendimentoOfflineAlpha\docs\database\tables\ffa_procedimento.md";"3,04";".md";"2026-06-28 23:51";"True"
"D:\AtendimentoOfflineAlpha\docs\database\tables\ffa_sinais_vitais.md";"3,97";".md";"2026-06-28 23:52";"True"
"D:\AtendimentoOfflineAlpha\docs\database\tables\ffa_substatus.md";"2,57";".md";"2026-06-28 23:52";"True"
"D:\AtendimentoOfflineAlpha\docs\database\tables\ffa.md";"2,92";".md";"2026-06-28 23:34";"True"
"D:\AtendimentoOfflineAlpha\docs\database\tables\fila_evento.md";"2,39";".md";"2026-06-28 23:53";"True"
"D:\AtendimentoOfflineAlpha\docs\database\tables\fila_operacional_evento.md";"2,35";".md";"2026-06-28 23:54";"True"
"D:\AtendimentoOfflineAlpha\docs\database\tables\fila_operacional.md";"4,3";".md";"2026-06-28 23:54";"True"
"D:\AtendimentoOfflineAlpha\docs\database\tables\fila_painel_runtime.md";"2,27";".md";"2026-06-28 23:55";"True"
"D:\AtendimentoOfflineAlpha\docs\database\tables\fila_retorno.md";"1,74";".md";"2026-06-28 23:56";"True"
"D:\AtendimentoOfflineAlpha\docs\database\tables\fila_senha.md";"1,6";".md";"2026-06-28 23:56";"True"
"D:\AtendimentoOfflineAlpha\docs\database\tables\financeiro_repasse_medico.md";"2,49";".md";"2026-06-28 23:57";"True"
"D:\AtendimentoOfflineAlpha\docs\database\tables\fluxo_orquestrador_canonico.md";"3,47";".md";"2026-06-28 23:58";"True"
"D:\AtendimentoOfflineAlpha\docs\database\tables\fluxo_status.md";"2,08";".md";"2026-06-28 23:58";"True"
"D:\AtendimentoOfflineAlpha\docs\database\tables\fluxo_transicao_matriz.md";"2,58";".md";"2026-06-29 00:00";"True"
"D:\AtendimentoOfflineAlpha\docs\database\tables\fluxo_transicao.md";"3,39";".md";"2026-06-28 23:59";"True"
"D:\AtendimentoOfflineAlpha\docs\database\tables\forma_pagamento.md";"1,57";".md";"2026-06-29 00:00";"True"
"D:\AtendimentoOfflineAlpha\docs\database\tables\fornecedor.md";"1,83";".md";"2026-06-29 00:01";"True"
"D:\AtendimentoOfflineAlpha\docs\database\tables\funcionario_conselho_profissional.md";"2,32";".md";"2026-06-29 00:02";"True"
"D:\AtendimentoOfflineAlpha\docs\database\tables\funcionario_especialidade.md";"1,97";".md";"2026-06-29 00:03";"True"
"D:\AtendimentoOfflineAlpha\docs\database\tables\funcionario_unidade.md";"2,68";".md";"2026-06-29 00:04";"True"
"D:\AtendimentoOfflineAlpha\docs\database\tables\funcionario.md";"3,26";".md";"2026-06-29 00:02";"True"
"D:\AtendimentoOfflineAlpha\docs\database\tables\gaso_evento.md";"2,33";".md";"2026-06-29 00:04";"True"
"D:\AtendimentoOfflineAlpha\docs\database\tables\gaso_solicitacao.md";"2,91";".md";"2026-06-29 00:06";"True"
"D:\AtendimentoOfflineAlpha\docs\database\tables\gasoterapia_consumo_evento.md";"2,04";".md";"2026-06-29 00:07";"True"
"D:\AtendimentoOfflineAlpha\docs\database\tables\gasoterapia_consumo.md";"2,68";".md";"2026-06-29 00:06";"True"
"D:\AtendimentoOfflineAlpha\docs\database\tables\gpat_atendimento.md";"4,89";".md";"2026-06-29 00:08";"True"
"D:\AtendimentoOfflineAlpha\docs\database\tables\gpat_dispensacao.md";"3,13";".md";"2026-06-29 00:26";"True"
"D:\AtendimentoOfflineAlpha\docs\database\tables\gpat_evento.md";"2,36";".md";"2026-06-29 00:28";"True"
"D:\AtendimentoOfflineAlpha\docs\database\tables\gpat_item.md";"2,7";".md";"2026-06-29 00:28";"True"
"D:\AtendimentoOfflineAlpha\docs\database\tables\gpat.md";"2,29";".md";"2026-06-29 00:07";"True"
"D:\AtendimentoOfflineAlpha\docs\database\tables\guardiao_acl_runtime.md";"1,95";".md";"2026-06-29 00:29";"True"
"D:\AtendimentoOfflineAlpha\docs\database\tables\guardiao_runtime_final.md";"2,61";".md";"2026-06-29 00:31";"True"
"D:\AtendimentoOfflineAlpha\docs\database\tables\hardening_sp_excecao.md";"1,44";".md";"2026-06-29 00:32";"True"
"D:\AtendimentoOfflineAlpha\docs\database\tables\hipotese_diagnostica.md";"2,09";".md";"2026-06-29 00:32";"True"
"D:\AtendimentoOfflineAlpha\docs\database\tables\hospital_leitos.md";"1,99";".md";"2026-06-29 00:33";"True"
"D:\AtendimentoOfflineAlpha\docs\database\tables\identificador_global_assistencial.md";"2,03";".md";"2026-06-29 00:33";"True"
"D:\AtendimentoOfflineAlpha\docs\database\tables\integracao_mensageria_externa.md";"2";".md";"2026-06-29 00:34";"True"
"D:\AtendimentoOfflineAlpha\docs\database\tables\interconsulta.md";"2,33";".md";"2026-06-29 00:34";"True"
"D:\AtendimentoOfflineAlpha\docs\database\tables\intercorrencia.md";"2,67";".md";"2026-06-29 00:35";"True"
"D:\AtendimentoOfflineAlpha\docs\database\tables\internacao_braden_avaliacao.md";"3,9";".md";"2026-06-29 00:37";"True"
"D:\AtendimentoOfflineAlpha\docs\database\tables\internacao_cuidados.md";"2";".md";"2026-06-29 00:38";"True"
"D:\AtendimentoOfflineAlpha\docs\database\tables\internacao_dietas.md";"1,95";".md";"2026-06-29 00:38";"True"
"D:\AtendimentoOfflineAlpha\docs\database\tables\internacao_dispositivos.md";"2,78";".md";"2026-06-29 00:39";"True"
"D:\AtendimentoOfflineAlpha\docs\database\tables\internacao_ferida_avaliacao.md";"3,76";".md";"2026-06-29 00:39";"True"
"D:\AtendimentoOfflineAlpha\docs\database\tables\internacao_historico.md";"2,12";".md";"2026-06-29 00:42";"True"
"D:\AtendimentoOfflineAlpha\docs\database\tables\internacao_medicacao_administracao.md";"4,22";".md";"2026-06-29 00:43";"True"
"D:\AtendimentoOfflineAlpha\docs\database\tables\internacao_movimentacao.md";"3,4";".md";"2026-06-29 00:44";"True"
"D:\AtendimentoOfflineAlpha\docs\database\tables\internacao_prescricao_item.md";"4,24";".md";"2026-06-29 00:00";"True"
"D:\AtendimentoOfflineAlpha\docs\database\tables\internacao_prescricao.md";"3,53";".md";"2026-06-29 00:44";"True"
"D:\AtendimentoOfflineAlpha\docs\database\tables\internacao_registro_enfermagem.md";"5,33";".md";"2026-06-29 00:01";"True"
"D:\AtendimentoOfflineAlpha\docs\database\tables\internacao_turno_registro.md";"4,29";".md";"2026-06-29 00:02";"True"
"D:\AtendimentoOfflineAlpha\docs\database\tables\internacao.md";"4,45";".md";"2026-06-29 00:36";"True"
"D:\AtendimentoOfflineAlpha\docs\database\tables\kernel_authz_policy.md";"3,93";".md";"2026-06-29 00:03";"True"
"D:\AtendimentoOfflineAlpha\docs\database\tables\kernel_identity_trust_chain.md";"4,61";".md";"2026-06-29 00:04";"True"
"D:\AtendimentoOfflineAlpha\docs\database\tables\kernel_ledger.md";"3,67";".md";"2026-06-29 00:04";"True"
"D:\AtendimentoOfflineAlpha\docs\database\tables\kernel_runtime_evento.md";"3,13";".md";"2026-06-29 00:05";"True"
"D:\AtendimentoOfflineAlpha\docs\database\tables\kernel_runtime_heartbeat.md";"2,33";".md";"2026-06-29 00:06";"True"
"D:\AtendimentoOfflineAlpha\docs\database\tables\kernel_runtime_single_writer_lock.md";"2,47";".md";"2026-06-29 00:06";"True"
"D:\AtendimentoOfflineAlpha\docs\database\tables\kernel_single_writer_lock.md";"1,98";".md";"2026-06-29 00:07";"True"
"D:\AtendimentoOfflineAlpha\docs\database\tables\lab_amostra.md";"4,14";".md";"2026-06-29 00:08";"True"
"D:\AtendimentoOfflineAlpha\docs\database\tables\lab_evento.md";"2,15";".md";"2026-06-29 00:13";"True"
"D:\AtendimentoOfflineAlpha\docs\database\tables\lab_pedido.md";"2,79";".md";"2026-06-29 00:14";"True"
"D:\AtendimentoOfflineAlpha\docs\database\tables\lab_protocolo_interno.md";"2,05";".md";"2026-06-29 00:15";"True"
"D:\AtendimentoOfflineAlpha\docs\database\tables\lab_resultado.md";"2,56";".md";"2026-06-29 00:15";"True"
"D:\AtendimentoOfflineAlpha\docs\database\tables\laboratorio_protocolo_evento.md";"2,23";".md";"2026-06-29 00:16";"True"
"D:\AtendimentoOfflineAlpha\docs\database\tables\laboratorio_protocolo.md";"3,17";".md";"2026-06-29 00:16";"True"
"D:\AtendimentoOfflineAlpha\docs\database\tables\ledger_evento_sincronizacao_local.md";"3,84";".md";"2026-06-29 00:19";"True"
"D:\AtendimentoOfflineAlpha\docs\database\tables\ledger_evento_sincronizacao.md";"3,97";".md";"2026-06-29 00:17";"True"
"D:\AtendimentoOfflineAlpha\docs\database\tables\ledger_global_sincronismo.md";"4,42";".md";"2026-06-29 00:36";"True"
"D:\AtendimentoOfflineAlpha\docs\database\tables\leito.md";"2,24";".md";"2026-06-29 00:37";"True"
"D:\AtendimentoOfflineAlpha\docs\database\tables\local_capacidade.md";"1,89";".md";"2026-06-29 00:38";"True"
"D:\AtendimentoOfflineAlpha\docs\database\tables\local_dispositivo.md";"1,99";".md";"2026-06-29 00:39";"True"
"D:\AtendimentoOfflineAlpha\docs\database\tables\local_fila.md";"2,09";".md";"2026-06-29 00:42";"True"
"D:\AtendimentoOfflineAlpha\docs\database\tables\local_runtime.md";"2,69";".md";"2026-06-29 00:44";"True"
"D:\AtendimentoOfflineAlpha\docs\database\tables\local_turno.md";"1,85";".md";"2026-06-29 00:45";"True"
"D:\AtendimentoOfflineAlpha\docs\database\tables\local.md";"3,41";".md";"2026-06-29 00:38";"True"
"D:\AtendimentoOfflineAlpha\docs\database\tables\log_acesso_prontuario.md";"2,22";".md";"2026-06-29 00:46";"True"
"D:\AtendimentoOfflineAlpha\docs\database\tables\log_auditoria.md";"2,3";".md";"2026-06-29 00:47";"True"
"D:\AtendimentoOfflineAlpha\docs\database\tables\log_leitura_prontuario.md";"1,91";".md";"2026-06-29 00:47";"True"
"D:\AtendimentoOfflineAlpha\docs\database\tables\login_tentativa.md";"2,89";".md";"2026-06-29 00:48";"True"
"D:\AtendimentoOfflineAlpha\docs\database\tables\logradouro.md";"2,11";".md";"2026-06-29 00:48";"True"
"D:\AtendimentoOfflineAlpha\docs\database\tables\manutencao_execucao.md";"2,18";".md";"2026-06-29 00:49";"True"
"D:\AtendimentoOfflineAlpha\docs\database\tables\md_arquivo_fonte_evento.md";"2,8";".md";"2026-06-29 00:50";"True"
"D:\AtendimentoOfflineAlpha\docs\database\tables\md_arquivo_fonte.md";"3,21";".md";"2026-06-29 00:49";"True"
"D:\AtendimentoOfflineAlpha\docs\database\tables\md_cid10.md";"2,65";".md";"2026-06-29 00:51";"True"
"D:\AtendimentoOfflineAlpha\docs\database\tables\md_cnes_estabelecimento.md";"2,82";".md";"2026-06-29 00:51";"True"
"D:\AtendimentoOfflineAlpha\docs\database\tables\md_competencia.md";"2,35";".md";"2026-06-29 00:52";"True"
"D:\AtendimentoOfflineAlpha\docs\database\tables\md_sigpat_medicamento.md";"2,64";".md";"2026-06-29 00:52";"True"
"D:\AtendimentoOfflineAlpha\docs\database\tables\md_sigtap_procedimento.md";"2,69";".md";"2026-06-29 00:53";"True"
"D:\AtendimentoOfflineAlpha\docs\database\tables\medicacao_reavaliacao.md";"4,05";".md";"2026-06-29 00:54";"True"
"D:\AtendimentoOfflineAlpha\docs\database\tables\medico_especialidade.md";"2,23";".md";"2026-06-29 00:54";"True"
"D:\AtendimentoOfflineAlpha\docs\database\tables\medico.md";"2,59";".md";"2026-06-29 00:54";"True"
"D:\AtendimentoOfflineAlpha\docs\database\tables\notificacao_epidemiologica_evento.md";"2,67";".md";"2026-06-29 00:56";"True"
"D:\AtendimentoOfflineAlpha\docs\database\tables\notificacao_epidemiologica.md";"2,76";".md";"2026-06-29 00:55";"True"
"D:\AtendimentoOfflineAlpha\docs\database\tables\notificacao_violencia_evento.md";"2,62";".md";"2026-06-29 00:57";"True"
"D:\AtendimentoOfflineAlpha\docs\database\tables\notificacao_violencia.md";"3,19";".md";"2026-06-29 00:56";"True"
"D:\AtendimentoOfflineAlpha\docs\database\tables\nucleo_governanca_assistencial.md";"2,04";".md";"2026-06-29 00:57";"True"
"D:\AtendimentoOfflineAlpha\docs\database\tables\obito_evento.md";"2,12";".md";"2026-06-29 00:59";"True"
"D:\AtendimentoOfflineAlpha\docs\database\tables\obito.md";"3,01";".md";"2026-06-29 00:58";"True"
"D:\AtendimentoOfflineAlpha\docs\database\tables\observacoes_eventos.md";"2,8";".md";"2026-06-29 01:00";"True"
"D:\AtendimentoOfflineAlpha\docs\database\tables\operacao_idempotencia.md";"2,08";".md";"2026-06-29 00:23";"True"
"D:\AtendimentoOfflineAlpha\docs\database\tables\ordem_assistencial_aprazamento.md";"4,13";".md";"2026-06-29 00:25";"True"
"D:\AtendimentoOfflineAlpha\docs\database\tables\ordem_assistencial_execucao.md";"3,49";".md";"2026-06-29 00:25";"True"
"D:\AtendimentoOfflineAlpha\docs\database\tables\ordem_assistencial_item.md";"4,53";".md";"2026-06-29 00:26";"True"
"D:\AtendimentoOfflineAlpha\docs\database\tables\ordem_assistencial.md";"3,85";".md";"2026-06-29 00:24";"True"
"D:\AtendimentoOfflineAlpha\docs\database\tables\ordem_tipo_documento_config.md";"2,14";".md";"2026-06-29 00:26";"True"
"D:\AtendimentoOfflineAlpha\docs\database\tables\paciente_alertas.md";"2,02";".md";"2026-06-29 00:30";"True"
"D:\AtendimentoOfflineAlpha\docs\database\tables\paciente_canonico.md";"2,65";".md";"2026-06-29 00:31";"True"
"D:\AtendimentoOfflineAlpha\docs\database\tables\paciente_cns_evento.md";"1,98";".md";"2026-06-29 00:34";"True"
"D:\AtendimentoOfflineAlpha\docs\database\tables\paciente_cns.md";"2,49";".md";"2026-06-29 00:33";"True"
"D:\AtendimentoOfflineAlpha\docs\database\tables\paciente.md";"3,38";".md";"2026-06-29 00:27";"True"
"D:\AtendimentoOfflineAlpha\docs\database\tables\painel_alertas_tempo.md";"1,71";".md";"2026-06-29 00:35";"True"
"D:\AtendimentoOfflineAlpha\docs\database\tables\painel_config_def.md";"3,11";".md";"2026-06-29 00:36";"True"
"D:\AtendimentoOfflineAlpha\docs\database\tables\painel_config.md";"3,06";".md";"2026-06-29 00:36";"True"
"D:\AtendimentoOfflineAlpha\docs\database\tables\painel_consumo_evento.md";"2,2";".md";"2026-06-29 00:37";"True"
"D:\AtendimentoOfflineAlpha\docs\database\tables\painel_evento_stream.md";"2,47";".md";"2026-06-29 00:37";"True"
"D:\AtendimentoOfflineAlpha\docs\database\tables\painel_fila_tipo.md";"1,57";".md";"2026-06-29 00:38";"True"
"D:\AtendimentoOfflineAlpha\docs\database\tables\painel_grupo_local.md";"1,69";".md";"2026-06-29 00:39";"True"
"D:\AtendimentoOfflineAlpha\docs\database\tables\painel_grupo.md";"1,8";".md";"2026-06-29 00:38";"True"
"D:\AtendimentoOfflineAlpha\docs\database\tables\painel_lane.md";"1,44";".md";"2026-06-29 00:39";"True"
"D:\AtendimentoOfflineAlpha\docs\database\tables\painel_local.md";"1,76";".md";"2026-06-29 00:40";"True"
"D:\AtendimentoOfflineAlpha\docs\database\tables\painel_mensagem_consumo.md";"2,04";".md";"2026-06-29 00:41";"True"
"D:\AtendimentoOfflineAlpha\docs\database\tables\painel_mensagem.md";"2,59";".md";"2026-06-29 00:40";"True"
"D:\AtendimentoOfflineAlpha\docs\database\tables\painel_monitoramento_especialidade.md";"2,07";".md";"2026-06-29 00:41";"True"
"D:\AtendimentoOfflineAlpha\docs\database\tables\painel.md";"3,13";".md";"2026-06-29 00:34";"True"
"D:\AtendimentoOfflineAlpha\docs\database\tables\pdv_cliente.md";"1,73";".md";"2026-06-29 00:51";"True"
"D:\AtendimentoOfflineAlpha\docs\database\tables\pdv_pagamento.md";"1,9";".md";"2026-06-29 00:51";"True"
"D:\AtendimentoOfflineAlpha\docs\database\tables\pdv_venda_item.md";"2,34";".md";"2026-06-29 00:52";"True"
"D:\AtendimentoOfflineAlpha\docs\database\tables\pdv_venda.md";"3,26";".md";"2026-06-29 00:52";"True"
"D:\AtendimentoOfflineAlpha\docs\database\tables\pedido_medico_item.md";"3,38";".md";"2026-06-29 00:53";"True"
"D:\AtendimentoOfflineAlpha\docs\database\tables\pedido_medico.md";"2,49";".md";"2026-06-29 00:53";"True"
"D:\AtendimentoOfflineAlpha\docs\database\tables\pep_assinatura_digital.md";"1,72";".md";"2026-06-29 00:54";"True"
"D:\AtendimentoOfflineAlpha\docs\database\tables\pep_registro.md";"2,83";".md";"2026-06-29 00:54";"True"
"D:\AtendimentoOfflineAlpha\docs\database\tables\perfil_permissao.md";"1,88";".md";"2026-06-29 00:55";"True"
"D:\AtendimentoOfflineAlpha\docs\database\tables\perfil.md";"2,1";".md";"2026-06-29 00:55";"True"
"D:\AtendimentoOfflineAlpha\docs\database\tables\permissao_local.md";"2,77";".md";"2026-06-30 23:57";"True"
"D:\AtendimentoOfflineAlpha\docs\database\tables\permissao.md";"2,78";".md";"2026-06-29 00:56";"True"
"D:\AtendimentoOfflineAlpha\docs\database\tables\pessoa_alergias.md";"1,84";".md";"2026-06-29 00:57";"True"
"D:\AtendimentoOfflineAlpha\docs\database\tables\pessoa_conselho_registro.md";"2,72";".md";"2026-06-29 00:58";"True"
"D:\AtendimentoOfflineAlpha\docs\database\tables\pessoa_contato.md";"1,77";".md";"2026-06-29 00:58";"True"
"D:\AtendimentoOfflineAlpha\docs\database\tables\pessoa_documento.md";"2,68";".md";"2026-06-29 00:59";"True"
"D:\AtendimentoOfflineAlpha\docs\database\tables\pessoa_email.md";"2,39";".md";"2026-06-29 00:59";"True"
"D:\AtendimentoOfflineAlpha\docs\database\tables\pessoa_endereco.md";"3,09";".md";"2026-06-29 01:00";"True"
"D:\AtendimentoOfflineAlpha\docs\database\tables\pessoa_identificador.md";"2,71";".md";"2026-06-29 01:00";"True"
"D:\AtendimentoOfflineAlpha\docs\database\tables\pessoa_logradouro.md";"2,25";".md";"2026-06-29 01:01";"True"
"D:\AtendimentoOfflineAlpha\docs\database\tables\pessoa_telefone.md";"2,44";".md";"2026-06-29 01:02";"True"
"D:\AtendimentoOfflineAlpha\docs\database\tables\pessoa_vinculo.md";"2,56";".md";"2026-06-29 01:02";"True"
"D:\AtendimentoOfflineAlpha\docs\database\tables\pessoa.md";"4,15";".md";"2026-06-29 00:56";"True"
"D:\AtendimentoOfflineAlpha\docs\database\tables\plantao_escala.md";"3,12";".md";"2026-06-29 01:03";"True"
"D:\AtendimentoOfflineAlpha\docs\database\tables\plantao_modelo.md";"2";".md";"2026-06-29 01:04";"True"
"D:\AtendimentoOfflineAlpha\docs\database\tables\plantao.md";"2,73";".md";"2026-06-29 01:03";"True"
"D:\AtendimentoOfflineAlpha\docs\database\tables\prescricao_checagem_dupla.md";"2,5";".md";"2026-06-28 23:39";"True"
"D:\AtendimentoOfflineAlpha\docs\database\tables\prescricao_checagem.md";"2,32";".md";"2026-06-29 01:05";"True"
"D:\AtendimentoOfflineAlpha\docs\database\tables\prescricao_continua.md";"2,44";".md";"2026-06-28 23:39";"True"
"D:\AtendimentoOfflineAlpha\docs\database\tables\prescricao_internacao.md";"2,7";".md";"2026-06-28 23:40";"True"
"D:\AtendimentoOfflineAlpha\docs\database\tables\prescricao_item.md";"2,57";".md";"2026-06-28 23:40";"True"
"D:\AtendimentoOfflineAlpha\docs\database\tables\prescricao_itens.md";"2,68";".md";"2026-06-28 23:41";"True"
"D:\AtendimentoOfflineAlpha\docs\database\tables\prescricao_kit_itens.md";"2";".md";"2026-06-28 23:41";"True"
"D:\AtendimentoOfflineAlpha\docs\database\tables\prescricao_kit_master.md";"1,64";".md";"2026-06-28 23:41";"True"
"D:\AtendimentoOfflineAlpha\docs\database\tables\prescricao_medica.md";"2,26";".md";"2026-06-28 23:42";"True"
"D:\AtendimentoOfflineAlpha\docs\database\tables\prescricao_medicacao.md";"2,34";".md";"2026-06-28 23:42";"True"
"D:\AtendimentoOfflineAlpha\docs\database\tables\prescricao.md";"2,27";".md";"2026-06-29 01:04";"True"
"D:\AtendimentoOfflineAlpha\docs\database\tables\prescritor_externo.md";"2,32";".md";"2026-06-28 23:43";"True"
"D:\AtendimentoOfflineAlpha\docs\database\tables\prioridade_social.md";"1,78";".md";"2026-06-28 23:43";"True"
"D:\AtendimentoOfflineAlpha\docs\database\tables\procedimento_protocolo_evento.md";"2,53";".md";"2026-06-28 23:44";"True"
"D:\AtendimentoOfflineAlpha\docs\database\tables\procedimento_protocolo_resultado.md";"3,24";".md";"2026-06-28 23:45";"True"
"D:\AtendimentoOfflineAlpha\docs\database\tables\procedimento_protocolo.md";"3,29";".md";"2026-06-28 23:44";"True"
"D:\AtendimentoOfflineAlpha\docs\database\tables\procedimentos_sigtap.md";"1,52";".md";"2026-06-28 23:45";"True"
"D:\AtendimentoOfflineAlpha\docs\database\tables\produtividade_evento.md";"2,85";".md";"2026-06-28 23:45";"True"
"D:\AtendimentoOfflineAlpha\docs\database\tables\produto.md";"2,87";".md";"2026-06-28 23:46";"True"
"D:\AtendimentoOfflineAlpha\docs\database\tables\profissional_registro.md";"2,43";".md";"2026-06-28 23:46";"True"
"D:\AtendimentoOfflineAlpha\docs\database\tables\prontuario_evolucao.md";"2,39";".md";"2026-06-28 23:47";"True"
"D:\AtendimentoOfflineAlpha\docs\database\tables\protocolo_assistencial_global.md";"3,15";".md";"2026-06-28 23:47";"True"
"D:\AtendimentoOfflineAlpha\docs\database\tables\protocolo_emissao.md";"3,43";".md";"2026-06-28 23:54";"True"
"D:\AtendimentoOfflineAlpha\docs\database\tables\protocolo_sequencia.md";"1,61";".md";"2026-06-28 23:55";"True"
"D:\AtendimentoOfflineAlpha\docs\database\tables\qualidade_eventos_adversos.md";"1,95";".md";"2026-06-28 23:55";"True"
"D:\AtendimentoOfflineAlpha\docs\database\tables\reabertura_atendimento.md";"2,48";".md";"2026-06-28 23:56";"True"
"D:\AtendimentoOfflineAlpha\docs\database\tables\reg_anexo.md";"2,79";".md";"2026-06-28 23:57";"True"
"D:\AtendimentoOfflineAlpha\docs\database\tables\reg_auditoria_acesso_sensivel.md";"2,67";".md";"2026-06-28 23:58";"True"
"D:\AtendimentoOfflineAlpha\docs\database\tables\reg_export_arquivo.md";"2,49";".md";"2026-06-28 23:58";"True"
"D:\AtendimentoOfflineAlpha\docs\database\tables\reg_export_erro_validacao.md";"2,62";".md";"2026-06-28 23:59";"True"
"D:\AtendimentoOfflineAlpha\docs\database\tables\reg_export_item.md";"2,84";".md";"2026-06-28 23:59";"True"
"D:\AtendimentoOfflineAlpha\docs\database\tables\reg_export_lote.md";"3,85";".md";"2026-06-29 00:01";"True"
"D:\AtendimentoOfflineAlpha\docs\database\tables\reg_formulario_snapshot.md";"3,23";".md";"2026-06-29 00:05";"True"
"D:\AtendimentoOfflineAlpha\docs\database\tables\regra_timeout.md";"1,31";".md";"2026-06-29 00:05";"True"
"D:\AtendimentoOfflineAlpha\docs\database\tables\regulacao_evento.md";"2,58";".md";"2026-06-29 00:06";"True"
"D:\AtendimentoOfflineAlpha\docs\database\tables\remocao_evento.md";"2,15";".md";"2026-06-29 00:09";"True"
"D:\AtendimentoOfflineAlpha\docs\database\tables\remocao_logistica.md";"2,09";".md";"2026-06-29 00:09";"True"
"D:\AtendimentoOfflineAlpha\docs\database\tables\remocao.md";"3,46";".md";"2026-06-29 00:07";"True"
"D:\AtendimentoOfflineAlpha\docs\database\tables\retorno_atendimento.md";"2,48";".md";"2026-06-29 00:12";"True"
"D:\AtendimentoOfflineAlpha\docs\database\tables\retry_semantico_controle.md";"2,16";".md";"2026-06-29 00:13";"True"
"D:\AtendimentoOfflineAlpha\docs\database\tables\rh_evento.md";"2,05";".md";"2026-06-29 00:13";"True"
"D:\AtendimentoOfflineAlpha\docs\database\tables\rh_pessoa_vinculo.md";"3,18";".md";"2026-06-29 00:31";"True"
"D:\AtendimentoOfflineAlpha\docs\database\tables\rh_registro_profissional.md";"2,63";".md";"2026-06-29 00:33";"True"
"D:\AtendimentoOfflineAlpha\docs\database\tables\runtime_api_session_token.md";"2,22";".md";"2026-06-29 01:32";"True"
"D:\AtendimentoOfflineAlpha\docs\database\tables\runtime_concurrency_guard.md";"2,23";".md";"2026-06-29 01:33";"True"
"D:\AtendimentoOfflineAlpha\docs\database\tables\runtime_contexto.md";"2,69";".md";"2026-06-29 01:33";"True"
"D:\AtendimentoOfflineAlpha\docs\database\tables\runtime_dispositivo.md";"2,36";".md";"2026-06-29 01:33";"True"
"D:\AtendimentoOfflineAlpha\docs\database\tables\runtime_edge_evento.md";"3,12";".md";"2026-06-29 01:34";"True"
"D:\AtendimentoOfflineAlpha\docs\database\tables\runtime_estado_sobrevivencia.md";"2,06";".md";"2026-06-29 01:34";"True"
"D:\AtendimentoOfflineAlpha\docs\database\tables\runtime_evento_provisional.md";"2,41";".md";"2026-06-29 01:35";"True"
"D:\AtendimentoOfflineAlpha\docs\database\tables\runtime_execution_queue.md";"2,6";".md";"2026-06-29 01:36";"True"
"D:\AtendimentoOfflineAlpha\docs\database\tables\runtime_invariant_log.md";"2,55";".md";"2026-06-29 01:36";"True"
"D:\AtendimentoOfflineAlpha\docs\database\tables\runtime_kernel_locks.md";"1,59";".md";"2026-06-28 22:40";"True"
"D:\AtendimentoOfflineAlpha\docs\database\tables\runtime_lock_semantico.md";"1,98";".md";"2026-06-28 22:40";"True"
"D:\AtendimentoOfflineAlpha\docs\database\tables\runtime_snapshot_governanca.md";"2,09";".md";"2026-06-28 22:40";"True"
"D:\AtendimentoOfflineAlpha\docs\database\tables\runtime_snapshot_metadata.md";"2,22";".md";"2026-06-28 22:40";"True"
"D:\AtendimentoOfflineAlpha\docs\database\tables\runtime_sync_log.md";"2,62";".md";"2026-06-28 22:40";"True"
"D:\AtendimentoOfflineAlpha\docs\database\tables\runtime_sync_queue.md";"1,85";".md";"2026-06-28 22:40";"True"
"D:\AtendimentoOfflineAlpha\docs\database\tables\saas_contrato.md";"1,96";".md";"2026-06-28 22:40";"True"
"D:\AtendimentoOfflineAlpha\docs\database\tables\saas_entidade.md";"1,75";".md";"2026-06-28 22:40";"True"
"D:\AtendimentoOfflineAlpha\docs\database\tables\sala_notificacao_evento.md";"2,49";".md";"2026-06-28 22:40";"True"
"D:\AtendimentoOfflineAlpha\docs\database\tables\sala_notificacao.md";"2,65";".md";"2026-06-28 22:40";"True"
"D:\AtendimentoOfflineAlpha\docs\database\tables\schema_patch_execucao.md";"1,64";".md";"2026-06-28 22:40";"True"
"D:\AtendimentoOfflineAlpha\docs\database\tables\senha_eventos.md";"1,81";".md";"2026-06-28 22:40";"True"
"D:\AtendimentoOfflineAlpha\docs\database\tables\senha_sequencia.md";"1,88";".md";"2026-06-28 22:40";"True"
"D:\AtendimentoOfflineAlpha\docs\database\tables\senha_status.md";"1,64";".md";"2026-06-28 22:40";"True"
"D:\AtendimentoOfflineAlpha\docs\database\tables\senha_transicao_matriz.md";"2,57";".md";"2026-06-28 22:40";"True"
"D:\AtendimentoOfflineAlpha\docs\database\tables\senha.md";"3,31";".md";"2026-06-28 22:40";"True"
"D:\AtendimentoOfflineAlpha\docs\database\tables\servico_agendamento.md";"2,97";".md";"2026-06-28 22:40";"True"
"D:\AtendimentoOfflineAlpha\docs\database\tables\sessao_ativa.md";"1,54";".md";"2026-06-28 22:40";"True"
"D:\AtendimentoOfflineAlpha\docs\database\tables\sessao_contexto_historico.md";"4,06";".md";"2026-06-28 22:40";"True"
"D:\AtendimentoOfflineAlpha\docs\database\tables\sessao_evento.md";"2,51";".md";"2026-06-28 22:40";"True"
"D:\AtendimentoOfflineAlpha\docs\database\tables\sessao_usuario.md";"5,65";".md";"2026-06-28 22:40";"True"
"D:\AtendimentoOfflineAlpha\docs\database\tables\setor.md";"1,89";".md";"2026-06-28 22:40";"True"
"D:\AtendimentoOfflineAlpha\docs\database\tables\sigpat_procedimento.md";"2,25";".md";"2026-06-28 22:40";"True"
"D:\AtendimentoOfflineAlpha\docs\database\tables\sinais_vitais.md";"1,72";".md";"2026-06-28 22:40";"True"
"D:\AtendimentoOfflineAlpha\docs\database\tables\sinan_evento.md";"1,62";".md";"2026-06-28 22:40";"True"
"D:\AtendimentoOfflineAlpha\docs\database\tables\sinan_notificacao.md";"1,9";".md";"2026-06-28 22:40";"True"
"D:\AtendimentoOfflineAlpha\docs\database\tables\sincronizacao_federada_evento.md";"1,78";".md";"2026-06-28 22:40";"True"
"D:\AtendimentoOfflineAlpha\docs\database\tables\sistema.md";"1,41";".md";"2026-06-28 22:40";"True"
"D:\AtendimentoOfflineAlpha\docs\database\tables\solicitacao_exame.md";"2,2";".md";"2026-06-28 22:40";"True"
"D:\AtendimentoOfflineAlpha\docs\database\tables\status_timeout.md";"1,51";".md";"2026-06-28 22:40";"True"
"D:\AtendimentoOfflineAlpha\docs\database\tables\sus_cid10_competencia.md";"1,63";".md";"2026-06-28 22:40";"True"
"D:\AtendimentoOfflineAlpha\docs\database\tables\sus_cnes_estabelecimento.md";"1,87";".md";"2026-06-28 22:40";"True"
"D:\AtendimentoOfflineAlpha\docs\database\tables\sus_competencia.md";"1,61";".md";"2026-06-28 22:40";"True"
"D:\AtendimentoOfflineAlpha\docs\database\tables\sus_sigtap_procedimento.md";"2,6";".md";"2026-06-28 22:40";"True"
"D:\AtendimentoOfflineAlpha\docs\database\tables\tabela_tuss.md";"1,36";".md";"2026-06-28 22:40";"True"
"D:\AtendimentoOfflineAlpha\docs\database\tables\tenant_registry.md";"2,12";".md";"2026-06-28 22:40";"True"
"D:\AtendimentoOfflineAlpha\docs\database\tables\tipo_local.md";"1,95";".md";"2026-06-28 22:40";"True"
"D:\AtendimentoOfflineAlpha\docs\database\tables\tipo_sala.md";"1,43";".md";"2026-06-28 22:40";"True"
"D:\AtendimentoOfflineAlpha\docs\database\tables\tombstone_evento_assistencial.md";"1,76";".md";"2026-06-28 22:40";"True"
"D:\AtendimentoOfflineAlpha\docs\database\tables\totem_evento.md";"1,88";".md";"2026-06-28 22:40";"True"
"D:\AtendimentoOfflineAlpha\docs\database\tables\totem_feedback.md";"1,42";".md";"2026-06-28 22:40";"True"
"D:\AtendimentoOfflineAlpha\docs\database\tables\totem_senha_opcao.md";"2,33";".md";"2026-06-28 22:40";"True"
"D:\AtendimentoOfflineAlpha\docs\database\tables\totem.md";"2,01";".md";"2026-06-28 22:40";"True"
"D:\AtendimentoOfflineAlpha\docs\database\tables\transporte_ambulancia_evento.md";"2";".md";"2026-06-28 22:40";"True"
"D:\AtendimentoOfflineAlpha\docs\database\tables\transporte_ambulancia.md";"1,62";".md";"2026-06-28 22:40";"True"
"D:\AtendimentoOfflineAlpha\docs\database\tables\triagem.md";"3,09";".md";"2026-06-28 22:40";"True"
"D:\AtendimentoOfflineAlpha\docs\database\tables\tv_rotativo_tela.md";"2,08";".md";"2026-06-28 22:40";"True"
"D:\AtendimentoOfflineAlpha\docs\database\tables\tv_rotativo.md";"2,17";".md";"2026-06-28 22:40";"True"
"D:\AtendimentoOfflineAlpha\docs\database\tables\unidade.md";"2,11";".md";"2026-06-28 22:40";"True"
"D:\AtendimentoOfflineAlpha\docs\database\tables\usuario_alocacao.md";"2,24";".md";"2026-06-28 22:40";"True"
"D:\AtendimentoOfflineAlpha\docs\database\tables\usuario_contexto.md";"3,63";".md";"2026-06-28 22:36";"True"
"D:\AtendimentoOfflineAlpha\docs\database\tables\usuario_historico_senha.md";"2,04";".md";"2026-06-28 22:36";"True"
"D:\AtendimentoOfflineAlpha\docs\database\tables\usuario_local.md";"2,6";".md";"2026-06-28 22:36";"True"
"D:\AtendimentoOfflineAlpha\docs\database\tables\usuario_log_acesso.md";"2,37";".md";"2026-06-28 22:36";"True"
"D:\AtendimentoOfflineAlpha\docs\database\tables\usuario_perfil.md";"2,52";".md";"2026-06-28 22:36";"True"
"D:\AtendimentoOfflineAlpha\docs\database\tables\usuario_profissional_registro.md";"2,24";".md";"2026-06-28 22:36";"True"
"D:\AtendimentoOfflineAlpha\docs\database\tables\usuario_refresh_token.md";"2,26";".md";"2026-06-28 22:37";"True"
"D:\AtendimentoOfflineAlpha\docs\database\tables\usuario_refresh.md";"2,59";".md";"2026-06-28 22:36";"True"
"D:\AtendimentoOfflineAlpha\docs\database\tables\usuario_reset_senha.md";"2,64";".md";"2026-06-28 22:37";"True"
"D:\AtendimentoOfflineAlpha\docs\database\tables\usuario_sala.md";"2,69";".md";"2026-06-28 22:37";"True"
"D:\AtendimentoOfflineAlpha\docs\database\tables\usuario_senha_historico.md";"3";".md";"2026-06-28 22:37";"True"
"D:\AtendimentoOfflineAlpha\docs\database\tables\usuario_senha_reset.md";"3,27";".md";"2026-06-28 22:37";"True"
"D:\AtendimentoOfflineAlpha\docs\database\tables\usuario_setor.md";"2,51";".md";"2026-06-28 22:37";"True"
"D:\AtendimentoOfflineAlpha\docs\database\tables\usuario_sistema_acl_evento.md";"2,79";".md";"2026-06-28 22:37";"True"
"D:\AtendimentoOfflineAlpha\docs\database\tables\usuario_sistema.md";"2,95";".md";"2026-06-28 22:37";"True"
"D:\AtendimentoOfflineAlpha\docs\database\tables\usuario_unidade.md";"2,95";".md";"2026-06-28 22:38";"True"
"D:\AtendimentoOfflineAlpha\docs\database\tables\usuario.md";"2,66";".md";"2026-06-28 22:40";"True"
"D:\AtendimentoOfflineAlpha\docs\database\tables\venda_evento.md";"2,33";".md";"2026-06-28 22:38";"True"
"D:\AtendimentoOfflineAlpha\docs\database\tables\venda_item.md";"3,12";".md";"2026-06-28 22:38";"True"
"D:\AtendimentoOfflineAlpha\docs\database\tables\venda_pagamento.md";"2,34";".md";"2026-06-28 22:38";"True"
"D:\AtendimentoOfflineAlpha\docs\database\tables\venda.md";"3,57";".md";"2026-06-28 22:38";"True"
"D:\AtendimentoOfflineAlpha\docs\database\tables\viatura.md";"2,33";".md";"2026-06-28 22:38";"True"
"D:\AtendimentoOfflineAlpha\docs\database\tables\workflow_ffa_evento.md";"2,86";".md";"2026-06-28 22:38";"True"
"D:\AtendimentoOfflineAlpha\docs\database\tables\_extra_nao_dump\INVENTARIO_COMPLETO.md";"7,89";".md";"2026-06-29 07:05";"True"
"D:\AtendimentoOfflineAlpha\docs\database\tables\_extra_nao_dump\portal_categoria.md";"2,58";".md";"2026-06-28 22:39";"True"
"D:\AtendimentoOfflineAlpha\docs\database\tables\_extra_nao_dump\portal_noticia.md";"4,88";".md";"2026-06-28 22:39";"True"
"D:\AtendimentoOfflineAlpha\docs\database\tables_completas\acompanhante.md";"0,84";".md";"2026-06-30 22:35";"True"
"D:\AtendimentoOfflineAlpha\docs\database\tables_completas\administracao_medicacao_ordem.md";"1,06";".md";"2026-06-30 22:35";"True"
"D:\AtendimentoOfflineAlpha\docs\database\tables_completas\administracao_medicacao.md";"0,88";".md";"2026-06-30 22:35";"True"
"D:\AtendimentoOfflineAlpha\docs\database\tables_completas\agenda_disponibilidade.md";"1,63";".md";"2026-06-30 22:35";"True"
"D:\AtendimentoOfflineAlpha\docs\database\tables_completas\agendamento.md";"2,15";".md";"2026-06-30 22:35";"True"
"D:\AtendimentoOfflineAlpha\docs\database\tables_completas\agendamentos_eventos.md";"1,09";".md";"2026-06-30 22:35";"True"
"D:\AtendimentoOfflineAlpha\docs\database\tables_completas\alerta_consumo.md";"1,05";".md";"2026-06-30 22:35";"True"
"D:\AtendimentoOfflineAlpha\docs\database\tables_completas\alerta_destinatario.md";"1,25";".md";"2026-06-30 22:35";"True"
"D:\AtendimentoOfflineAlpha\docs\database\tables_completas\alerta_regra.md";"1,09";".md";"2026-06-30 22:35";"True"
"D:\AtendimentoOfflineAlpha\docs\database\tables_completas\alerta.md";"1,51";".md";"2026-06-30 22:35";"True"
"D:\AtendimentoOfflineAlpha\docs\database\tables_completas\almoxarifado_central.md";"0,77";".md";"2026-06-30 22:35";"True"
"D:\AtendimentoOfflineAlpha\docs\database\tables_completas\anamnese.md";"0,75";".md";"2026-06-30 22:35";"True"
"D:\AtendimentoOfflineAlpha\docs\database\tables_completas\anotacao_enfermagem.md";"0,77";".md";"2026-06-30 22:35";"True"
"D:\AtendimentoOfflineAlpha\docs\database\tables_completas\assinatura_digital_documentos.md";"0,71";".md";"2026-06-30 22:35";"True"
"D:\AtendimentoOfflineAlpha\docs\database\tables_completas\assinatura_digital_prontuario.md";"0,84";".md";"2026-06-30 22:35";"True"
"D:\AtendimentoOfflineAlpha\docs\database\tables_completas\assistencia_social_atendimento.md";"0,97";".md";"2026-06-30 22:35";"True"
"D:\AtendimentoOfflineAlpha\docs\database\tables_completas\assistencia_social_evento.md";"0,99";".md";"2026-06-30 22:35";"True"
"D:\AtendimentoOfflineAlpha\docs\database\tables_completas\assistencial_checkpoint_global.md";"0,91";".md";"2026-06-30 22:35";"True"
"D:\AtendimentoOfflineAlpha\docs\database\tables_completas\assistencial_circuit_breaker.md";"0,74";".md";"2026-06-30 22:35";"True"
"D:\AtendimentoOfflineAlpha\docs\database\tables_completas\assistencial_evento_hash.md";"0,72";".md";"2026-06-30 22:35";"True"
"D:\AtendimentoOfflineAlpha\docs\database\tables_completas\assistencial_minipal_metric.md";"0,94";".md";"2026-06-30 22:35";"True"
"D:\AtendimentoOfflineAlpha\docs\database\tables_completas\assistencial_quorum_clinico.md";"0,81";".md";"2026-06-30 22:35";"True"
"D:\AtendimentoOfflineAlpha\docs\database\tables_completas\assistencial_raim_metric.md";"0,94";".md";"2026-06-30 22:35";"True"
"D:\AtendimentoOfflineAlpha\docs\database\tables_completas\assistencial_runtime_federado.md";"0,93";".md";"2026-06-30 22:35";"True"
"D:\AtendimentoOfflineAlpha\docs\database\tables_completas\assistencial_runtime_panel.md";"1,2";".md";"2026-06-30 22:35";"True"
"D:\AtendimentoOfflineAlpha\docs\database\tables_completas\assistencial_simulacao_futura.md";"1,02";".md";"2026-06-30 22:35";"True"
"D:\AtendimentoOfflineAlpha\docs\database\tables_completas\assistencial_snapshot_runtime.md";"0,89";".md";"2026-06-30 22:35";"True"
"D:\AtendimentoOfflineAlpha\docs\database\tables_completas\assistencial_telemetria_runtime.md";"1";".md";"2026-06-30 22:35";"True"
"D:\AtendimentoOfflineAlpha\docs\database\tables_completas\assistencial_watchdog_fila.md";"0,96";".md";"2026-06-30 22:35";"True"
"D:\AtendimentoOfflineAlpha\docs\database\tables_completas\atendimento_anamnese.md";"1,29";".md";"2026-06-30 22:35";"True"
"D:\AtendimentoOfflineAlpha\docs\database\tables_completas\atendimento_balanco_hidrico.md";"1,01";".md";"2026-06-30 22:35";"True"
"D:\AtendimentoOfflineAlpha\docs\database\tables_completas\atendimento_checagem.md";"1,06";".md";"2026-06-30 22:35";"True"
"D:\AtendimentoOfflineAlpha\docs\database\tables_completas\atendimento_desfecho.md";"0,91";".md";"2026-06-30 22:35";"True"
"D:\AtendimentoOfflineAlpha\docs\database\tables_completas\atendimento_diagnostico.md";"0,92";".md";"2026-06-30 22:35";"True"
"D:\AtendimentoOfflineAlpha\docs\database\tables_completas\atendimento_escalas_risco.md";"0,91";".md";"2026-06-30 22:35";"True"
"D:\AtendimentoOfflineAlpha\docs\database\tables_completas\atendimento_estado_ativo.md";"1,04";".md";"2026-06-30 22:35";"True"
"D:\AtendimentoOfflineAlpha\docs\database\tables_completas\atendimento_evento_ledger.md";"2,17";".md";"2026-06-30 22:35";"True"
"D:\AtendimentoOfflineAlpha\docs\database\tables_completas\atendimento_evento.md";"1,5";".md";"2026-06-30 22:35";"True"
"D:\AtendimentoOfflineAlpha\docs\database\tables_completas\atendimento_evolucao.md";"1,34";".md";"2026-06-30 22:35";"True"
"D:\AtendimentoOfflineAlpha\docs\database\tables_completas\atendimento_exame_fisico.md";"1,28";".md";"2026-06-30 22:35";"True"
"D:\AtendimentoOfflineAlpha\docs\database\tables_completas\atendimento_identidade_fluxo.md";"1,07";".md";"2026-06-30 22:35";"True"
"D:\AtendimentoOfflineAlpha\docs\database\tables_completas\atendimento_movimentacao.md";"0,93";".md";"2026-06-30 22:35";"True"
"D:\AtendimentoOfflineAlpha\docs\database\tables_completas\atendimento_observacao.md";"0,97";".md";"2026-06-30 22:35";"True"
"D:\AtendimentoOfflineAlpha\docs\database\tables_completas\atendimento_pedidos_exame.md";"1,05";".md";"2026-06-30 22:35";"True"
"D:\AtendimentoOfflineAlpha\docs\database\tables_completas\atendimento_pre_hospitalar.md";"0,97";".md";"2026-06-30 22:35";"True"
"D:\AtendimentoOfflineAlpha\docs\database\tables_completas\atendimento_prescricao.md";"1,22";".md";"2026-06-30 22:35";"True"
"D:\AtendimentoOfflineAlpha\docs\database\tables_completas\atendimento_profissional.md";"0,82";".md";"2026-06-30 22:35";"True"
"D:\AtendimentoOfflineAlpha\docs\database\tables_completas\atendimento_recepcao.md";"1,05";".md";"2026-06-30 22:35";"True"
"D:\AtendimentoOfflineAlpha\docs\database\tables_completas\atendimento_sinais_vitais.md";"1,08";".md";"2026-06-30 22:35";"True"
"D:\AtendimentoOfflineAlpha\docs\database\tables_completas\atendimento_sumario_alta.md";"1,1";".md";"2026-06-30 22:35";"True"
"D:\AtendimentoOfflineAlpha\docs\database\tables_completas\atendimento_transicao_ledger.md";"0,98";".md";"2026-06-30 22:35";"True"
"D:\AtendimentoOfflineAlpha\docs\database\tables_completas\atendimento_triagem.md";"1,41";".md";"2026-06-30 22:35";"True"
"D:\AtendimentoOfflineAlpha\docs\database\tables_completas\atendimento_vinculo.md";"0,81";".md";"2026-06-30 22:35";"True"
"D:\AtendimentoOfflineAlpha\docs\database\tables_completas\atendimento.md";"1,65";".md";"2026-06-30 22:35";"True"
"D:\AtendimentoOfflineAlpha\docs\database\tables_completas\auditoria_acesso.md";"0,99";".md";"2026-06-30 22:35";"True"
"D:\AtendimentoOfflineAlpha\docs\database\tables_completas\auditoria_almoxarifado.md";"0,92";".md";"2026-06-30 22:35";"True"
"D:\AtendimentoOfflineAlpha\docs\database\tables_completas\auditoria_contexto.md";"1,28";".md";"2026-06-30 22:35";"True"
"D:\AtendimentoOfflineAlpha\docs\database\tables_completas\auditoria_erro.md";"0,82";".md";"2026-06-30 22:35";"True"
"D:\AtendimentoOfflineAlpha\docs\database\tables_completas\auditoria_estoque_sanitario.md";"0,77";".md";"2026-06-30 22:35";"True"
"D:\AtendimentoOfflineAlpha\docs\database\tables_completas\auditoria_estoque.md";"0,71";".md";"2026-06-30 22:35";"True"
"D:\AtendimentoOfflineAlpha\docs\database\tables_completas\auditoria_evento.md";"0,98";".md";"2026-06-30 22:35";"True"
"D:\AtendimentoOfflineAlpha\docs\database\tables_completas\auditoria_excecoes.md";"0,66";".md";"2026-06-30 22:35";"True"
"D:\AtendimentoOfflineAlpha\docs\database\tables_completas\auditoria_ffa.md";"0,68";".md";"2026-06-30 22:35";"True"
"D:\AtendimentoOfflineAlpha\docs\database\tables_completas\auditoria_fila.md";"0,65";".md";"2026-06-30 22:35";"True"
"D:\AtendimentoOfflineAlpha\docs\database\tables_completas\auditoria_mestre.md";"0,95";".md";"2026-06-30 22:35";"True"
"D:\AtendimentoOfflineAlpha\docs\database\tables_completas\auditoria_visualizacao_prontuario.md";"0,68";".md";"2026-06-30 22:35";"True"
"D:\AtendimentoOfflineAlpha\docs\database\tables_completas\auth_audit.md";"0,91";".md";"2026-06-30 22:35";"True"
"D:\AtendimentoOfflineAlpha\docs\database\tables_completas\auth_bloqueio.md";"0,97";".md";"2026-06-30 22:35";"True"
"D:\AtendimentoOfflineAlpha\docs\database\tables_completas\auth_grupo_permissao.md";"0,81";".md";"2026-06-30 22:35";"True"
"D:\AtendimentoOfflineAlpha\docs\database\tables_completas\auth_grupo_usuario.md";"0,86";".md";"2026-06-30 22:35";"True"
"D:\AtendimentoOfflineAlpha\docs\database\tables_completas\auth_grupo.md";"0,77";".md";"2026-06-30 22:35";"True"
"D:\AtendimentoOfflineAlpha\docs\database\tables_completas\auth_log.md";"0,92";".md";"2026-06-30 22:35";"True"
"D:\AtendimentoOfflineAlpha\docs\database\tables_completas\auth_notificacao.md";"0,95";".md";"2026-06-30 22:35";"True"
"D:\AtendimentoOfflineAlpha\docs\database\tables_completas\auth_parametro.md";"0,7";".md";"2026-06-30 22:35";"True"
"D:\AtendimentoOfflineAlpha\docs\database\tables_completas\auth_sessao_dispositivo.md";"1,09";".md";"2026-06-30 22:35";"True"
"D:\AtendimentoOfflineAlpha\docs\database\tables_completas\auth_sessao.md";"1,2";".md";"2026-06-30 22:35";"True"
"D:\AtendimentoOfflineAlpha\docs\database\tables_completas\auth_tentativa_login.md";"0,79";".md";"2026-06-30 22:35";"True"
"D:\AtendimentoOfflineAlpha\docs\database\tables_completas\auth_token.md";"0,98";".md";"2026-06-30 22:35";"True"
"D:\AtendimentoOfflineAlpha\docs\database\tables_completas\caixa_evento.md";"0,68";".md";"2026-06-30 22:35";"True"
"D:\AtendimentoOfflineAlpha\docs\database\tables_completas\caixa.md";"1,04";".md";"2026-06-30 22:35";"True"
"D:\AtendimentoOfflineAlpha\docs\database\tables_completas\cat_acidente_trabalho_evento.md";"0,95";".md";"2026-06-30 22:35";"True"
"D:\AtendimentoOfflineAlpha\docs\database\tables_completas\cat_acidente_trabalho.md";"1,37";".md";"2026-06-30 22:35";"True"
"D:\AtendimentoOfflineAlpha\docs\database\tables_completas\cat_evento.md";"0,71";".md";"2026-06-30 22:35";"True"
"D:\AtendimentoOfflineAlpha\docs\database\tables_completas\cat_notificacao.md";"1,25";".md";"2026-06-30 22:35";"True"
"D:\AtendimentoOfflineAlpha\docs\database\tables_completas\cat_regra_item.md";"0,69";".md";"2026-06-30 22:35";"True"
"D:\AtendimentoOfflineAlpha\docs\database\tables_completas\chamado_evento.md";"0,8";".md";"2026-06-30 22:35";"True"
"D:\AtendimentoOfflineAlpha\docs\database\tables_completas\chamado_manutencao.md";"0,89";".md";"2026-06-30 22:35";"True"
"D:\AtendimentoOfflineAlpha\docs\database\tables_completas\chamado.md";"1,37";".md";"2026-06-30 22:35";"True"
"D:\AtendimentoOfflineAlpha\docs\database\tables_completas\cidade.md";"0,81";".md";"2026-06-30 22:35";"True"
"D:\AtendimentoOfflineAlpha\docs\database\tables_completas\classificacao_risco.md";"0,55";".md";"2026-06-30 22:35";"True"
"D:\AtendimentoOfflineAlpha\docs\database\tables_completas\cliente.md";"0,77";".md";"2026-06-30 22:35";"True"
"D:\AtendimentoOfflineAlpha\docs\database\tables_completas\codigo_externo_map.md";"1,14";".md";"2026-06-30 22:35";"True"
"D:\AtendimentoOfflineAlpha\docs\database\tables_completas\codigo_externo_vinculo.md";"0,95";".md";"2026-06-30 22:35";"True"
"D:\AtendimentoOfflineAlpha\docs\database\tables_completas\codigo_prefixo_config.md";"1,13";".md";"2026-06-30 22:35";"True"
"D:\AtendimentoOfflineAlpha\docs\database\tables_completas\codigo_prefixo_regra.md";"1,03";".md";"2026-06-30 22:35";"True"
"D:\AtendimentoOfflineAlpha\docs\database\tables_completas\codigo_universal.md";"1,82";".md";"2026-06-30 22:35";"True"
"D:\AtendimentoOfflineAlpha\docs\database\tables_completas\config_leitos.md";"0,74";".md";"2026-06-30 22:35";"True"
"D:\AtendimentoOfflineAlpha\docs\database\tables_completas\config_locais.md";"0,66";".md";"2026-06-30 22:35";"True"
"D:\AtendimentoOfflineAlpha\docs\database\tables_completas\config_sistema.md";"0,62";".md";"2026-06-30 22:35";"True"
"D:\AtendimentoOfflineAlpha\docs\database\tables_completas\configuracao.md";"0,45";".md";"2026-06-30 22:35";"True"
"D:\AtendimentoOfflineAlpha\docs\database\tables_completas\conselho_profissional.md";"0,56";".md";"2026-06-30 22:35";"True"
"D:\AtendimentoOfflineAlpha\docs\database\tables_completas\consumo_insumo.md";"0,81";".md";"2026-06-30 22:35";"True"
"D:\AtendimentoOfflineAlpha\docs\database\tables_completas\consumo_limpeza.md";"0,86";".md";"2026-06-30 22:35";"True"
"D:\AtendimentoOfflineAlpha\docs\database\tables_completas\consumo_manutencao.md";"0,74";".md";"2026-06-30 22:35";"True"
"D:\AtendimentoOfflineAlpha\docs\database\tables_completas\contexto_atendimento.md";"0,78";".md";"2026-06-30 22:35";"True"
"D:\AtendimentoOfflineAlpha\docs\database\tables_completas\contrato.md";"0,56";".md";"2026-06-30 22:35";"True"
"D:\AtendimentoOfflineAlpha\docs\database\tables_completas\coordenador_estado_global.md";"1,05";".md";"2026-06-30 22:35";"True"
"D:\AtendimentoOfflineAlpha\docs\database\tables_completas\dispensacao_medicacao.md";"1";".md";"2026-06-30 22:35";"True"
"D:\AtendimentoOfflineAlpha\docs\database\tables_completas\dispositivo_tipo.md";"0,81";".md";"2026-06-30 22:35";"True"
"D:\AtendimentoOfflineAlpha\docs\database\tables_completas\dispositivo.md";"0,74";".md";"2026-06-30 22:35";"True"
"D:\AtendimentoOfflineAlpha\docs\database\tables_completas\documento_arquivo.md";"0,89";".md";"2026-06-30 22:35";"True"
"D:\AtendimentoOfflineAlpha\docs\database\tables_completas\documento_emissao_evento.md";"0,8";".md";"2026-06-30 22:35";"True"
"D:\AtendimentoOfflineAlpha\docs\database\tables_completas\documento_emissao.md";"1,6";".md";"2026-06-30 22:35";"True"
"D:\AtendimentoOfflineAlpha\docs\database\tables_completas\documento_tipo_config.md";"0,76";".md";"2026-06-30 22:35";"True"
"D:\AtendimentoOfflineAlpha\docs\database\tables_completas\enfermagem_aprazamento.md";"0,96";".md";"2026-06-30 22:35";"True"
"D:\AtendimentoOfflineAlpha\docs\database\tables_completas\enfermagem_diagnosticos.md";"0,74";".md";"2026-06-30 22:35";"True"
"D:\AtendimentoOfflineAlpha\docs\database\tables_completas\enfermagem.md";"0,68";".md";"2026-06-30 22:35";"True"
"D:\AtendimentoOfflineAlpha\docs\database\tables_completas\erro_catalogo.md";"0,75";".md";"2026-06-30 22:35";"True"
"D:\AtendimentoOfflineAlpha\docs\database\tables_completas\erro_evento.md";"1";".md";"2026-06-30 22:35";"True"
"D:\AtendimentoOfflineAlpha\docs\database\tables_completas\escala_medica.md";"0,82";".md";"2026-06-30 22:35";"True"
"D:\AtendimentoOfflineAlpha\docs\database\tables_completas\escala_plantao_atual.md";"0,87";".md";"2026-06-30 22:35";"True"
"D:\AtendimentoOfflineAlpha\docs\database\tables_completas\escala_plantao.md";"0,95";".md";"2026-06-30 22:35";"True"
"D:\AtendimentoOfflineAlpha\docs\database\tables_completas\escala_profissional.md";"1,06";".md";"2026-06-30 22:35";"True"
"D:\AtendimentoOfflineAlpha\docs\database\tables_completas\especialidade.md";"0,71";".md";"2026-06-30 22:35";"True"
"D:\AtendimentoOfflineAlpha\docs\database\tables_completas\estoque_alerta.md";"0,7";".md";"2026-06-30 22:35";"True"
"D:\AtendimentoOfflineAlpha\docs\database\tables_completas\estoque_almoxarifado_central.md";"0,84";".md";"2026-06-30 22:35";"True"
"D:\AtendimentoOfflineAlpha\docs\database\tables_completas\estoque_audit_stream.md";"0,79";".md";"2026-06-30 22:35";"True"
"D:\AtendimentoOfflineAlpha\docs\database\tables_completas\estoque_conciliacao_atomica.md";"1,19";".md";"2026-06-30 22:35";"True"
"D:\AtendimentoOfflineAlpha\docs\database\tables_completas\estoque_conta.md";"0,62";".md";"2026-06-30 22:35";"True"
"D:\AtendimentoOfflineAlpha\docs\database\tables_completas\estoque_documento_execucao.md";"1,36";".md";"2026-06-30 22:35";"True"
"D:\AtendimentoOfflineAlpha\docs\database\tables_completas\estoque_evento_confirmacao.md";"0,99";".md";"2026-06-30 22:35";"True"
"D:\AtendimentoOfflineAlpha\docs\database\tables_completas\estoque_execucao_pipeline.md";"0,6";".md";"2026-06-30 22:35";"True"
"D:\AtendimentoOfflineAlpha\docs\database\tables_completas\estoque_execucao.md";"0,6";".md";"2026-06-30 22:35";"True"
"D:\AtendimentoOfflineAlpha\docs\database\tables_completas\estoque_fluxo_assistencial.md";"1,12";".md";"2026-06-30 22:35";"True"
"D:\AtendimentoOfflineAlpha\docs\database\tables_completas\estoque_inventario_item.md";"0,88";".md";"2026-06-30 22:35";"True"
"D:\AtendimentoOfflineAlpha\docs\database\tables_completas\estoque_inventario.md";"0,96";".md";"2026-06-30 22:35";"True"
"D:\AtendimentoOfflineAlpha\docs\database\tables_completas\estoque_item.md";"1,04";".md";"2026-06-30 22:35";"True"
"D:\AtendimentoOfflineAlpha\docs\database\tables_completas\estoque_ledger.md";"0,92";".md";"2026-06-30 22:35";"True"
"D:\AtendimentoOfflineAlpha\docs\database\tables_completas\estoque_local.md";"1,13";".md";"2026-06-30 22:35";"True"
"D:\AtendimentoOfflineAlpha\docs\database\tables_completas\estoque_lote_snapshot.md";"1,03";".md";"2026-06-30 22:35";"True"
"D:\AtendimentoOfflineAlpha\docs\database\tables_completas\estoque_lote.md";"0,69";".md";"2026-06-30 22:35";"True"
"D:\AtendimentoOfflineAlpha\docs\database\tables_completas\estoque_movimentacao_itens.md";"0,72";".md";"2026-06-30 22:35";"True"
"D:\AtendimentoOfflineAlpha\docs\database\tables_completas\estoque_movimentacao.md";"1";".md";"2026-06-30 22:35";"True"
"D:\AtendimentoOfflineAlpha\docs\database\tables_completas\estoque_movimento_item.md";"0,93";".md";"2026-06-30 22:35";"True"
"D:\AtendimentoOfflineAlpha\docs\database\tables_completas\estoque_movimento.md";"1,22";".md";"2026-06-30 22:35";"True"
"D:\AtendimentoOfflineAlpha\docs\database\tables_completas\estoque_pipeline_estado.md";"0,64";".md";"2026-06-30 22:35";"True"
"D:\AtendimentoOfflineAlpha\docs\database\tables_completas\estoque_produto_codigo_externo.md";"0,98";".md";"2026-06-30 22:35";"True"
"D:\AtendimentoOfflineAlpha\docs\database\tables_completas\estoque_produto.md";"1,71";".md";"2026-06-30 22:35";"True"
"D:\AtendimentoOfflineAlpha\docs\database\tables_completas\estoque_reserva_evento.md";"0,89";".md";"2026-06-30 22:35";"True"
"D:\AtendimentoOfflineAlpha\docs\database\tables_completas\estoque_reserva.md";"1,28";".md";"2026-06-30 22:35";"True"
"D:\AtendimentoOfflineAlpha\docs\database\tables_completas\estoque_saldo_central.md";"1,19";".md";"2026-06-30 22:35";"True"
"D:\AtendimentoOfflineAlpha\docs\database\tables_completas\estoque_saldo_master.md";"1,19";".md";"2026-06-30 22:35";"True"
"D:\AtendimentoOfflineAlpha\docs\database\tables_completas\estoque_saldo.md";"1,14";".md";"2026-06-30 22:35";"True"
"D:\AtendimentoOfflineAlpha\docs\database\tables_completas\evento_ffa.md";"0,94";".md";"2026-06-30 22:35";"True"
"D:\AtendimentoOfflineAlpha\docs\database\tables_completas\evento_geral.md";"0,96";".md";"2026-06-30 22:35";"True"
"D:\AtendimentoOfflineAlpha\docs\database\tables_completas\evento_limpeza.md";"0,7";".md";"2026-06-30 22:35";"True"
"D:\AtendimentoOfflineAlpha\docs\database\tables_completas\eventos_fluxo.md";"0,8";".md";"2026-06-30 22:35";"True"
"D:\AtendimentoOfflineAlpha\docs\database\tables_completas\evolucao_enfermagem.md";"0,78";".md";"2026-06-30 22:35";"True"
"D:\AtendimentoOfflineAlpha\docs\database\tables_completas\evolucao_medica.md";"0,76";".md";"2026-06-30 22:35";"True"
"D:\AtendimentoOfflineAlpha\docs\database\tables_completas\evolucao_multidisciplinar.md";"0,77";".md";"2026-06-30 22:35";"True"
"D:\AtendimentoOfflineAlpha\docs\database\tables_completas\exame_fisico.md";"0,69";".md";"2026-06-30 22:35";"True"
"D:\AtendimentoOfflineAlpha\docs\database\tables_completas\exame_historico.md";"0,72";".md";"2026-06-30 22:35";"True"
"D:\AtendimentoOfflineAlpha\docs\database\tables_completas\exame_pedido_item.md";"0,8";".md";"2026-06-30 22:35";"True"
"D:\AtendimentoOfflineAlpha\docs\database\tables_completas\exame_pedido.md";"0,91";".md";"2026-06-30 22:35";"True"
"D:\AtendimentoOfflineAlpha\docs\database\tables_completas\exame.md";"0,59";".md";"2026-06-30 22:35";"True"
"D:\AtendimentoOfflineAlpha\docs\database\tables_completas\farm_atendimento_externo.md";"1,33";".md";"2026-06-30 22:35";"True"
"D:\AtendimentoOfflineAlpha\docs\database\tables_completas\farm_convenio_autorizacao.md";"0,75";".md";"2026-06-30 22:35";"True"
"D:\AtendimentoOfflineAlpha\docs\database\tables_completas\farm_dispensacao_item.md";"0,86";".md";"2026-06-30 22:35";"True"
"D:\AtendimentoOfflineAlpha\docs\database\tables_completas\farm_dispensacao.md";"0,96";".md";"2026-06-30 22:35";"True"
"D:\AtendimentoOfflineAlpha\docs\database\tables_completas\farm_operacao.md";"0,65";".md";"2026-06-30 22:35";"True"
"D:\AtendimentoOfflineAlpha\docs\database\tables_completas\farm_receita_controlada.md";"1,46";".md";"2026-06-30 22:35";"True"
"D:\AtendimentoOfflineAlpha\docs\database\tables_completas\farmacia_atendimento_externo_dispensacao.md";"1,33";".md";"2026-06-30 22:35";"True"
"D:\AtendimentoOfflineAlpha\docs\database\tables_completas\farmacia_atendimento_externo_item.md";"1,23";".md";"2026-06-30 22:35";"True"
"D:\AtendimentoOfflineAlpha\docs\database\tables_completas\farmacia_dispensacao_log.md";"0,93";".md";"2026-06-30 22:35";"True"
"D:\AtendimentoOfflineAlpha\docs\database\tables_completas\farmacia_externo_evento.md";"0,71";".md";"2026-06-30 22:35";"True"
"D:\AtendimentoOfflineAlpha\docs\database\tables_completas\farmaco_auditoria_bloqueio.md";"0,88";".md";"2026-06-30 22:35";"True"
"D:\AtendimentoOfflineAlpha\docs\database\tables_completas\farmaco_auditoria.md";"0,76";".md";"2026-06-30 22:35";"True"
"D:\AtendimentoOfflineAlpha\docs\database\tables_completas\farmaco_movimentacao.md";"1,08";".md";"2026-06-30 22:35";"True"
"D:\AtendimentoOfflineAlpha\docs\database\tables_completas\farmaco_unidade.md";"0,7";".md";"2026-06-30 22:35";"True"
"D:\AtendimentoOfflineAlpha\docs\database\tables_completas\faturamento_codigo.md";"0,91";".md";"2026-06-30 22:35";"True"
"D:\AtendimentoOfflineAlpha\docs\database\tables_completas\faturamento_conta_item.md";"0,51";".md";"2026-06-30 22:35";"True"
"D:\AtendimentoOfflineAlpha\docs\database\tables_completas\faturamento_conta_paciente.md";"0,77";".md";"2026-06-30 22:35";"True"
"D:\AtendimentoOfflineAlpha\docs\database\tables_completas\faturamento_conta_seq.md";"0,51";".md";"2026-06-30 22:35";"True"
"D:\AtendimentoOfflineAlpha\docs\database\tables_completas\faturamento_conta.md";"1,81";".md";"2026-06-30 22:35";"True"
"D:\AtendimentoOfflineAlpha\docs\database\tables_completas\faturamento_convenio.md";"0,77";".md";"2026-06-30 22:35";"True"
"D:\AtendimentoOfflineAlpha\docs\database\tables_completas\faturamento_convenios.md";"0,57";".md";"2026-06-30 22:35";"True"
"D:\AtendimentoOfflineAlpha\docs\database\tables_completas\faturamento_evento.md";"0,87";".md";"2026-06-30 22:35";"True"
"D:\AtendimentoOfflineAlpha\docs\database\tables_completas\faturamento_insumo.md";"0,69";".md";"2026-06-30 22:35";"True"
"D:\AtendimentoOfflineAlpha\docs\database\tables_completas\faturamento_item.md";"1,59";".md";"2026-06-30 22:35";"True"
"D:\AtendimentoOfflineAlpha\docs\database\tables_completas\faturamento_producao_sus.md";"0,76";".md";"2026-06-30 22:35";"True"
"D:\AtendimentoOfflineAlpha\docs\database\tables_completas\faturamento_producao.md";"0,69";".md";"2026-06-30 22:35";"True"
"D:\AtendimentoOfflineAlpha\docs\database\tables_completas\faturamento_regras_validacao.md";"0,74";".md";"2026-06-30 22:35";"True"
"D:\AtendimentoOfflineAlpha\docs\database\tables_completas\faturamento_sigtap.md";"0,75";".md";"2026-06-30 22:35";"True"
"D:\AtendimentoOfflineAlpha\docs\database\tables_completas\faturamento_sus_config.md";"0,57";".md";"2026-06-30 22:35";"True"
"D:\AtendimentoOfflineAlpha\docs\database\tables_completas\ffa_demandas_externas.md";"0,75";".md";"2026-06-30 22:35";"True"
"D:\AtendimentoOfflineAlpha\docs\database\tables_completas\ffa_diagnostico.md";"1,12";".md";"2026-06-30 22:35";"True"
"D:\AtendimentoOfflineAlpha\docs\database\tables_completas\ffa_estado.md";"0,6";".md";"2026-06-30 22:35";"True"
"D:\AtendimentoOfflineAlpha\docs\database\tables_completas\ffa_estoque_conciliacao.md";"0,7";".md";"2026-06-30 22:35";"True"
"D:\AtendimentoOfflineAlpha\docs\database\tables_completas\ffa_evolucao.md";"1,15";".md";"2026-06-30 22:35";"True"
"D:\AtendimentoOfflineAlpha\docs\database\tables_completas\ffa_extra.md";"0,65";".md";"2026-06-30 22:35";"True"
"D:\AtendimentoOfflineAlpha\docs\database\tables_completas\ffa_historico_status.md";"0,68";".md";"2026-06-30 22:35";"True"
"D:\AtendimentoOfflineAlpha\docs\database\tables_completas\ffa_item.md";"1,21";".md";"2026-06-30 22:35";"True"
"D:\AtendimentoOfflineAlpha\docs\database\tables_completas\ffa_prioridade.md";"0,61";".md";"2026-06-30 22:35";"True"
"D:\AtendimentoOfflineAlpha\docs\database\tables_completas\ffa_procedimento.md";"0,98";".md";"2026-06-30 22:35";"True"
"D:\AtendimentoOfflineAlpha\docs\database\tables_completas\ffa_sinais_vitais.md";"1,46";".md";"2026-06-30 22:35";"True"
"D:\AtendimentoOfflineAlpha\docs\database\tables_completas\ffa_substatus.md";"0,9";".md";"2026-06-30 22:35";"True"
"D:\AtendimentoOfflineAlpha\docs\database\tables_completas\ffa.md";"1,1";".md";"2026-06-30 22:35";"True"
"D:\AtendimentoOfflineAlpha\docs\database\tables_completas\fila_evento.md";"0,74";".md";"2026-06-30 22:35";"True"
"D:\AtendimentoOfflineAlpha\docs\database\tables_completas\fila_operacional_evento.md";"0,84";".md";"2026-06-30 22:35";"True"
"D:\AtendimentoOfflineAlpha\docs\database\tables_completas\fila_operacional.md";"1,64";".md";"2026-06-30 22:35";"True"
"D:\AtendimentoOfflineAlpha\docs\database\tables_completas\fila_painel_runtime.md";"0,8";".md";"2026-06-30 22:35";"True"
"D:\AtendimentoOfflineAlpha\docs\database\tables_completas\fila_retorno.md";"0,65";".md";"2026-06-30 22:35";"True"
"D:\AtendimentoOfflineAlpha\docs\database\tables_completas\fila_senha.md";"0,6";".md";"2026-06-30 22:35";"True"
"D:\AtendimentoOfflineAlpha\docs\database\tables_completas\financeiro_repasse_medico.md";"0,9";".md";"2026-06-30 22:35";"True"
"D:\AtendimentoOfflineAlpha\docs\database\tables_completas\fluxo_orquestrador_canonico.md";"1,33";".md";"2026-06-30 22:35";"True"
"D:\AtendimentoOfflineAlpha\docs\database\tables_completas\fluxo_status.md";"0,79";".md";"2026-06-30 22:35";"True"
"D:\AtendimentoOfflineAlpha\docs\database\tables_completas\fluxo_transicao_matriz.md";"1,1";".md";"2026-06-30 22:35";"True"
"D:\AtendimentoOfflineAlpha\docs\database\tables_completas\fluxo_transicao.md";"1,4";".md";"2026-06-30 22:35";"True"
"D:\AtendimentoOfflineAlpha\docs\database\tables_completas\forma_pagamento.md";"0,57";".md";"2026-06-30 22:35";"True"
"D:\AtendimentoOfflineAlpha\docs\database\tables_completas\fornecedor.md";"0,72";".md";"2026-06-30 22:35";"True"
"D:\AtendimentoOfflineAlpha\docs\database\tables_completas\funcionario_conselho_profissional.md";"0,86";".md";"2026-06-30 22:35";"True"
"D:\AtendimentoOfflineAlpha\docs\database\tables_completas\funcionario_especialidade.md";"0,76";".md";"2026-06-30 22:35";"True"
"D:\AtendimentoOfflineAlpha\docs\database\tables_completas\funcionario_unidade.md";"1";".md";"2026-06-30 22:35";"True"
"D:\AtendimentoOfflineAlpha\docs\database\tables_completas\funcionario.md";"1,09";".md";"2026-06-30 22:35";"True"
"D:\AtendimentoOfflineAlpha\docs\database\tables_completas\gaso_evento.md";"0,87";".md";"2026-06-30 22:35";"True"
"D:\AtendimentoOfflineAlpha\docs\database\tables_completas\gaso_solicitacao.md";"1,09";".md";"2026-06-30 22:35";"True"
"D:\AtendimentoOfflineAlpha\docs\database\tables_completas\gasoterapia_consumo_evento.md";"0,82";".md";"2026-06-30 22:35";"True"
"D:\AtendimentoOfflineAlpha\docs\database\tables_completas\gasoterapia_consumo.md";"0,93";".md";"2026-06-30 22:35";"True"
"D:\AtendimentoOfflineAlpha\docs\database\tables_completas\gpat_atendimento.md";"1,81";".md";"2026-06-30 22:35";"True"
"D:\AtendimentoOfflineAlpha\docs\database\tables_completas\gpat_dispensacao.md";"1,3";".md";"2026-06-30 22:35";"True"
"D:\AtendimentoOfflineAlpha\docs\database\tables_completas\gpat_evento.md";"0,9";".md";"2026-06-30 22:35";"True"
"D:\AtendimentoOfflineAlpha\docs\database\tables_completas\gpat_item.md";"1,06";".md";"2026-06-30 22:35";"True"
"D:\AtendimentoOfflineAlpha\docs\database\tables_completas\gpat.md";"1";".md";"2026-06-30 22:35";"True"
"D:\AtendimentoOfflineAlpha\docs\database\tables_completas\guardiao_acl_runtime.md";"0,8";".md";"2026-06-30 22:35";"True"
"D:\AtendimentoOfflineAlpha\docs\database\tables_completas\guardiao_runtime_final.md";"1";".md";"2026-06-30 22:35";"True"
"D:\AtendimentoOfflineAlpha\docs\database\tables_completas\hardening_sp_excecao.md";"0,52";".md";"2026-06-30 22:35";"True"
"D:\AtendimentoOfflineAlpha\docs\database\tables_completas\hipotese_diagnostica.md";"0,76";".md";"2026-06-30 22:35";"True"
"D:\AtendimentoOfflineAlpha\docs\database\tables_completas\hospital_leitos.md";"0,68";".md";"2026-06-30 22:35";"True"
"D:\AtendimentoOfflineAlpha\docs\database\tables_completas\identificador_global_assistencial.md";"0,86";".md";"2026-06-30 22:35";"True"
"D:\AtendimentoOfflineAlpha\docs\database\tables_completas\integracao_mensageria_externa.md";"0,76";".md";"2026-06-30 22:35";"True"
"D:\AtendimentoOfflineAlpha\docs\database\tables_completas\interconsulta.md";"0,76";".md";"2026-06-30 22:35";"True"
"D:\AtendimentoOfflineAlpha\docs\database\tables_completas\intercorrencia.md";"0,9";".md";"2026-06-30 22:35";"True"
"D:\AtendimentoOfflineAlpha\docs\database\tables_completas\internacao_braden_avaliacao.md";"1,59";".md";"2026-06-30 22:35";"True"
"D:\AtendimentoOfflineAlpha\docs\database\tables_completas\internacao_cuidados.md";"0,71";".md";"2026-06-30 22:35";"True"
"D:\AtendimentoOfflineAlpha\docs\database\tables_completas\internacao_dietas.md";"0,7";".md";"2026-06-30 22:35";"True"
"D:\AtendimentoOfflineAlpha\docs\database\tables_completas\internacao_dispositivos.md";"0,94";".md";"2026-06-30 22:35";"True"
"D:\AtendimentoOfflineAlpha\docs\database\tables_completas\internacao_ferida_avaliacao.md";"1,6";".md";"2026-06-30 22:35";"True"
"D:\AtendimentoOfflineAlpha\docs\database\tables_completas\internacao_historico.md";"0,82";".md";"2026-06-30 22:35";"True"
"D:\AtendimentoOfflineAlpha\docs\database\tables_completas\internacao_medicacao_administracao.md";"1,62";".md";"2026-06-30 22:35";"True"
"D:\AtendimentoOfflineAlpha\docs\database\tables_completas\internacao_movimentacao.md";"1,35";".md";"2026-06-30 22:35";"True"
"D:\AtendimentoOfflineAlpha\docs\database\tables_completas\internacao_prescricao_item.md";"1,42";".md";"2026-06-30 22:35";"True"
"D:\AtendimentoOfflineAlpha\docs\database\tables_completas\internacao_prescricao.md";"1,33";".md";"2026-06-30 22:35";"True"
"D:\AtendimentoOfflineAlpha\docs\database\tables_completas\internacao_registro_enfermagem.md";"1,79";".md";"2026-06-30 22:35";"True"
"D:\AtendimentoOfflineAlpha\docs\database\tables_completas\internacao_turno_registro.md";"1,35";".md";"2026-06-30 22:35";"True"
"D:\AtendimentoOfflineAlpha\docs\database\tables_completas\internacao.md";"1,97";".md";"2026-06-30 22:35";"True"
"D:\AtendimentoOfflineAlpha\docs\database\tables_completas\kernel_authz_policy.md";"1,34";".md";"2026-06-30 22:35";"True"
"D:\AtendimentoOfflineAlpha\docs\database\tables_completas\kernel_identity_trust_chain.md";"1,73";".md";"2026-06-30 22:35";"True"
"D:\AtendimentoOfflineAlpha\docs\database\tables_completas\kernel_ledger.md";"1,11";".md";"2026-06-30 22:35";"True"
"D:\AtendimentoOfflineAlpha\docs\database\tables_completas\kernel_runtime_evento.md";"0,99";".md";"2026-06-30 22:35";"True"
"D:\AtendimentoOfflineAlpha\docs\database\tables_completas\kernel_runtime_heartbeat.md";"0,73";".md";"2026-06-30 22:35";"True"
"D:\AtendimentoOfflineAlpha\docs\database\tables_completas\kernel_runtime_single_writer_lock.md";"0,7";".md";"2026-06-30 22:35";"True"
"D:\AtendimentoOfflineAlpha\docs\database\tables_completas\kernel_single_writer_lock.md";"0,63";".md";"2026-06-30 22:35";"True"
"D:\AtendimentoOfflineAlpha\docs\database\tables_completas\lab_amostra.md";"1,38";".md";"2026-06-30 22:35";"True"
"D:\AtendimentoOfflineAlpha\docs\database\tables_completas\lab_evento.md";"0,72";".md";"2026-06-30 22:35";"True"
"D:\AtendimentoOfflineAlpha\docs\database\tables_completas\lab_pedido.md";"0,93";".md";"2026-06-30 22:35";"True"
"D:\AtendimentoOfflineAlpha\docs\database\tables_completas\lab_protocolo_interno.md";"0,75";".md";"2026-06-30 22:35";"True"
"D:\AtendimentoOfflineAlpha\docs\database\tables_completas\lab_resultado.md";"0,88";".md";"2026-06-30 22:35";"True"
"D:\AtendimentoOfflineAlpha\docs\database\tables_completas\laboratorio_protocolo_evento.md";"0,8";".md";"2026-06-30 22:35";"True"
"D:\AtendimentoOfflineAlpha\docs\database\tables_completas\laboratorio_protocolo.md";"1,2";".md";"2026-06-30 22:35";"True"
"D:\AtendimentoOfflineAlpha\docs\database\tables_completas\ledger_evento_sincronizacao_local.md";"1,47";".md";"2026-06-30 22:35";"True"
"D:\AtendimentoOfflineAlpha\docs\database\tables_completas\ledger_evento_sincronizacao.md";"1,48";".md";"2026-06-30 22:35";"True"
"D:\AtendimentoOfflineAlpha\docs\database\tables_completas\ledger_global_sincronismo.md";"1,67";".md";"2026-06-30 22:35";"True"
"D:\AtendimentoOfflineAlpha\docs\database\tables_completas\leito.md";"0,7";".md";"2026-06-30 22:35";"True"
"D:\AtendimentoOfflineAlpha\docs\database\tables_completas\local_capacidade.md";"0,64";".md";"2026-06-30 22:35";"True"
"D:\AtendimentoOfflineAlpha\docs\database\tables_completas\local_dispositivo.md";"0,64";".md";"2026-06-30 22:35";"True"
"D:\AtendimentoOfflineAlpha\docs\database\tables_completas\local_fila.md";"0,77";".md";"2026-06-30 22:35";"True"
"D:\AtendimentoOfflineAlpha\docs\database\tables_completas\local_runtime.md";"1";".md";"2026-06-30 22:35";"True"
"D:\AtendimentoOfflineAlpha\docs\database\tables_completas\local_turno.md";"0,64";".md";"2026-06-30 22:35";"True"
"D:\AtendimentoOfflineAlpha\docs\database\tables_completas\local.md";"1,12";".md";"2026-06-30 22:35";"True"
"D:\AtendimentoOfflineAlpha\docs\database\tables_completas\log_acesso_prontuario.md";"0,7";".md";"2026-06-30 22:35";"True"
"D:\AtendimentoOfflineAlpha\docs\database\tables_completas\log_auditoria.md";"0,79";".md";"2026-06-30 22:35";"True"
"D:\AtendimentoOfflineAlpha\docs\database\tables_completas\log_leitura_prontuario.md";"0,62";".md";"2026-06-30 22:35";"True"
"D:\AtendimentoOfflineAlpha\docs\database\tables_completas\login_tentativa.md";"0,98";".md";"2026-06-30 22:35";"True"
"D:\AtendimentoOfflineAlpha\docs\database\tables_completas\logradouro.md";"0,82";".md";"2026-06-30 22:35";"True"
"D:\AtendimentoOfflineAlpha\docs\database\tables_completas\manutencao_execucao.md";"0,72";".md";"2026-06-30 22:35";"True"
"D:\AtendimentoOfflineAlpha\docs\database\tables_completas\md_arquivo_fonte_evento.md";"0,99";".md";"2026-06-30 22:35";"True"
"D:\AtendimentoOfflineAlpha\docs\database\tables_completas\md_arquivo_fonte.md";"1,24";".md";"2026-06-30 22:35";"True"
"D:\AtendimentoOfflineAlpha\docs\database\tables_completas\md_cid10.md";"0,95";".md";"2026-06-30 22:35";"True"
"D:\AtendimentoOfflineAlpha\docs\database\tables_completas\md_cnes_estabelecimento.md";"1,2";".md";"2026-06-30 22:35";"True"
"D:\AtendimentoOfflineAlpha\docs\database\tables_completas\md_competencia.md";"0,66";".md";"2026-06-30 22:35";"True"
"D:\AtendimentoOfflineAlpha\docs\database\tables_completas\md_sigpat_medicamento.md";"0,96";".md";"2026-06-30 22:35";"True"
"D:\AtendimentoOfflineAlpha\docs\database\tables_completas\md_sigtap_procedimento.md";"0,99";".md";"2026-06-30 22:35";"True"
"D:\AtendimentoOfflineAlpha\docs\database\tables_completas\medicacao_reavaliacao.md";"1,47";".md";"2026-06-30 22:35";"True"
"D:\AtendimentoOfflineAlpha\docs\database\tables_completas\medico_especialidade.md";"0,59";".md";"2026-06-30 22:35";"True"
"D:\AtendimentoOfflineAlpha\docs\database\tables_completas\medico.md";"0,83";".md";"2026-06-30 22:35";"True"
"D:\AtendimentoOfflineAlpha\docs\database\tables_completas\notificacao_epidemiologica_evento.md";"0,95";".md";"2026-06-30 22:35";"True"
"D:\AtendimentoOfflineAlpha\docs\database\tables_completas\notificacao_epidemiologica.md";"1,01";".md";"2026-06-30 22:35";"True"
"D:\AtendimentoOfflineAlpha\docs\database\tables_completas\notificacao_violencia_evento.md";"0,97";".md";"2026-06-30 22:35";"True"
"D:\AtendimentoOfflineAlpha\docs\database\tables_completas\notificacao_violencia.md";"1,28";".md";"2026-06-30 22:35";"True"
"D:\AtendimentoOfflineAlpha\docs\database\tables_completas\nucleo_governanca_assistencial.md";"0,78";".md";"2026-06-30 22:35";"True"
"D:\AtendimentoOfflineAlpha\docs\database\tables_completas\obito_evento.md";"0,8";".md";"2026-06-30 22:35";"True"
"D:\AtendimentoOfflineAlpha\docs\database\tables_completas\obito.md";"1,24";".md";"2026-06-30 22:35";"True"
"D:\AtendimentoOfflineAlpha\docs\database\tables_completas\observacoes_eventos.md";"0,87";".md";"2026-06-30 22:35";"True"
"D:\AtendimentoOfflineAlpha\docs\database\tables_completas\operacao_idempotencia.md";"0,63";".md";"2026-06-30 22:35";"True"
"D:\AtendimentoOfflineAlpha\docs\database\tables_completas\ordem_assistencial_aprazamento.md";"1,65";".md";"2026-06-30 22:35";"True"
"D:\AtendimentoOfflineAlpha\docs\database\tables_completas\ordem_assistencial_execucao.md";"1,35";".md";"2026-06-30 22:35";"True"
"D:\AtendimentoOfflineAlpha\docs\database\tables_completas\ordem_assistencial_item.md";"2,06";".md";"2026-06-30 22:35";"True"
"D:\AtendimentoOfflineAlpha\docs\database\tables_completas\ordem_assistencial.md";"1,46";".md";"2026-06-30 22:35";"True"
"D:\AtendimentoOfflineAlpha\docs\database\tables_completas\ordem_tipo_documento_config.md";"0,73";".md";"2026-06-30 22:35";"True"
"D:\AtendimentoOfflineAlpha\docs\database\tables_completas\paciente_alertas.md";"0,68";".md";"2026-06-30 22:35";"True"
"D:\AtendimentoOfflineAlpha\docs\database\tables_completas\paciente_canonico.md";"1,09";".md";"2026-06-30 22:35";"True"
"D:\AtendimentoOfflineAlpha\docs\database\tables_completas\paciente_cns_evento.md";"0,78";".md";"2026-06-30 22:35";"True"
"D:\AtendimentoOfflineAlpha\docs\database\tables_completas\paciente_cns.md";"1,01";".md";"2026-06-30 22:35";"True"
"D:\AtendimentoOfflineAlpha\docs\database\tables_completas\paciente.md";"1,27";".md";"2026-06-30 22:35";"True"
"D:\AtendimentoOfflineAlpha\docs\database\tables_completas\painel_alertas_tempo.md";"0,6";".md";"2026-06-30 22:35";"True"
"D:\AtendimentoOfflineAlpha\docs\database\tables_completas\painel_config_def.md";"1,36";".md";"2026-06-30 22:35";"True"
"D:\AtendimentoOfflineAlpha\docs\database\tables_completas\painel_config.md";"1,14";".md";"2026-06-30 22:35";"True"
"D:\AtendimentoOfflineAlpha\docs\database\tables_completas\painel_consumo_evento.md";"0,83";".md";"2026-06-30 22:35";"True"
"D:\AtendimentoOfflineAlpha\docs\database\tables_completas\painel_evento_stream.md";"0,95";".md";"2026-06-30 22:35";"True"
"D:\AtendimentoOfflineAlpha\docs\database\tables_completas\painel_fila_tipo.md";"0,48";".md";"2026-06-30 22:35";"True"
"D:\AtendimentoOfflineAlpha\docs\database\tables_completas\painel_grupo_local.md";"0,53";".md";"2026-06-30 22:35";"True"
"D:\AtendimentoOfflineAlpha\docs\database\tables_completas\painel_grupo.md";"0,71";".md";"2026-06-30 22:35";"True"
"D:\AtendimentoOfflineAlpha\docs\database\tables_completas\painel_lane.md";"0,47";".md";"2026-06-30 22:35";"True"
"D:\AtendimentoOfflineAlpha\docs\database\tables_completas\painel_local.md";"0,59";".md";"2026-06-30 22:35";"True"
"D:\AtendimentoOfflineAlpha\docs\database\tables_completas\painel_mensagem_consumo.md";"0,84";".md";"2026-06-30 22:35";"True"
"D:\AtendimentoOfflineAlpha\docs\database\tables_completas\painel_mensagem.md";"1,02";".md";"2026-06-30 22:35";"True"
"D:\AtendimentoOfflineAlpha\docs\database\tables_completas\painel_monitoramento_especialidade.md";"0,78";".md";"2026-06-30 22:35";"True"
"D:\AtendimentoOfflineAlpha\docs\database\tables_completas\painel.md";"1,23";".md";"2026-06-30 22:35";"True"
"D:\AtendimentoOfflineAlpha\docs\database\tables_completas\pdv_cliente.md";"0,69";".md";"2026-06-30 22:35";"True"
"D:\AtendimentoOfflineAlpha\docs\database\tables_completas\pdv_pagamento.md";"0,79";".md";"2026-06-30 22:35";"True"
"D:\AtendimentoOfflineAlpha\docs\database\tables_completas\pdv_venda_item.md";"0,98";".md";"2026-06-30 22:35";"True"
"D:\AtendimentoOfflineAlpha\docs\database\tables_completas\pdv_venda.md";"1,34";".md";"2026-06-30 22:35";"True"
"D:\AtendimentoOfflineAlpha\docs\database\tables_completas\pedido_medico_item.md";"1,52";".md";"2026-06-30 22:35";"True"
"D:\AtendimentoOfflineAlpha\docs\database\tables_completas\pedido_medico.md";"0,91";".md";"2026-06-30 22:35";"True"
"D:\AtendimentoOfflineAlpha\docs\database\tables_completas\pep_assinatura_digital.md";"0,65";".md";"2026-06-30 22:35";"True"
"D:\AtendimentoOfflineAlpha\docs\database\tables_completas\pep_registro.md";"1,14";".md";"2026-06-30 22:35";"True"
"D:\AtendimentoOfflineAlpha\docs\database\tables_completas\perfil_permissao.md";"0,66";".md";"2026-06-30 22:35";"True"
"D:\AtendimentoOfflineAlpha\docs\database\tables_completas\perfil.md";"0,75";".md";"2026-06-30 22:35";"True"
"D:\AtendimentoOfflineAlpha\docs\database\tables_completas\permissao.md";"1,13";".md";"2026-06-30 22:35";"True"
"D:\AtendimentoOfflineAlpha\docs\database\tables_completas\pessoa_alergias.md";"0,73";".md";"2026-06-30 22:35";"True"
"D:\AtendimentoOfflineAlpha\docs\database\tables_completas\pessoa_conselho_registro.md";"1,17";".md";"2026-06-30 22:35";"True"
"D:\AtendimentoOfflineAlpha\docs\database\tables_completas\pessoa_contato.md";"0,66";".md";"2026-06-30 22:35";"True"
"D:\AtendimentoOfflineAlpha\docs\database\tables_completas\pessoa_documento.md";"1,16";".md";"2026-06-30 22:35";"True"
"D:\AtendimentoOfflineAlpha\docs\database\tables_completas\pessoa_email.md";"1,04";".md";"2026-06-30 22:35";"True"
"D:\AtendimentoOfflineAlpha\docs\database\tables_completas\pessoa_endereco.md";"1,43";".md";"2026-06-30 22:35";"True"
"D:\AtendimentoOfflineAlpha\docs\database\tables_completas\pessoa_identificador.md";"1,05";".md";"2026-06-30 22:35";"True"
"D:\AtendimentoOfflineAlpha\docs\database\tables_completas\pessoa_logradouro.md";"0,81";".md";"2026-06-30 22:35";"True"
"D:\AtendimentoOfflineAlpha\docs\database\tables_completas\pessoa_telefone.md";"1,01";".md";"2026-06-30 22:35";"True"
"D:\AtendimentoOfflineAlpha\docs\database\tables_completas\pessoa_vinculo.md";"0,96";".md";"2026-06-30 22:35";"True"
"D:\AtendimentoOfflineAlpha\docs\database\tables_completas\pessoa.md";"1,38";".md";"2026-06-30 22:35";"True"
"D:\AtendimentoOfflineAlpha\docs\database\tables_completas\plantao_escala.md";"1,34";".md";"2026-06-30 22:35";"True"
"D:\AtendimentoOfflineAlpha\docs\database\tables_completas\plantao_modelo.md";"0,82";".md";"2026-06-30 22:35";"True"
"D:\AtendimentoOfflineAlpha\docs\database\tables_completas\plantao.md";"1,13";".md";"2026-06-30 22:35";"True"
"D:\AtendimentoOfflineAlpha\docs\database\tables_completas\prescricao_checagem_dupla.md";"0,8";".md";"2026-06-30 22:35";"True"
"D:\AtendimentoOfflineAlpha\docs\database\tables_completas\prescricao_checagem.md";"0,88";".md";"2026-06-30 22:35";"True"
"D:\AtendimentoOfflineAlpha\docs\database\tables_completas\prescricao_continua.md";"0,77";".md";"2026-06-30 22:35";"True"
"D:\AtendimentoOfflineAlpha\docs\database\tables_completas\prescricao_internacao.md";"0,88";".md";"2026-06-30 22:35";"True"
"D:\AtendimentoOfflineAlpha\docs\database\tables_completas\prescricao_item.md";"1";".md";"2026-06-30 22:35";"True"
"D:\AtendimentoOfflineAlpha\docs\database\tables_completas\prescricao_itens.md";"1,05";".md";"2026-06-30 22:35";"True"
"D:\AtendimentoOfflineAlpha\docs\database\tables_completas\prescricao_kit_itens.md";"0,71";".md";"2026-06-30 22:35";"True"
"D:\AtendimentoOfflineAlpha\docs\database\tables_completas\prescricao_kit_master.md";"0,55";".md";"2026-06-30 22:35";"True"
"D:\AtendimentoOfflineAlpha\docs\database\tables_completas\prescricao_medica.md";"0,82";".md";"2026-06-30 22:35";"True"
"D:\AtendimentoOfflineAlpha\docs\database\tables_completas\prescricao_medicacao.md";"0,8";".md";"2026-06-30 22:35";"True"
"D:\AtendimentoOfflineAlpha\docs\database\tables_completas\prescricao.md";"0,8";".md";"2026-06-30 22:35";"True"
"D:\AtendimentoOfflineAlpha\docs\database\tables_completas\prescritor_externo.md";"0,95";".md";"2026-06-30 22:35";"True"
"D:\AtendimentoOfflineAlpha\docs\database\tables_completas\prioridade_social.md";"0,64";".md";"2026-06-30 22:35";"True"
"D:\AtendimentoOfflineAlpha\docs\database\tables_completas\procedimento_protocolo_evento.md";"0,96";".md";"2026-06-30 22:35";"True"
"D:\AtendimentoOfflineAlpha\docs\database\tables_completas\procedimento_protocolo_resultado.md";"1,27";".md";"2026-06-30 22:35";"True"
"D:\AtendimentoOfflineAlpha\docs\database\tables_completas\procedimento_protocolo.md";"1,26";".md";"2026-06-30 22:35";"True"
"D:\AtendimentoOfflineAlpha\docs\database\tables_completas\procedimentos_sigtap.md";"0,55";".md";"2026-06-30 22:35";"True"
"D:\AtendimentoOfflineAlpha\docs\database\tables_completas\produtividade_evento.md";"0,95";".md";"2026-06-30 22:35";"True"
"D:\AtendimentoOfflineAlpha\docs\database\tables_completas\produto.md";"1,27";".md";"2026-06-30 22:35";"True"
"D:\AtendimentoOfflineAlpha\docs\database\tables_completas\profissional_registro.md";"0,96";".md";"2026-06-30 22:35";"True"
"D:\AtendimentoOfflineAlpha\docs\database\tables_completas\prontuario_evolucao.md";"0,83";".md";"2026-06-30 22:35";"True"
"D:\AtendimentoOfflineAlpha\docs\database\tables_completas\protocolo_assistencial_global.md";"1,15";".md";"2026-06-30 22:35";"True"
"D:\AtendimentoOfflineAlpha\docs\database\tables_completas\protocolo_emissao.md";"1,33";".md";"2026-06-30 22:35";"True"
"D:\AtendimentoOfflineAlpha\docs\database\tables_completas\protocolo_sequencia.md";"0,58";".md";"2026-06-30 22:35";"True"
"D:\AtendimentoOfflineAlpha\docs\database\tables_completas\qualidade_eventos_adversos.md";"0,67";".md";"2026-06-30 22:35";"True"
"D:\AtendimentoOfflineAlpha\docs\database\tables_completas\reabertura_atendimento.md";"0,86";".md";"2026-06-30 22:35";"True"
"D:\AtendimentoOfflineAlpha\docs\database\tables_completas\reg_anexo.md";"1,18";".md";"2026-06-30 22:35";"True"
"D:\AtendimentoOfflineAlpha\docs\database\tables_completas\reg_auditoria_acesso_sensivel.md";"1,04";".md";"2026-06-30 22:35";"True"
"D:\AtendimentoOfflineAlpha\docs\database\tables_completas\reg_export_arquivo.md";"1,01";".md";"2026-06-30 22:35";"True"
"D:\AtendimentoOfflineAlpha\docs\database\tables_completas\reg_export_erro_validacao.md";"1";".md";"2026-06-30 22:35";"True"
"D:\AtendimentoOfflineAlpha\docs\database\tables_completas\reg_export_item.md";"1,18";".md";"2026-06-30 22:35";"True"
"D:\AtendimentoOfflineAlpha\docs\database\tables_completas\reg_export_lote.md";"1,43";".md";"2026-06-30 22:35";"True"
"D:\AtendimentoOfflineAlpha\docs\database\tables_completas\reg_formulario_snapshot.md";"1,36";".md";"2026-06-30 22:35";"True"
"D:\AtendimentoOfflineAlpha\docs\database\tables_completas\regra_timeout.md";"0,48";".md";"2026-06-30 22:35";"True"
"D:\AtendimentoOfflineAlpha\docs\database\tables_completas\regulacao_evento.md";"0,91";".md";"2026-06-30 22:35";"True"
"D:\AtendimentoOfflineAlpha\docs\database\tables_completas\remocao_evento.md";"0,8";".md";"2026-06-30 22:35";"True"
"D:\AtendimentoOfflineAlpha\docs\database\tables_completas\remocao_logistica.md";"0,83";".md";"2026-06-30 22:35";"True"
"D:\AtendimentoOfflineAlpha\docs\database\tables_completas\remocao.md";"1,38";".md";"2026-06-30 22:35";"True"
"D:\AtendimentoOfflineAlpha\docs\database\tables_completas\retorno_atendimento.md";"0,91";".md";"2026-06-30 22:35";"True"
"D:\AtendimentoOfflineAlpha\docs\database\tables_completas\retry_semantico_controle.md";"0,92";".md";"2026-06-30 22:35";"True"
"D:\AtendimentoOfflineAlpha\docs\database\tables_completas\rh_evento.md";"0,83";".md";"2026-06-30 22:35";"True"
"D:\AtendimentoOfflineAlpha\docs\database\tables_completas\rh_pessoa_vinculo.md";"1,53";".md";"2026-06-30 22:35";"True"
"D:\AtendimentoOfflineAlpha\docs\database\tables_completas\rh_registro_profissional.md";"1,1";".md";"2026-06-30 22:35";"True"
"D:\AtendimentoOfflineAlpha\docs\database\tables_completas\runtime_api_session_token.md";"1";".md";"2026-06-30 22:35";"True"
"D:\AtendimentoOfflineAlpha\docs\database\tables_completas\runtime_concurrency_guard.md";"1,04";".md";"2026-06-30 22:35";"True"
"D:\AtendimentoOfflineAlpha\docs\database\tables_completas\runtime_contexto.md";"1,12";".md";"2026-06-30 22:35";"True"
"D:\AtendimentoOfflineAlpha\docs\database\tables_completas\runtime_dispositivo.md";"1,03";".md";"2026-06-30 22:35";"True"
"D:\AtendimentoOfflineAlpha\docs\database\tables_completas\runtime_edge_evento.md";"1,41";".md";"2026-06-30 22:35";"True"
"D:\AtendimentoOfflineAlpha\docs\database\tables_completas\runtime_estado_sobrevivencia.md";"0,86";".md";"2026-06-30 22:35";"True"
"D:\AtendimentoOfflineAlpha\docs\database\tables_completas\runtime_evento_provisional.md";"1,12";".md";"2026-06-30 22:35";"True"
"D:\AtendimentoOfflineAlpha\docs\database\tables_completas\runtime_execution_queue.md";"1,16";".md";"2026-06-30 22:35";"True"
"D:\AtendimentoOfflineAlpha\docs\database\tables_completas\runtime_invariant_log.md";"0,99";".md";"2026-06-30 22:35";"True"
"D:\AtendimentoOfflineAlpha\docs\database\tables_completas\runtime_kernel_locks.md";"0,66";".md";"2026-06-30 22:35";"True"
"D:\AtendimentoOfflineAlpha\docs\database\tables_completas\runtime_lock_semantico.md";"0,86";".md";"2026-06-30 22:35";"True"
"D:\AtendimentoOfflineAlpha\docs\database\tables_completas\runtime_snapshot_governanca.md";"0,89";".md";"2026-06-30 22:35";"True"
"D:\AtendimentoOfflineAlpha\docs\database\tables_completas\runtime_snapshot_metadata.md";"1";".md";"2026-06-30 22:35";"True"
"D:\AtendimentoOfflineAlpha\docs\database\tables_completas\runtime_sync_log.md";"0,96";".md";"2026-06-30 22:35";"True"
"D:\AtendimentoOfflineAlpha\docs\database\tables_completas\runtime_sync_queue.md";"0,73";".md";"2026-06-30 22:35";"True"
"D:\AtendimentoOfflineAlpha\docs\database\tables_completas\saas_contrato.md";"0,7";".md";"2026-06-30 22:35";"True"
"D:\AtendimentoOfflineAlpha\docs\database\tables_completas\saas_entidade.md";"0,74";".md";"2026-06-30 22:35";"True"
"D:\AtendimentoOfflineAlpha\docs\database\tables_completas\sala_notificacao_evento.md";"0,94";".md";"2026-06-30 22:35";"True"
"D:\AtendimentoOfflineAlpha\docs\database\tables_completas\sala_notificacao.md";"1,03";".md";"2026-06-30 22:35";"True"
"D:\AtendimentoOfflineAlpha\docs\database\tables_completas\schema_patch_execucao.md";"0,74";".md";"2026-06-30 22:35";"True"
"D:\AtendimentoOfflineAlpha\docs\database\tables_completas\senha_eventos.md";"0,86";".md";"2026-06-30 22:35";"True"
"D:\AtendimentoOfflineAlpha\docs\database\tables_completas\senha_sequencia.md";"0,66";".md";"2026-06-30 22:35";"True"
"D:\AtendimentoOfflineAlpha\docs\database\tables_completas\senha_status.md";"0,67";".md";"2026-06-30 22:35";"True"
"D:\AtendimentoOfflineAlpha\docs\database\tables_completas\senha_transicao_matriz.md";"0,9";".md";"2026-06-30 22:35";"True"
"D:\AtendimentoOfflineAlpha\docs\database\tables_completas\senha.md";"1,35";".md";"2026-06-30 22:35";"True"
"D:\AtendimentoOfflineAlpha\docs\database\tables_completas\servico_agendamento.md";"1,25";".md";"2026-06-30 22:35";"True"
"D:\AtendimentoOfflineAlpha\docs\database\tables_completas\sessao_ativa.md";"0,63";".md";"2026-06-30 22:35";"True"
"D:\AtendimentoOfflineAlpha\docs\database\tables_completas\sessao_contexto_historico.md";"1,31";".md";"2026-06-30 22:35";"True"
"D:\AtendimentoOfflineAlpha\docs\database\tables_completas\sessao_evento.md";"0,99";".md";"2026-06-30 22:35";"True"
"D:\AtendimentoOfflineAlpha\docs\database\tables_completas\sessao_usuario.md";"2,39";".md";"2026-06-30 22:35";"True"
"D:\AtendimentoOfflineAlpha\docs\database\tables_completas\setor.md";"0,78";".md";"2026-06-30 22:35";"True"
"D:\AtendimentoOfflineAlpha\docs\database\tables_completas\sigpat_procedimento.md";"1,04";".md";"2026-06-30 22:35";"True"
"D:\AtendimentoOfflineAlpha\docs\database\tables_completas\sinais_vitais.md";"0,88";".md";"2026-06-30 22:35";"True"
"D:\AtendimentoOfflineAlpha\docs\database\tables_completas\sinan_evento.md";"0,72";".md";"2026-06-30 22:35";"True"
"D:\AtendimentoOfflineAlpha\docs\database\tables_completas\sinan_notificacao.md";"0,89";".md";"2026-06-30 22:35";"True"
"D:\AtendimentoOfflineAlpha\docs\database\tables_completas\sincronizacao_federada_evento.md";"0,88";".md";"2026-06-30 22:35";"True"
"D:\AtendimentoOfflineAlpha\docs\database\tables_completas\sistema.md";"0,6";".md";"2026-06-30 22:35";"True"
"D:\AtendimentoOfflineAlpha\docs\database\tables_completas\solicitacao_exame.md";"0,88";".md";"2026-06-30 22:35";"True"
"D:\AtendimentoOfflineAlpha\docs\database\tables_completas\status_timeout.md";"0,61";".md";"2026-06-30 22:35";"True"
"D:\AtendimentoOfflineAlpha\docs\database\tables_completas\sus_cid10_competencia.md";"0,76";".md";"2026-06-30 22:35";"True"
"D:\AtendimentoOfflineAlpha\docs\database\tables_completas\sus_cnes_estabelecimento.md";"0,89";".md";"2026-06-30 22:35";"True"
"D:\AtendimentoOfflineAlpha\docs\database\tables_completas\sus_competencia.md";"0,69";".md";"2026-06-30 22:35";"True"
"D:\AtendimentoOfflineAlpha\docs\database\tables_completas\sus_sigtap_procedimento.md";"1,4";".md";"2026-06-30 22:35";"True"
"D:\AtendimentoOfflineAlpha\docs\database\tables_completas\tabela_tuss.md";"0,59";".md";"2026-06-30 22:35";"True"
"D:\AtendimentoOfflineAlpha\docs\database\tables_completas\tenant_registry.md";"1,11";".md";"2026-06-30 22:35";"True"
"D:\AtendimentoOfflineAlpha\docs\database\tables_completas\tipo_local.md";"0,93";".md";"2026-06-30 22:35";"True"
"D:\AtendimentoOfflineAlpha\docs\database\tables_completas\tipo_sala.md";"0,67";".md";"2026-06-30 22:35";"True"
"D:\AtendimentoOfflineAlpha\docs\database\tables_completas\tombstone_evento_assistencial.md";"0,78";".md";"2026-06-30 22:35";"True"
"D:\AtendimentoOfflineAlpha\docs\database\tables_completas\totem_evento.md";"0,72";".md";"2026-06-30 22:35";"True"
"D:\AtendimentoOfflineAlpha\docs\database\tables_completas\totem_feedback.md";"0,66";".md";"2026-06-30 22:35";"True"
"D:\AtendimentoOfflineAlpha\docs\database\tables_completas\totem_senha_opcao.md";"1";".md";"2026-06-30 22:35";"True"
"D:\AtendimentoOfflineAlpha\docs\database\tables_completas\totem.md";"0,81";".md";"2026-06-30 22:35";"True"
"D:\AtendimentoOfflineAlpha\docs\database\tables_completas\transporte_ambulancia_evento.md";"0,83";".md";"2026-06-30 22:35";"True"
"D:\AtendimentoOfflineAlpha\docs\database\tables_completas\transporte_ambulancia.md";"0,79";".md";"2026-06-30 22:35";"True"
"D:\AtendimentoOfflineAlpha\docs\database\tables_completas\triagem.md";"1,09";".md";"2026-06-30 22:35";"True"
"D:\AtendimentoOfflineAlpha\docs\database\tables_completas\tv_rotativo_tela.md";"0,89";".md";"2026-06-30 22:35";"True"
"D:\AtendimentoOfflineAlpha\docs\database\tables_completas\tv_rotativo.md";"0,93";".md";"2026-06-30 22:35";"True"
"D:\AtendimentoOfflineAlpha\docs\database\tables_completas\unidade.md";"0,78";".md";"2026-06-30 22:35";"True"
"D:\AtendimentoOfflineAlpha\docs\database\tables_completas\usuario_alocacao.md";"0,82";".md";"2026-06-30 22:35";"True"
"D:\AtendimentoOfflineAlpha\docs\database\tables_completas\usuario_contexto.md";"1,07";".md";"2026-06-30 22:35";"True"
"D:\AtendimentoOfflineAlpha\docs\database\tables_completas\usuario_historico_senha.md";"0,65";".md";"2026-06-30 22:35";"True"
"D:\AtendimentoOfflineAlpha\docs\database\tables_completas\usuario_local.md";"0,89";".md";"2026-06-30 22:35";"True"
"D:\AtendimentoOfflineAlpha\docs\database\tables_completas\usuario_log_acesso.md";"0,81";".md";"2026-06-30 22:35";"True"
"D:\AtendimentoOfflineAlpha\docs\database\tables_completas\usuario_perfil.md";"0,71";".md";"2026-06-30 22:35";"True"
"D:\AtendimentoOfflineAlpha\docs\database\tables_completas\usuario_profissional_registro.md";"0,69";".md";"2026-06-30 22:35";"True"
"D:\AtendimentoOfflineAlpha\docs\database\tables_completas\usuario_refresh_token.md";"0,78";".md";"2026-06-30 22:35";"True"
"D:\AtendimentoOfflineAlpha\docs\database\tables_completas\usuario_refresh.md";"0,9";".md";"2026-06-30 22:35";"True"
"D:\AtendimentoOfflineAlpha\docs\database\tables_completas\usuario_reset_senha.md";"0,89";".md";"2026-06-30 22:35";"True"
"D:\AtendimentoOfflineAlpha\docs\database\tables_completas\usuario_sala.md";"0,88";".md";"2026-06-30 22:35";"True"
"D:\AtendimentoOfflineAlpha\docs\database\tables_completas\usuario_senha_historico.md";"1,04";".md";"2026-06-30 22:35";"True"
"D:\AtendimentoOfflineAlpha\docs\database\tables_completas\usuario_senha_reset.md";"1,09";".md";"2026-06-30 22:35";"True"
"D:\AtendimentoOfflineAlpha\docs\database\tables_completas\usuario_setor.md";"0,73";".md";"2026-06-30 22:35";"True"
"D:\AtendimentoOfflineAlpha\docs\database\tables_completas\usuario_sistema_acl_evento.md";"0,89";".md";"2026-06-30 22:35";"True"
"D:\AtendimentoOfflineAlpha\docs\database\tables_completas\usuario_sistema.md";"0,95";".md";"2026-06-30 22:35";"True"
"D:\AtendimentoOfflineAlpha\docs\database\tables_completas\usuario_unidade.md";"0,94";".md";"2026-06-30 22:35";"True"
"D:\AtendimentoOfflineAlpha\docs\database\tables_completas\usuario.md";"1,21";".md";"2026-06-30 22:35";"True"
"D:\AtendimentoOfflineAlpha\docs\database\tables_completas\venda_evento.md";"0,68";".md";"2026-06-30 22:35";"True"
"D:\AtendimentoOfflineAlpha\docs\database\tables_completas\venda_item.md";"1,08";".md";"2026-06-30 22:35";"True"
"D:\AtendimentoOfflineAlpha\docs\database\tables_completas\venda_pagamento.md";"0,79";".md";"2026-06-30 22:35";"True"
"D:\AtendimentoOfflineAlpha\docs\database\tables_completas\venda.md";"1,2";".md";"2026-06-30 22:35";"True"
"D:\AtendimentoOfflineAlpha\docs\database\tables_completas\viatura.md";"0,74";".md";"2026-06-30 22:35";"True"
"D:\AtendimentoOfflineAlpha\docs\database\tables_completas\workflow_ffa_evento.md";"1,02";".md";"2026-06-30 22:35";"True"
"D:\AtendimentoOfflineAlpha\docs\database\tables_raw\acompanhante.json";"1,35";".json";"2026-06-28 21:47";"True"
"D:\AtendimentoOfflineAlpha\docs\database\tables_raw\administracao_medicacao_ordem.json";"1,67";".json";"2026-06-28 21:47";"True"
"D:\AtendimentoOfflineAlpha\docs\database\tables_raw\administracao_medicacao.json";"1,54";".json";"2026-06-28 21:47";"True"
"D:\AtendimentoOfflineAlpha\docs\database\tables_raw\agenda_disponibilidade.json";"2,32";".json";"2026-06-28 21:47";"True"
"D:\AtendimentoOfflineAlpha\docs\database\tables_raw\agendamento.json";"3,16";".json";"2026-06-28 21:47";"True"
"D:\AtendimentoOfflineAlpha\docs\database\tables_raw\agendamentos_eventos.json";"1,85";".json";"2026-06-28 21:47";"True"
"D:\AtendimentoOfflineAlpha\docs\database\tables_raw\alerta_consumo.json";"1,79";".json";"2026-06-28 21:47";"True"
"D:\AtendimentoOfflineAlpha\docs\database\tables_raw\alerta_destinatario.json";"2,06";".json";"2026-06-28 21:47";"True"
"D:\AtendimentoOfflineAlpha\docs\database\tables_raw\alerta_regra.json";"1,58";".json";"2026-06-28 21:47";"True"
"D:\AtendimentoOfflineAlpha\docs\database\tables_raw\alerta.json";"2,38";".json";"2026-06-28 21:47";"True"
"D:\AtendimentoOfflineAlpha\docs\database\tables_raw\almoxarifado_central.json";"1,19";".json";"2026-06-28 21:47";"True"
"D:\AtendimentoOfflineAlpha\docs\database\tables_raw\anamnese.json";"1,29";".json";"2026-06-28 21:47";"True"
"D:\AtendimentoOfflineAlpha\docs\database\tables_raw\anotacao_enfermagem.json";"1,33";".json";"2026-06-28 21:47";"True"
"D:\AtendimentoOfflineAlpha\docs\database\tables_raw\assinatura_digital_documentos.json";"1,29";".json";"2026-06-28 21:47";"True"
"D:\AtendimentoOfflineAlpha\docs\database\tables_raw\assinatura_digital_prontuario.json";"1,45";".json";"2026-06-28 21:47";"True"
"D:\AtendimentoOfflineAlpha\docs\database\tables_raw\assistencia_social_atendimento.json";"1,5";".json";"2026-06-28 21:47";"True"
"D:\AtendimentoOfflineAlpha\docs\database\tables_raw\assistencia_social_evento.json";"1,67";".json";"2026-06-28 21:47";"True"
"D:\AtendimentoOfflineAlpha\docs\database\tables_raw\assistencial_checkpoint_global.json";"1,58";".json";"2026-06-28 21:47";"True"
"D:\AtendimentoOfflineAlpha\docs\database\tables_raw\assistencial_circuit_breaker.json";"1,18";".json";"2026-06-28 21:47";"True"
"D:\AtendimentoOfflineAlpha\docs\database\tables_raw\assistencial_evento_hash.json";"1,15";".json";"2026-06-28 21:47";"True"
"D:\AtendimentoOfflineAlpha\docs\database\tables_raw\assistencial_minipal_metric.json";"1,36";".json";"2026-06-28 21:47";"True"
"D:\AtendimentoOfflineAlpha\docs\database\tables_raw\assistencial_quorum_clinico.json";"1,19";".json";"2026-06-28 21:47";"True"
"D:\AtendimentoOfflineAlpha\docs\database\tables_raw\assistencial_raim_metric.json";"1,35";".json";"2026-06-28 21:47";"True"
"D:\AtendimentoOfflineAlpha\docs\database\tables_raw\assistencial_runtime_federado.json";"1,61";".json";"2026-06-28 21:47";"True"
"D:\AtendimentoOfflineAlpha\docs\database\tables_raw\assistencial_runtime_panel.json";"1,83";".json";"2026-06-28 21:47";"True"
"D:\AtendimentoOfflineAlpha\docs\database\tables_raw\assistencial_simulacao_futura.json";"1,7";".json";"2026-06-28 21:47";"True"
"D:\AtendimentoOfflineAlpha\docs\database\tables_raw\assistencial_snapshot_runtime.json";"1,57";".json";"2026-06-28 21:47";"True"
"D:\AtendimentoOfflineAlpha\docs\database\tables_raw\assistencial_telemetria_runtime.json";"1,7";".json";"2026-06-28 21:47";"True"
"D:\AtendimentoOfflineAlpha\docs\database\tables_raw\assistencial_watchdog_fila.json";"1,59";".json";"2026-06-28 21:47";"True"
"D:\AtendimentoOfflineAlpha\docs\database\tables_raw\atendimento_anamnese.json";"1,93";".json";"2026-06-28 21:47";"True"
"D:\AtendimentoOfflineAlpha\docs\database\tables_raw\atendimento_balanco_hidrico.json";"1,87";".json";"2026-06-28 21:47";"True"
"D:\AtendimentoOfflineAlpha\docs\database\tables_raw\atendimento_checagem.json";"1,83";".json";"2026-06-28 21:47";"True"
"D:\AtendimentoOfflineAlpha\docs\database\tables_raw\atendimento_desfecho.json";"1,68";".json";"2026-06-28 21:47";"True"
"D:\AtendimentoOfflineAlpha\docs\database\tables_raw\atendimento_diagnostico.json";"1,64";".json";"2026-06-28 21:47";"True"
"D:\AtendimentoOfflineAlpha\docs\database\tables_raw\atendimento_escalas_risco.json";"1,62";".json";"2026-06-28 21:47";"True"
"D:\AtendimentoOfflineAlpha\docs\database\tables_raw\atendimento_estado_ativo.json";"1,81";".json";"2026-06-28 21:47";"True"
"D:\AtendimentoOfflineAlpha\docs\database\tables_raw\atendimento_evento_ledger.json";"3,37";".json";"2026-06-28 21:47";"True"
"D:\AtendimentoOfflineAlpha\docs\database\tables_raw\atendimento_evento.json";"2,48";".json";"2026-06-28 21:47";"True"
"D:\AtendimentoOfflineAlpha\docs\database\tables_raw\atendimento_evolucao.json";"1,95";".json";"2026-06-28 21:47";"True"
"D:\AtendimentoOfflineAlpha\docs\database\tables_raw\atendimento_exame_fisico.json";"1,81";".json";"2026-06-28 21:47";"True"
"D:\AtendimentoOfflineAlpha\docs\database\tables_raw\atendimento_identidade_fluxo.json";"1,76";".json";"2026-06-28 21:47";"True"
"D:\AtendimentoOfflineAlpha\docs\database\tables_raw\atendimento_movimentacao.json";"1,65";".json";"2026-06-28 21:47";"True"
"D:\AtendimentoOfflineAlpha\docs\database\tables_raw\atendimento_observacao.json";"1,73";".json";"2026-06-28 21:47";"True"
"D:\AtendimentoOfflineAlpha\docs\database\tables_raw\atendimento_pedidos_exame.json";"1,99";".json";"2026-06-28 21:47";"True"
"D:\AtendimentoOfflineAlpha\docs\database\tables_raw\atendimento_pre_hospitalar.json";"1,72";".json";"2026-06-28 21:47";"True"
"D:\AtendimentoOfflineAlpha\docs\database\tables_raw\atendimento_prescricao.json";"1,79";".json";"2026-06-28 21:47";"True"
"D:\AtendimentoOfflineAlpha\docs\database\tables_raw\atendimento_profissional.json";"1,45";".json";"2026-06-28 21:47";"True"
"D:\AtendimentoOfflineAlpha\docs\database\tables_raw\atendimento_recepcao.json";"2,03";".json";"2026-06-28 21:47";"True"
"D:\AtendimentoOfflineAlpha\docs\database\tables_raw\atendimento_sinais_vitais.json";"1,94";".json";"2026-06-28 21:47";"True"
"D:\AtendimentoOfflineAlpha\docs\database\tables_raw\atendimento_sumario_alta.json";"1,85";".json";"2026-06-28 21:47";"True"
"D:\AtendimentoOfflineAlpha\docs\database\tables_raw\atendimento_transicao_ledger.json";"1,64";".json";"2026-06-28 21:47";"True"
"D:\AtendimentoOfflineAlpha\docs\database\tables_raw\atendimento_triagem.json";"1,94";".json";"2026-06-28 21:47";"True"
"D:\AtendimentoOfflineAlpha\docs\database\tables_raw\atendimento_vinculo.json";"1,36";".json";"2026-06-28 21:47";"True"
"D:\AtendimentoOfflineAlpha\docs\database\tables_raw\atendimento.json";"2,55";".json";"2026-06-28 21:47";"True"
"D:\AtendimentoOfflineAlpha\docs\database\tables_raw\auditoria_acesso.json";"1,72";".json";"2026-06-28 21:47";"True"
"D:\AtendimentoOfflineAlpha\docs\database\tables_raw\auditoria_almoxarifado.json";"1,6";".json";"2026-06-28 21:47";"True"
"D:\AtendimentoOfflineAlpha\docs\database\tables_raw\auditoria_contexto.json";"2,21";".json";"2026-06-28 21:47";"True"
"D:\AtendimentoOfflineAlpha\docs\database\tables_raw\auditoria_erro.json";"6,39";".json";"2026-06-28 21:47";"True"
"D:\AtendimentoOfflineAlpha\docs\database\tables_raw\auditoria_estoque_sanitario.json";"1,16";".json";"2026-06-28 21:47";"True"
"D:\AtendimentoOfflineAlpha\docs\database\tables_raw\auditoria_estoque.json";"1,08";".json";"2026-06-28 21:47";"True"
"D:\AtendimentoOfflineAlpha\docs\database\tables_raw\auditoria_evento.json";"1,37";".json";"2026-06-28 21:47";"True"
"D:\AtendimentoOfflineAlpha\docs\database\tables_raw\auditoria_excecoes.json";"1,08";".json";"2026-06-28 21:47";"True"
"D:\AtendimentoOfflineAlpha\docs\database\tables_raw\auditoria_ffa.json";"2,6";".json";"2026-06-28 21:47";"True"
"D:\AtendimentoOfflineAlpha\docs\database\tables_raw\auditoria_fila.json";"1,09";".json";"2026-06-28 21:47";"True"
"D:\AtendimentoOfflineAlpha\docs\database\tables_raw\auditoria_mestre.json";"1,57";".json";"2026-06-28 21:47";"True"
"D:\AtendimentoOfflineAlpha\docs\database\tables_raw\auditoria_visualizacao_prontuario.json";"1,17";".json";"2026-06-28 21:47";"True"
"D:\AtendimentoOfflineAlpha\docs\database\tables_raw\auth_audit.json";"1,42";".json";"2026-06-28 21:47";"True"
"D:\AtendimentoOfflineAlpha\docs\database\tables_raw\auth_bloqueio.json";"1,49";".json";"2026-06-28 21:47";"True"
"D:\AtendimentoOfflineAlpha\docs\database\tables_raw\auth_grupo_permissao.json";"1,29";".json";"2026-06-28 21:47";"True"
"D:\AtendimentoOfflineAlpha\docs\database\tables_raw\auth_grupo_usuario.json";"1,4";".json";"2026-06-28 21:47";"True"
"D:\AtendimentoOfflineAlpha\docs\database\tables_raw\auth_grupo.json";"1,25";".json";"2026-06-28 21:47";"True"
"D:\AtendimentoOfflineAlpha\docs\database\tables_raw\auth_log.json";"1,59";".json";"2026-06-28 21:47";"True"
"D:\AtendimentoOfflineAlpha\docs\database\tables_raw\auth_notificacao.json";"1,56";".json";"2026-06-28 21:47";"True"
"D:\AtendimentoOfflineAlpha\docs\database\tables_raw\auth_parametro.json";"2,33";".json";"2026-06-28 21:47";"True"
"D:\AtendimentoOfflineAlpha\docs\database\tables_raw\auth_sessao_dispositivo.json";"1,77";".json";"2026-06-28 21:47";"True"
"D:\AtendimentoOfflineAlpha\docs\database\tables_raw\auth_sessao.json";"1,78";".json";"2026-06-28 21:47";"True"
"D:\AtendimentoOfflineAlpha\docs\database\tables_raw\auth_tentativa_login.json";"1,36";".json";"2026-06-28 21:47";"True"
"D:\AtendimentoOfflineAlpha\docs\database\tables_raw\auth_token.json";"1,53";".json";"2026-06-28 21:47";"True"
"D:\AtendimentoOfflineAlpha\docs\database\tables_raw\caixa_evento.json";"1,11";".json";"2026-06-28 21:47";"True"
"D:\AtendimentoOfflineAlpha\docs\database\tables_raw\caixa.json";"1,56";".json";"2026-06-28 21:47";"True"
"D:\AtendimentoOfflineAlpha\docs\database\tables_raw\cat_acidente_trabalho_evento.json";"1,59";".json";"2026-06-28 21:47";"True"
"D:\AtendimentoOfflineAlpha\docs\database\tables_raw\cat_acidente_trabalho.json";"2,2";".json";"2026-06-28 21:47";"True"
"D:\AtendimentoOfflineAlpha\docs\database\tables_raw\cat_evento.json";"1,04";".json";"2026-06-28 21:47";"True"
"D:\AtendimentoOfflineAlpha\docs\database\tables_raw\cat_notificacao.json";"1,54";".json";"2026-06-28 21:47";"True"
"D:\AtendimentoOfflineAlpha\docs\database\tables_raw\cat_regra_item.json";"1,02";".json";"2026-06-28 21:47";"True"
"D:\AtendimentoOfflineAlpha\docs\database\tables_raw\chamado_evento.json";"1,24";".json";"2026-06-28 21:47";"True"
"D:\AtendimentoOfflineAlpha\docs\database\tables_raw\chamado_manutencao.json";"1,63";".json";"2026-06-28 21:47";"True"
"D:\AtendimentoOfflineAlpha\docs\database\tables_raw\chamado.json";"2";".json";"2026-06-28 21:47";"True"
"D:\AtendimentoOfflineAlpha\docs\database\tables_raw\cidade.json";"1,42";".json";"2026-06-28 21:47";"True"
"D:\AtendimentoOfflineAlpha\docs\database\tables_raw\classificacao_risco.json";"1,2";".json";"2026-06-28 21:47";"True"
"D:\AtendimentoOfflineAlpha\docs\database\tables_raw\cliente.json";"1,07";".json";"2026-06-28 21:47";"True"
"D:\AtendimentoOfflineAlpha\docs\database\tables_raw\codigo_externo_map.json";"1,81";".json";"2026-06-28 21:47";"True"
"D:\AtendimentoOfflineAlpha\docs\database\tables_raw\codigo_externo_vinculo.json";"1,26";".json";"2026-06-28 21:47";"True"
"D:\AtendimentoOfflineAlpha\docs\database\tables_raw\codigo_prefixo_config.json";"1,67";".json";"2026-06-28 21:47";"True"
"D:\AtendimentoOfflineAlpha\docs\database\tables_raw\codigo_prefixo_regra.json";"2,32";".json";"2026-06-28 21:47";"True"
"D:\AtendimentoOfflineAlpha\docs\database\tables_raw\codigo_universal.json";"2,82";".json";"2026-06-28 21:47";"True"
"D:\AtendimentoOfflineAlpha\docs\database\tables_raw\config_leitos.json";"1,36";".json";"2026-06-28 21:47";"True"
"D:\AtendimentoOfflineAlpha\docs\database\tables_raw\config_locais.json";"1,2";".json";"2026-06-28 21:47";"True"
"D:\AtendimentoOfflineAlpha\docs\database\tables_raw\config_sistema.json";"1,12";".json";"2026-06-28 21:47";"True"
"D:\AtendimentoOfflineAlpha\docs\database\tables_raw\configuracao.json";"0,88";".json";"2026-06-28 21:47";"True"
"D:\AtendimentoOfflineAlpha\docs\database\tables_raw\conselho_profissional.json";"1,37";".json";"2026-06-28 21:47";"True"
"D:\AtendimentoOfflineAlpha\docs\database\tables_raw\consumo_insumo.json";"1,26";".json";"2026-06-28 21:47";"True"
"D:\AtendimentoOfflineAlpha\docs\database\tables_raw\consumo_limpeza.json";"1,51";".json";"2026-06-28 21:47";"True"
"D:\AtendimentoOfflineAlpha\docs\database\tables_raw\consumo_manutencao.json";"1,15";".json";"2026-06-28 21:47";"True"
"D:\AtendimentoOfflineAlpha\docs\database\tables_raw\contexto_atendimento.json";"1,3";".json";"2026-06-28 21:47";"True"
"D:\AtendimentoOfflineAlpha\docs\database\tables_raw\contrato.json";"0,89";".json";"2026-06-28 21:47";"True"
"D:\AtendimentoOfflineAlpha\docs\database\tables_raw\coordenador_estado_global.json";"1,68";".json";"2026-06-28 21:47";"True"
"D:\AtendimentoOfflineAlpha\docs\database\tables_raw\dispensacao_medicacao.json";"1,37";".json";"2026-06-28 21:47";"True"
"D:\AtendimentoOfflineAlpha\docs\database\tables_raw\dispositivo_tipo.json";"1,76";".json";"2026-06-28 21:47";"True"
"D:\AtendimentoOfflineAlpha\docs\database\tables_raw\dispositivo.json";"1,06";".json";"2026-06-28 21:47";"True"
"D:\AtendimentoOfflineAlpha\docs\database\tables_raw\documento_arquivo.json";"1,31";".json";"2026-06-28 21:47";"True"
"D:\AtendimentoOfflineAlpha\docs\database\tables_raw\documento_emissao_evento.json";"1,33";".json";"2026-06-28 21:47";"True"
"D:\AtendimentoOfflineAlpha\docs\database\tables_raw\documento_emissao.json";"2,4";".json";"2026-06-28 21:47";"True"
"D:\AtendimentoOfflineAlpha\docs\database\tables_raw\documento_tipo_config.json";"2,14";".json";"2026-06-28 21:47";"True"
"D:\AtendimentoOfflineAlpha\docs\database\tables_raw\enfermagem_aprazamento.json";"1,56";".json";"2026-06-28 21:47";"True"
"D:\AtendimentoOfflineAlpha\docs\database\tables_raw\enfermagem_diagnosticos.json";"1,27";".json";"2026-06-28 21:47";"True"
"D:\AtendimentoOfflineAlpha\docs\database\tables_raw\enfermagem.json";"1,16";".json";"2026-06-28 21:47";"True"
"D:\AtendimentoOfflineAlpha\docs\database\tables_raw\erro_catalogo.json";"1,63";".json";"2026-06-28 21:47";"True"
"D:\AtendimentoOfflineAlpha\docs\database\tables_raw\erro_evento.json";"1,64";".json";"2026-06-28 21:47";"True"
"D:\AtendimentoOfflineAlpha\docs\database\tables_raw\escala_medica.json";"1,36";".json";"2026-06-28 21:47";"True"
"D:\AtendimentoOfflineAlpha\docs\database\tables_raw\escala_plantao_atual.json";"1,43";".json";"2026-06-28 21:47";"True"
"D:\AtendimentoOfflineAlpha\docs\database\tables_raw\escala_plantao.json";"1,46";".json";"2026-06-28 21:47";"True"
"D:\AtendimentoOfflineAlpha\docs\database\tables_raw\escala_profissional.json";"1,67";".json";"2026-06-28 21:47";"True"
"D:\AtendimentoOfflineAlpha\docs\database\tables_raw\especialidade.json";"1,02";".json";"2026-06-28 21:47";"True"
"D:\AtendimentoOfflineAlpha\docs\database\tables_raw\estoque_alerta.json";"1,15";".json";"2026-06-28 21:47";"True"
"D:\AtendimentoOfflineAlpha\docs\database\tables_raw\estoque_almoxarifado_central.json";"1,28";".json";"2026-06-28 21:47";"True"
"D:\AtendimentoOfflineAlpha\docs\database\tables_raw\estoque_audit_stream.json";"1,21";".json";"2026-06-28 21:47";"True"
"D:\AtendimentoOfflineAlpha\docs\database\tables_raw\estoque_conciliacao_atomica.json";"1,57";".json";"2026-06-28 21:47";"True"
"D:\AtendimentoOfflineAlpha\docs\database\tables_raw\estoque_conta.json";"1";".json";"2026-06-28 21:47";"True"
"D:\AtendimentoOfflineAlpha\docs\database\tables_raw\estoque_documento_execucao.json";"1,8";".json";"2026-06-28 21:47";"True"
"D:\AtendimentoOfflineAlpha\docs\database\tables_raw\estoque_evento_confirmacao.json";"1,43";".json";"2026-06-28 21:47";"True"
"D:\AtendimentoOfflineAlpha\docs\database\tables_raw\estoque_execucao_pipeline.json";"1,02";".json";"2026-06-28 21:47";"True"
"D:\AtendimentoOfflineAlpha\docs\database\tables_raw\estoque_execucao.json";"0,96";".json";"2026-06-28 21:47";"True"
"D:\AtendimentoOfflineAlpha\docs\database\tables_raw\estoque_fluxo_assistencial.json";"1,45";".json";"2026-06-28 21:47";"True"
"D:\AtendimentoOfflineAlpha\docs\database\tables_raw\estoque_inventario_item.json";"1,26";".json";"2026-06-28 21:47";"True"
"D:\AtendimentoOfflineAlpha\docs\database\tables_raw\estoque_inventario.json";"1,34";".json";"2026-06-28 21:47";"True"
"D:\AtendimentoOfflineAlpha\docs\database\tables_raw\estoque_item.json";"1,33";".json";"2026-06-28 21:47";"True"
"D:\AtendimentoOfflineAlpha\docs\database\tables_raw\estoque_ledger.json";"1,36";".json";"2026-06-28 21:47";"True"
"D:\AtendimentoOfflineAlpha\docs\database\tables_raw\estoque_local.json";"1,51";".json";"2026-06-28 21:47";"True"
"D:\AtendimentoOfflineAlpha\docs\database\tables_raw\estoque_lote_snapshot.json";"1,46";".json";"2026-06-28 21:47";"True"
"D:\AtendimentoOfflineAlpha\docs\database\tables_raw\estoque_lote.json";"1,05";".json";"2026-06-28 21:47";"True"
"D:\AtendimentoOfflineAlpha\docs\database\tables_raw\estoque_movimentacao_itens.json";"1,11";".json";"2026-06-28 21:47";"True"
"D:\AtendimentoOfflineAlpha\docs\database\tables_raw\estoque_movimentacao.json";"1,5";".json";"2026-06-28 21:47";"True"
"D:\AtendimentoOfflineAlpha\docs\database\tables_raw\estoque_movimento_item.json";"1,37";".json";"2026-06-28 21:47";"True"
"D:\AtendimentoOfflineAlpha\docs\database\tables_raw\estoque_movimento.json";"1,77";".json";"2026-06-28 21:47";"True"
"D:\AtendimentoOfflineAlpha\docs\database\tables_raw\estoque_pipeline_estado.json";"1,04";".json";"2026-06-28 21:47";"True"
"D:\AtendimentoOfflineAlpha\docs\database\tables_raw\estoque_produto_codigo_externo.json";"1,42";".json";"2026-06-28 21:47";"True"
"D:\AtendimentoOfflineAlpha\docs\database\tables_raw\estoque_produto.json";"1,91";".json";"2026-06-28 21:47";"True"
"D:\AtendimentoOfflineAlpha\docs\database\tables_raw\estoque_reserva_evento.json";"1,33";".json";"2026-06-28 21:47";"True"
"D:\AtendimentoOfflineAlpha\docs\database\tables_raw\estoque_reserva.json";"1,81";".json";"2026-06-28 21:47";"True"
"D:\AtendimentoOfflineAlpha\docs\database\tables_raw\estoque_saldo_central.json";"1,77";".json";"2026-06-28 21:47";"True"
"D:\AtendimentoOfflineAlpha\docs\database\tables_raw\estoque_saldo_master.json";"1,74";".json";"2026-06-28 21:47";"True"
"D:\AtendimentoOfflineAlpha\docs\database\tables_raw\estoque_saldo.json";"1,59";".json";"2026-06-28 21:47";"True"
"D:\AtendimentoOfflineAlpha\docs\database\tables_raw\evento_ffa.json";"2,41";".json";"2026-06-28 21:47";"True"
"D:\AtendimentoOfflineAlpha\docs\database\tables_raw\evento_geral.json";"1,39";".json";"2026-06-28 21:47";"True"
"D:\AtendimentoOfflineAlpha\docs\database\tables_raw\evento_limpeza.json";"1,21";".json";"2026-06-28 21:47";"True"
"D:\AtendimentoOfflineAlpha\docs\database\tables_raw\eventos_fluxo.json";"1,32";".json";"2026-06-28 21:47";"True"
"D:\AtendimentoOfflineAlpha\docs\database\tables_raw\evolucao_enfermagem.json";"1,32";".json";"2026-06-28 21:47";"True"
"D:\AtendimentoOfflineAlpha\docs\database\tables_raw\evolucao_medica.json";"1,29";".json";"2026-06-28 21:47";"True"
"D:\AtendimentoOfflineAlpha\docs\database\tables_raw\evolucao_multidisciplinar.json";"1,31";".json";"2026-06-28 21:47";"True"
"D:\AtendimentoOfflineAlpha\docs\database\tables_raw\exame_fisico.json";"1,15";".json";"2026-06-28 21:47";"True"
"D:\AtendimentoOfflineAlpha\docs\database\tables_raw\exame_historico.json";"1,13";".json";"2026-06-28 21:47";"True"
"D:\AtendimentoOfflineAlpha\docs\database\tables_raw\exame_pedido_item.json";"1,21";".json";"2026-06-28 21:47";"True"
"D:\AtendimentoOfflineAlpha\docs\database\tables_raw\exame_pedido.json";"1,43";".json";"2026-06-28 21:47";"True"
"D:\AtendimentoOfflineAlpha\docs\database\tables_raw\exame.json";"1,03";".json";"2026-06-28 21:47";"True"
"D:\AtendimentoOfflineAlpha\docs\database\tables_raw\farm_atendimento_externo.json";"1,92";".json";"2026-06-28 21:47";"True"
"D:\AtendimentoOfflineAlpha\docs\database\tables_raw\farm_convenio_autorizacao.json";"1,23";".json";"2026-06-28 21:47";"True"
"D:\AtendimentoOfflineAlpha\docs\database\tables_raw\farm_dispensacao_item.json";"1,41";".json";"2026-06-28 21:47";"True"
"D:\AtendimentoOfflineAlpha\docs\database\tables_raw\farm_dispensacao.json";"1,39";".json";"2026-06-28 21:47";"True"
"D:\AtendimentoOfflineAlpha\docs\database\tables_raw\farm_operacao.json";"1,06";".json";"2026-06-28 21:47";"True"
"D:\AtendimentoOfflineAlpha\docs\database\tables_raw\farm_receita_controlada.json";"1,96";".json";"2026-06-28 21:47";"True"
"D:\AtendimentoOfflineAlpha\docs\database\tables_raw\farmacia_atendimento_externo_dispensacao.json";"2,31";".json";"2026-06-28 21:47";"True"
"D:\AtendimentoOfflineAlpha\docs\database\tables_raw\farmacia_atendimento_externo_item.json";"1,78";".json";"2026-06-28 21:47";"True"
"D:\AtendimentoOfflineAlpha\docs\database\tables_raw\farmacia_dispensacao_log.json";"1,65";".json";"2026-06-28 21:47";"True"
"D:\AtendimentoOfflineAlpha\docs\database\tables_raw\farmacia_externo_evento.json";"1,17";".json";"2026-06-28 21:47";"True"
"D:\AtendimentoOfflineAlpha\docs\database\tables_raw\farmaco_auditoria_bloqueio.json";"1,33";".json";"2026-06-28 21:47";"True"
"D:\AtendimentoOfflineAlpha\docs\database\tables_raw\farmaco_auditoria.json";"1,22";".json";"2026-06-28 21:47";"True"
"D:\AtendimentoOfflineAlpha\docs\database\tables_raw\farmaco_movimentacao.json";"1,64";".json";"2026-06-28 21:47";"True"
"D:\AtendimentoOfflineAlpha\docs\database\tables_raw\farmaco_unidade.json";"1,09";".json";"2026-06-28 21:47";"True"
"D:\AtendimentoOfflineAlpha\docs\database\tables_raw\faturamento_codigo.json";"1,59";".json";"2026-06-28 21:47";"True"
"D:\AtendimentoOfflineAlpha\docs\database\tables_raw\faturamento_conta_item.json";"0,95";".json";"2026-06-28 21:47";"True"
"D:\AtendimentoOfflineAlpha\docs\database\tables_raw\faturamento_conta_paciente.json";"1,3";".json";"2026-06-28 21:47";"True"
"D:\AtendimentoOfflineAlpha\docs\database\tables_raw\faturamento_conta_seq.json";"0,92";".json";"2026-06-28 21:47";"True"
"D:\AtendimentoOfflineAlpha\docs\database\tables_raw\faturamento_conta.json";"2,7";".json";"2026-06-28 21:47";"True"
"D:\AtendimentoOfflineAlpha\docs\database\tables_raw\faturamento_convenio.json";"1,27";".json";"2026-06-28 21:47";"True"
"D:\AtendimentoOfflineAlpha\docs\database\tables_raw\faturamento_convenios.json";"1,04";".json";"2026-06-28 21:47";"True"
"D:\AtendimentoOfflineAlpha\docs\database\tables_raw\faturamento_evento.json";"1,55";".json";"2026-06-28 21:47";"True"
"D:\AtendimentoOfflineAlpha\docs\database\tables_raw\faturamento_insumo.json";"1,18";".json";"2026-06-28 21:47";"True"
"D:\AtendimentoOfflineAlpha\docs\database\tables_raw\faturamento_item.json";"2,48";".json";"2026-06-28 21:47";"True"
"D:\AtendimentoOfflineAlpha\docs\database\tables_raw\faturamento_producao_sus.json";"1,32";".json";"2026-06-28 21:47";"True"
"D:\AtendimentoOfflineAlpha\docs\database\tables_raw\faturamento_producao.json";"1,23";".json";"2026-06-28 21:47";"True"
"D:\AtendimentoOfflineAlpha\docs\database\tables_raw\faturamento_regras_validacao.json";"1,18";".json";"2026-06-28 21:47";"True"
"D:\AtendimentoOfflineAlpha\docs\database\tables_raw\faturamento_sigtap.json";"1,24";".json";"2026-06-28 21:47";"True"
"D:\AtendimentoOfflineAlpha\docs\database\tables_raw\faturamento_sus_config.json";"1,03";".json";"2026-06-28 21:47";"True"
"D:\AtendimentoOfflineAlpha\docs\database\tables_raw\ffa_demandas_externas.json";"1,39";".json";"2026-06-28 21:47";"True"
"D:\AtendimentoOfflineAlpha\docs\database\tables_raw\ffa_diagnostico.json";"1,72";".json";"2026-06-28 21:47";"True"
"D:\AtendimentoOfflineAlpha\docs\database\tables_raw\ffa_estado.json";"0,95";".json";"2026-06-28 21:47";"True"
"D:\AtendimentoOfflineAlpha\docs\database\tables_raw\ffa_estoque_conciliacao.json";"1,06";".json";"2026-06-28 21:47";"True"
"D:\AtendimentoOfflineAlpha\docs\database\tables_raw\ffa_evolucao.json";"1,45";".json";"2026-06-28 21:47";"True"
"D:\AtendimentoOfflineAlpha\docs\database\tables_raw\ffa_extra.json";"1,15";".json";"2026-06-28 21:47";"True"
"D:\AtendimentoOfflineAlpha\docs\database\tables_raw\ffa_historico_status.json";"1,13";".json";"2026-06-28 21:47";"True"
"D:\AtendimentoOfflineAlpha\docs\database\tables_raw\ffa_item.json";"1,64";".json";"2026-06-28 21:47";"True"
"D:\AtendimentoOfflineAlpha\docs\database\tables_raw\ffa_prioridade.json";"0,98";".json";"2026-06-28 21:47";"True"
"D:\AtendimentoOfflineAlpha\docs\database\tables_raw\ffa_procedimento.json";"1,62";".json";"2026-06-28 21:47";"True"
"D:\AtendimentoOfflineAlpha\docs\database\tables_raw\ffa_sinais_vitais.json";"1,91";".json";"2026-06-28 21:47";"True"
"D:\AtendimentoOfflineAlpha\docs\database\tables_raw\ffa_substatus.json";"1,49";".json";"2026-06-28 21:47";"True"
"D:\AtendimentoOfflineAlpha\docs\database\tables_raw\ffa.json";"1,78";".json";"2026-06-28 21:47";"True"
"D:\AtendimentoOfflineAlpha\docs\database\tables_raw\fila_evento.json";"1,37";".json";"2026-06-28 21:47";"True"
"D:\AtendimentoOfflineAlpha\docs\database\tables_raw\fila_operacional_evento.json";"1,36";".json";"2026-06-28 21:47";"True"
"D:\AtendimentoOfflineAlpha\docs\database\tables_raw\fila_operacional.json";"2,9";".json";"2026-06-28 21:47";"True"
"D:\AtendimentoOfflineAlpha\docs\database\tables_raw\fila_painel_runtime.json";"1,15";".json";"2026-06-28 21:47";"True"
"D:\AtendimentoOfflineAlpha\docs\database\tables_raw\fila_retorno.json";"1,13";".json";"2026-06-28 21:47";"True"
"D:\AtendimentoOfflineAlpha\docs\database\tables_raw\fila_senha.json";"1,19";".json";"2026-06-28 21:47";"True"
"D:\AtendimentoOfflineAlpha\docs\database\tables_raw\financeiro_repasse_medico.json";"1,4";".json";"2026-06-28 21:47";"True"
"D:\AtendimentoOfflineAlpha\docs\database\tables_raw\fluxo_orquestrador_canonico.json";"1,87";".json";"2026-06-28 21:47";"True"
"D:\AtendimentoOfflineAlpha\docs\database\tables_raw\fluxo_status.json";"2,33";".json";"2026-06-28 21:47";"True"
"D:\AtendimentoOfflineAlpha\docs\database\tables_raw\fluxo_transicao_matriz.json";"2,45";".json";"2026-06-28 21:47";"True"
"D:\AtendimentoOfflineAlpha\docs\database\tables_raw\fluxo_transicao.json";"1,89";".json";"2026-06-28 21:47";"True"
"D:\AtendimentoOfflineAlpha\docs\database\tables_raw\forma_pagamento.json";"1,24";".json";"2026-06-28 21:47";"True"
"D:\AtendimentoOfflineAlpha\docs\database\tables_raw\fornecedor.json";"1,19";".json";"2026-06-28 21:47";"True"
"D:\AtendimentoOfflineAlpha\docs\database\tables_raw\funcionario_conselho_profissional.json";"1,84";".json";"2026-06-28 21:47";"True"
"D:\AtendimentoOfflineAlpha\docs\database\tables_raw\funcionario_especialidade.json";"1,56";".json";"2026-06-28 21:47";"True"
"D:\AtendimentoOfflineAlpha\docs\database\tables_raw\funcionario_unidade.json";"2,16";".json";"2026-06-28 21:47";"True"
"D:\AtendimentoOfflineAlpha\docs\database\tables_raw\funcionario.json";"72,7";".json";"2026-06-28 21:47";"True"
"D:\AtendimentoOfflineAlpha\docs\database\tables_raw\gaso_evento.json";"1,28";".json";"2026-06-28 21:47";"True"
"D:\AtendimentoOfflineAlpha\docs\database\tables_raw\gaso_solicitacao.json";"1,66";".json";"2026-06-28 21:47";"True"
"D:\AtendimentoOfflineAlpha\docs\database\tables_raw\gasoterapia_consumo_evento.json";"1,33";".json";"2026-06-28 21:47";"True"
"D:\AtendimentoOfflineAlpha\docs\database\tables_raw\gasoterapia_consumo.json";"1,38";".json";"2026-06-28 21:47";"True"
"D:\AtendimentoOfflineAlpha\docs\database\tables_raw\gpat_atendimento.json";"2,82";".json";"2026-06-28 21:47";"True"
"D:\AtendimentoOfflineAlpha\docs\database\tables_raw\gpat_dispensacao.json";"2";".json";"2026-06-28 21:47";"True"
"D:\AtendimentoOfflineAlpha\docs\database\tables_raw\gpat_evento.json";"1,49";".json";"2026-06-28 21:47";"True"
"D:\AtendimentoOfflineAlpha\docs\database\tables_raw\gpat_item.json";"1,71";".json";"2026-06-28 21:47";"True"
"D:\AtendimentoOfflineAlpha\docs\database\tables_raw\gpat.json";"1,22";".json";"2026-06-28 21:47";"True"
"D:\AtendimentoOfflineAlpha\docs\database\tables_raw\guardiao_acl_runtime.json";"1,19";".json";"2026-06-28 21:47";"True"
"D:\AtendimentoOfflineAlpha\docs\database\tables_raw\guardiao_runtime_final.json";"1,62";".json";"2026-06-28 21:47";"True"
"D:\AtendimentoOfflineAlpha\docs\database\tables_raw\hardening_sp_excecao.json";"1,01";".json";"2026-06-28 21:47";"True"
"D:\AtendimentoOfflineAlpha\docs\database\tables_raw\hipotese_diagnostica.json";"1,26";".json";"2026-06-28 21:47";"True"
"D:\AtendimentoOfflineAlpha\docs\database\tables_raw\hospital_leitos.json";"1,27";".json";"2026-06-28 21:47";"True"
"D:\AtendimentoOfflineAlpha\docs\database\tables_raw\identificador_global_assistencial.json";"1,27";".json";"2026-06-28 21:47";"True"
"D:\AtendimentoOfflineAlpha\docs\database\tables_raw\integracao_mensageria_externa.json";"1,36";".json";"2026-06-28 21:47";"True"
"D:\AtendimentoOfflineAlpha\docs\database\tables_raw\interconsulta.json";"1,23";".json";"2026-06-28 21:47";"True"
"D:\AtendimentoOfflineAlpha\docs\database\tables_raw\intercorrencia.json";"1,5";".json";"2026-06-28 21:47";"True"
"D:\AtendimentoOfflineAlpha\docs\database\tables_raw\internacao_braden_avaliacao.json";"2,65";".json";"2026-06-28 21:47";"True"
"D:\AtendimentoOfflineAlpha\docs\database\tables_raw\internacao_cuidados.json";"1,28";".json";"2026-06-28 21:47";"True"
"D:\AtendimentoOfflineAlpha\docs\database\tables_raw\internacao_dietas.json";"1,27";".json";"2026-06-28 21:47";"True"
"D:\AtendimentoOfflineAlpha\docs\database\tables_raw\internacao_dispositivos.json";"1,44";".json";"2026-06-28 21:47";"True"
"D:\AtendimentoOfflineAlpha\docs\database\tables_raw\internacao_ferida_avaliacao.json";"2,7";".json";"2026-06-28 21:47";"True"
"D:\AtendimentoOfflineAlpha\docs\database\tables_raw\internacao_historico.json";"1,41";".json";"2026-06-28 21:47";"True"
"D:\AtendimentoOfflineAlpha\docs\database\tables_raw\internacao_medicacao_administracao.json";"2,54";".json";"2026-06-28 21:47";"True"
"D:\AtendimentoOfflineAlpha\docs\database\tables_raw\internacao_movimentacao.json";"2,17";".json";"2026-06-28 21:47";"True"
"D:\AtendimentoOfflineAlpha\docs\database\tables_raw\internacao_prescricao_item.json";"2,14";".json";"2026-06-28 21:47";"True"
"D:\AtendimentoOfflineAlpha\docs\database\tables_raw\internacao_prescricao.json";"2,15";".json";"2026-06-28 21:47";"True"
"D:\AtendimentoOfflineAlpha\docs\database\tables_raw\internacao_registro_enfermagem.json";"2,57";".json";"2026-06-28 21:47";"True"
"D:\AtendimentoOfflineAlpha\docs\database\tables_raw\internacao_turno_registro.json";"2,25";".json";"2026-06-28 21:47";"True"
"D:\AtendimentoOfflineAlpha\docs\database\tables_raw\internacao.json";"2,87";".json";"2026-06-28 21:47";"True"
"D:\AtendimentoOfflineAlpha\docs\database\tables_raw\kernel_authz_policy.json";"2,03";".json";"2026-06-28 21:47";"True"
"D:\AtendimentoOfflineAlpha\docs\database\tables_raw\kernel_identity_trust_chain.json";"2,5";".json";"2026-06-28 21:47";"True"
"D:\AtendimentoOfflineAlpha\docs\database\tables_raw\kernel_ledger.json";"1,65";".json";"2026-06-28 21:47";"True"
"D:\AtendimentoOfflineAlpha\docs\database\tables_raw\kernel_runtime_evento.json";"1,7";".json";"2026-06-28 21:47";"True"
"D:\AtendimentoOfflineAlpha\docs\database\tables_raw\kernel_runtime_heartbeat.json";"1,17";".json";"2026-06-28 21:47";"True"
"D:\AtendimentoOfflineAlpha\docs\database\tables_raw\kernel_runtime_single_writer_lock.json";"1,21";".json";"2026-06-28 21:47";"True"
"D:\AtendimentoOfflineAlpha\docs\database\tables_raw\kernel_single_writer_lock.json";"1,02";".json";"2026-06-28 21:47";"True"
"D:\AtendimentoOfflineAlpha\docs\database\tables_raw\lab_amostra.json";"2,14";".json";"2026-06-28 21:47";"True"
"D:\AtendimentoOfflineAlpha\docs\database\tables_raw\lab_evento.json";"1,07";".json";"2026-06-28 21:47";"True"
"D:\AtendimentoOfflineAlpha\docs\database\tables_raw\lab_pedido.json";"1,29";".json";"2026-06-28 21:47";"True"
"D:\AtendimentoOfflineAlpha\docs\database\tables_raw\lab_protocolo_interno.json";"1,3";".json";"2026-06-28 21:47";"True"
"D:\AtendimentoOfflineAlpha\docs\database\tables_raw\lab_resultado.json";"1,34";".json";"2026-06-28 21:47";"True"
"D:\AtendimentoOfflineAlpha\docs\database\tables_raw\laboratorio_protocolo_evento.json";"1,23";".json";"2026-06-28 21:47";"True"
"D:\AtendimentoOfflineAlpha\docs\database\tables_raw\laboratorio_protocolo.json";"1,57";".json";"2026-06-28 21:47";"True"
"D:\AtendimentoOfflineAlpha\docs\database\tables_raw\ledger_evento_sincronizacao_local.json";"2,02";".json";"2026-06-28 21:47";"True"
"D:\AtendimentoOfflineAlpha\docs\database\tables_raw\ledger_evento_sincronizacao.json";"2,02";".json";"2026-06-28 21:47";"True"
"D:\AtendimentoOfflineAlpha\docs\database\tables_raw\ledger_global_sincronismo.json";"2,12";".json";"2026-06-28 21:47";"True"
"D:\AtendimentoOfflineAlpha\docs\database\tables_raw\leito.json";"1,18";".json";"2026-06-28 21:47";"True"
"D:\AtendimentoOfflineAlpha\docs\database\tables_raw\local_capacidade.json";"0,97";".json";"2026-06-28 21:47";"True"
"D:\AtendimentoOfflineAlpha\docs\database\tables_raw\local_dispositivo.json";"1,04";".json";"2026-06-28 21:47";"True"
"D:\AtendimentoOfflineAlpha\docs\database\tables_raw\local_fila.json";"1,12";".json";"2026-06-28 21:47";"True"
"D:\AtendimentoOfflineAlpha\docs\database\tables_raw\local_runtime.json";"1,32";".json";"2026-06-28 21:47";"True"
"D:\AtendimentoOfflineAlpha\docs\database\tables_raw\local_turno.json";"0,95";".json";"2026-06-28 21:47";"True"
"D:\AtendimentoOfflineAlpha\docs\database\tables_raw\local.json";"4,33";".json";"2026-06-28 21:47";"True"
"D:\AtendimentoOfflineAlpha\docs\database\tables_raw\log_acesso_prontuario.json";"1,16";".json";"2026-06-28 21:47";"True"
"D:\AtendimentoOfflineAlpha\docs\database\tables_raw\log_auditoria.json";"2,31";".json";"2026-06-28 21:47";"True"
"D:\AtendimentoOfflineAlpha\docs\database\tables_raw\log_leitura_prontuario.json";"1,03";".json";"2026-06-28 21:47";"True"
"D:\AtendimentoOfflineAlpha\docs\database\tables_raw\login_tentativa.json";"22,02";".json";"2026-06-28 21:47";"True"
"D:\AtendimentoOfflineAlpha\docs\database\tables_raw\logradouro.json";"1,42";".json";"2026-06-28 21:47";"True"
"D:\AtendimentoOfflineAlpha\docs\database\tables_raw\manutencao_execucao.json";"1,2";".json";"2026-06-28 21:47";"True"
"D:\AtendimentoOfflineAlpha\docs\database\tables_raw\md_arquivo_fonte_evento.json";"1,59";".json";"2026-06-28 21:47";"True"
"D:\AtendimentoOfflineAlpha\docs\database\tables_raw\md_arquivo_fonte.json";"1,78";".json";"2026-06-28 21:47";"True"
"D:\AtendimentoOfflineAlpha\docs\database\tables_raw\md_cid10.json";"1,64";".json";"2026-06-28 21:47";"True"
"D:\AtendimentoOfflineAlpha\docs\database\tables_raw\md_cnes_estabelecimento.json";"2,17";".json";"2026-06-28 21:47";"True"
"D:\AtendimentoOfflineAlpha\docs\database\tables_raw\md_competencia.json";"1,09";".json";"2026-06-28 21:47";"True"
"D:\AtendimentoOfflineAlpha\docs\database\tables_raw\md_sigpat_medicamento.json";"1,77";".json";"2026-06-28 21:47";"True"
"D:\AtendimentoOfflineAlpha\docs\database\tables_raw\md_sigtap_procedimento.json";"1,64";".json";"2026-06-28 21:47";"True"
"D:\AtendimentoOfflineAlpha\docs\database\tables_raw\medicacao_reavaliacao.json";"2,15";".json";"2026-06-28 21:47";"True"
"D:\AtendimentoOfflineAlpha\docs\database\tables_raw\medico_especialidade.json";"1,23";".json";"2026-06-28 21:47";"True"
"D:\AtendimentoOfflineAlpha\docs\database\tables_raw\medico.json";"1,28";".json";"2026-06-28 21:47";"True"
"D:\AtendimentoOfflineAlpha\docs\database\tables_raw\notificacao_epidemiologica_evento.json";"1,61";".json";"2026-06-28 21:47";"True"
"D:\AtendimentoOfflineAlpha\docs\database\tables_raw\notificacao_epidemiologica.json";"1,71";".json";"2026-06-28 21:47";"True"
"D:\AtendimentoOfflineAlpha\docs\database\tables_raw\notificacao_violencia_evento.json";"1,67";".json";"2026-06-28 21:47";"True"
"D:\AtendimentoOfflineAlpha\docs\database\tables_raw\notificacao_violencia.json";"2,11";".json";"2026-06-28 21:47";"True"
"D:\AtendimentoOfflineAlpha\docs\database\tables_raw\nucleo_governanca_assistencial.json";"1,34";".json";"2026-06-28 21:47";"True"
"D:\AtendimentoOfflineAlpha\docs\database\tables_raw\obito_evento.json";"1,34";".json";"2026-06-28 21:47";"True"
"D:\AtendimentoOfflineAlpha\docs\database\tables_raw\obito.json";"1,67";".json";"2026-06-28 21:47";"True"
"D:\AtendimentoOfflineAlpha\docs\database\tables_raw\observacoes_eventos.json";"1,95";".json";"2026-06-28 21:47";"True"
"D:\AtendimentoOfflineAlpha\docs\database\tables_raw\operacao_idempotencia.json";"1,08";".json";"2026-06-28 21:47";"True"
"D:\AtendimentoOfflineAlpha\docs\database\tables_raw\ordem_assistencial_aprazamento.json";"2,65";".json";"2026-06-28 21:47";"True"
"D:\AtendimentoOfflineAlpha\docs\database\tables_raw\ordem_assistencial_execucao.json";"2,15";".json";"2026-06-28 21:47";"True"
"D:\AtendimentoOfflineAlpha\docs\database\tables_raw\ordem_assistencial_item.json";"3,15";".json";"2026-06-28 21:47";"True"
"D:\AtendimentoOfflineAlpha\docs\database\tables_raw\ordem_assistencial.json";"2,25";".json";"2026-06-28 21:47";"True"
"D:\AtendimentoOfflineAlpha\docs\database\tables_raw\ordem_tipo_documento_config.json";"1,6";".json";"2026-06-28 21:47";"True"
"D:\AtendimentoOfflineAlpha\docs\database\tables_raw\paciente_alertas.json";"1,22";".json";"2026-06-28 21:47";"True"
"D:\AtendimentoOfflineAlpha\docs\database\tables_raw\paciente_canonico.json";"1,45";".json";"2026-06-28 21:47";"True"
"D:\AtendimentoOfflineAlpha\docs\database\tables_raw\paciente_cns_evento.json";"1,12";".json";"2026-06-28 21:47";"True"
"D:\AtendimentoOfflineAlpha\docs\database\tables_raw\paciente_cns.json";"1,39";".json";"2026-06-28 21:47";"True"
"D:\AtendimentoOfflineAlpha\docs\database\tables_raw\paciente.json";"6,71";".json";"2026-06-28 21:47";"True"
"D:\AtendimentoOfflineAlpha\docs\database\tables_raw\painel_alertas_tempo.json";"1,07";".json";"2026-06-28 21:47";"True"
"D:\AtendimentoOfflineAlpha\docs\database\tables_raw\painel_config_def.json";"4,58";".json";"2026-06-28 21:47";"True"
"D:\AtendimentoOfflineAlpha\docs\database\tables_raw\painel_config.json";"2,58";".json";"2026-06-28 21:47";"True"
"D:\AtendimentoOfflineAlpha\docs\database\tables_raw\painel_consumo_evento.json";"1,32";".json";"2026-06-28 21:47";"True"
"D:\AtendimentoOfflineAlpha\docs\database\tables_raw\painel_evento_stream.json";"1,28";".json";"2026-06-28 21:47";"True"
"D:\AtendimentoOfflineAlpha\docs\database\tables_raw\painel_fila_tipo.json";"1,19";".json";"2026-06-28 21:47";"True"
"D:\AtendimentoOfflineAlpha\docs\database\tables_raw\painel_grupo_local.json";"0,99";".json";"2026-06-28 21:47";"True"
"D:\AtendimentoOfflineAlpha\docs\database\tables_raw\painel_grupo.json";"1,17";".json";"2026-06-28 21:47";"True"
"D:\AtendimentoOfflineAlpha\docs\database\tables_raw\painel_lane.json";"1,05";".json";"2026-06-28 21:47";"True"
"D:\AtendimentoOfflineAlpha\docs\database\tables_raw\painel_local.json";"1,11";".json";"2026-06-28 21:47";"True"
"D:\AtendimentoOfflineAlpha\docs\database\tables_raw\painel_mensagem_consumo.json";"1,41";".json";"2026-06-28 21:47";"True"
"D:\AtendimentoOfflineAlpha\docs\database\tables_raw\painel_mensagem.json";"1,58";".json";"2026-06-28 21:47";"True"
"D:\AtendimentoOfflineAlpha\docs\database\tables_raw\painel_monitoramento_especialidade.json";"1,27";".json";"2026-06-28 21:47";"True"
"D:\AtendimentoOfflineAlpha\docs\database\tables_raw\painel.json";"4,57";".json";"2026-06-28 21:47";"True"
"D:\AtendimentoOfflineAlpha\docs\database\tables_raw\pdv_cliente.json";"1,01";".json";"2026-06-28 21:47";"True"
"D:\AtendimentoOfflineAlpha\docs\database\tables_raw\pdv_pagamento.json";"1,22";".json";"2026-06-28 21:47";"True"
"D:\AtendimentoOfflineAlpha\docs\database\tables_raw\pdv_venda_item.json";"1,58";".json";"2026-06-28 21:47";"True"
"D:\AtendimentoOfflineAlpha\docs\database\tables_raw\pdv_venda.json";"1,98";".json";"2026-06-28 21:47";"True"
"D:\AtendimentoOfflineAlpha\docs\database\tables_raw\pedido_medico_item.json";"1,89";".json";"2026-06-28 21:47";"True"
"D:\AtendimentoOfflineAlpha\docs\database\tables_raw\pedido_medico.json";"1,31";".json";"2026-06-28 21:47";"True"
"D:\AtendimentoOfflineAlpha\docs\database\tables_raw\pep_assinatura_digital.json";"1,12";".json";"2026-06-28 21:47";"True"
"D:\AtendimentoOfflineAlpha\docs\database\tables_raw\pep_registro.json";"1,51";".json";"2026-06-28 21:47";"True"
"D:\AtendimentoOfflineAlpha\docs\database\tables_raw\perfil_permissao.json";"4,26";".json";"2026-06-28 21:47";"True"
"D:\AtendimentoOfflineAlpha\docs\database\tables_raw\perfil.json";"2,71";".json";"2026-06-28 21:47";"True"
"D:\AtendimentoOfflineAlpha\docs\database\tables_raw\permissao.json";"4,89";".json";"2026-06-28 21:47";"True"
"D:\AtendimentoOfflineAlpha\docs\database\tables_raw\pessoa_alergias.json";"1,25";".json";"2026-06-28 21:47";"True"
"D:\AtendimentoOfflineAlpha\docs\database\tables_raw\pessoa_conselho_registro.json";"1,75";".json";"2026-06-28 21:47";"True"
"D:\AtendimentoOfflineAlpha\docs\database\tables_raw\pessoa_contato.json";"1,17";".json";"2026-06-28 21:47";"True"
"D:\AtendimentoOfflineAlpha\docs\database\tables_raw\pessoa_documento.json";"1,58";".json";"2026-06-28 21:47";"True"
"D:\AtendimentoOfflineAlpha\docs\database\tables_raw\pessoa_email.json";"1,44";".json";"2026-06-28 21:47";"True"
"D:\AtendimentoOfflineAlpha\docs\database\tables_raw\pessoa_endereco.json";"1,9";".json";"2026-06-28 21:47";"True"
"D:\AtendimentoOfflineAlpha\docs\database\tables_raw\pessoa_identificador.json";"1,63";".json";"2026-06-28 21:47";"True"
"D:\AtendimentoOfflineAlpha\docs\database\tables_raw\pessoa_logradouro.json";"1,37";".json";"2026-06-28 21:47";"True"
"D:\AtendimentoOfflineAlpha\docs\database\tables_raw\pessoa_telefone.json";"1,44";".json";"2026-06-28 21:47";"True"
"D:\AtendimentoOfflineAlpha\docs\database\tables_raw\pessoa_vinculo.json";"1,48";".json";"2026-06-28 21:47";"True"
"D:\AtendimentoOfflineAlpha\docs\database\tables_raw\pessoa.json";"5,84";".json";"2026-06-28 21:47";"True"
"D:\AtendimentoOfflineAlpha\docs\database\tables_raw\plantao_escala.json";"1,96";".json";"2026-06-28 21:47";"True"
"D:\AtendimentoOfflineAlpha\docs\database\tables_raw\plantao_modelo.json";"1,1";".json";"2026-06-28 21:47";"True"
"D:\AtendimentoOfflineAlpha\docs\database\tables_raw\plantao.json";"1,73";".json";"2026-06-28 21:47";"True"
"D:\AtendimentoOfflineAlpha\docs\database\tables_raw\prescricao_checagem_dupla.json";"1,35";".json";"2026-06-28 21:47";"True"
"D:\AtendimentoOfflineAlpha\docs\database\tables_raw\prescricao_checagem.json";"1,41";".json";"2026-06-28 21:47";"True"
"D:\AtendimentoOfflineAlpha\docs\database\tables_raw\prescricao_continua.json";"1,28";".json";"2026-06-28 21:47";"True"
"D:\AtendimentoOfflineAlpha\docs\database\tables_raw\prescricao_internacao.json";"1,47";".json";"2026-06-28 21:47";"True"
"D:\AtendimentoOfflineAlpha\docs\database\tables_raw\prescricao_item.json";"1,6";".json";"2026-06-28 21:47";"True"
"D:\AtendimentoOfflineAlpha\docs\database\tables_raw\prescricao_itens.json";"1,71";".json";"2026-06-28 21:47";"True"
"D:\AtendimentoOfflineAlpha\docs\database\tables_raw\prescricao_kit_itens.json";"1,65";".json";"2026-06-28 21:47";"True"
"D:\AtendimentoOfflineAlpha\docs\database\tables_raw\prescricao_kit_master.json";"1,27";".json";"2026-06-28 21:47";"True"
"D:\AtendimentoOfflineAlpha\docs\database\tables_raw\prescricao_medica.json";"1,42";".json";"2026-06-28 21:47";"True"
"D:\AtendimentoOfflineAlpha\docs\database\tables_raw\prescricao_medicacao.json";"1,41";".json";"2026-06-28 21:47";"True"
"D:\AtendimentoOfflineAlpha\docs\database\tables_raw\prescricao.json";"1,3";".json";"2026-06-28 21:47";"True"
"D:\AtendimentoOfflineAlpha\docs\database\tables_raw\prescritor_externo.json";"1,6";".json";"2026-06-28 21:47";"True"
"D:\AtendimentoOfflineAlpha\docs\database\tables_raw\prioridade_social.json";"1,33";".json";"2026-06-28 21:47";"True"
"D:\AtendimentoOfflineAlpha\docs\database\tables_raw\procedimento_protocolo_evento.json";"1,63";".json";"2026-06-28 21:47";"True"
"D:\AtendimentoOfflineAlpha\docs\database\tables_raw\procedimento_protocolo_resultado.json";"1,96";".json";"2026-06-28 21:47";"True"
"D:\AtendimentoOfflineAlpha\docs\database\tables_raw\procedimento_protocolo.json";"1,97";".json";"2026-06-28 21:47";"True"
"D:\AtendimentoOfflineAlpha\docs\database\tables_raw\procedimentos_sigtap.json";"1,03";".json";"2026-06-28 21:47";"True"
"D:\AtendimentoOfflineAlpha\docs\database\tables_raw\produtividade_evento.json";"1,5";".json";"2026-06-28 21:47";"True"
"D:\AtendimentoOfflineAlpha\docs\database\tables_raw\produto.json";"1,41";".json";"2026-06-28 21:47";"True"
"D:\AtendimentoOfflineAlpha\docs\database\tables_raw\profissional_registro.json";"1,38";".json";"2026-06-28 21:47";"True"
"D:\AtendimentoOfflineAlpha\docs\database\tables_raw\prontuario_evolucao.json";"1,35";".json";"2026-06-28 21:47";"True"
"D:\AtendimentoOfflineAlpha\docs\database\tables_raw\protocolo_assistencial_global.json";"1,81";".json";"2026-06-28 21:47";"True"
"D:\AtendimentoOfflineAlpha\docs\database\tables_raw\protocolo_emissao.json";"2,04";".json";"2026-06-28 21:47";"True"
"D:\AtendimentoOfflineAlpha\docs\database\tables_raw\protocolo_sequencia.json";"1,06";".json";"2026-06-28 21:47";"True"
"D:\AtendimentoOfflineAlpha\docs\database\tables_raw\qualidade_eventos_adversos.json";"1,28";".json";"2026-06-28 21:47";"True"
"D:\AtendimentoOfflineAlpha\docs\database\tables_raw\reabertura_atendimento.json";"1,53";".json";"2026-06-28 21:47";"True"
"D:\AtendimentoOfflineAlpha\docs\database\tables_raw\reg_anexo.json";"1,59";".json";"2026-06-28 21:47";"True"
"D:\AtendimentoOfflineAlpha\docs\database\tables_raw\reg_auditoria_acesso_sensivel.json";"1,6";".json";"2026-06-28 21:47";"True"
"D:\AtendimentoOfflineAlpha\docs\database\tables_raw\reg_export_arquivo.json";"1,42";".json";"2026-06-28 21:47";"True"
"D:\AtendimentoOfflineAlpha\docs\database\tables_raw\reg_export_erro_validacao.json";"1,56";".json";"2026-06-28 21:47";"True"
"D:\AtendimentoOfflineAlpha\docs\database\tables_raw\reg_export_item.json";"1,62";".json";"2026-06-28 21:47";"True"
"D:\AtendimentoOfflineAlpha\docs\database\tables_raw\reg_export_lote.json";"2,31";".json";"2026-06-28 21:47";"True"
"D:\AtendimentoOfflineAlpha\docs\database\tables_raw\reg_formulario_snapshot.json";"1,91";".json";"2026-06-28 21:47";"True"
"D:\AtendimentoOfflineAlpha\docs\database\tables_raw\regra_timeout.json";"0,92";".json";"2026-06-28 21:47";"True"
"D:\AtendimentoOfflineAlpha\docs\database\tables_raw\regulacao_evento.json";"1,49";".json";"2026-06-28 21:47";"True"
"D:\AtendimentoOfflineAlpha\docs\database\tables_raw\remocao_evento.json";"1,23";".json";"2026-06-28 21:47";"True"
"D:\AtendimentoOfflineAlpha\docs\database\tables_raw\remocao_logistica.json";"1,21";".json";"2026-06-28 21:47";"True"
"D:\AtendimentoOfflineAlpha\docs\database\tables_raw\remocao.json";"1,88";".json";"2026-06-28 21:47";"True"
"D:\AtendimentoOfflineAlpha\docs\database\tables_raw\retorno_atendimento.json";"1,59";".json";"2026-06-28 21:47";"True"
"D:\AtendimentoOfflineAlpha\docs\database\tables_raw\retry_semantico_controle.json";"1,24";".json";"2026-06-28 21:47";"True"
"D:\AtendimentoOfflineAlpha\docs\database\tables_raw\rh_evento.json";"1,16";".json";"2026-06-28 21:47";"True"
"D:\AtendimentoOfflineAlpha\docs\database\tables_raw\rh_pessoa_vinculo.json";"1,83";".json";"2026-06-28 21:47";"True"
"D:\AtendimentoOfflineAlpha\docs\database\tables_raw\rh_registro_profissional.json";"1,61";".json";"2026-06-28 21:47";"True"
"D:\AtendimentoOfflineAlpha\docs\database\tables_raw\runtime_api_session_token.json";"1,54";".json";"2026-06-28 21:47";"True"
"D:\AtendimentoOfflineAlpha\docs\database\tables_raw\runtime_concurrency_guard.json";"1,38";".json";"2026-06-28 21:47";"True"
"D:\AtendimentoOfflineAlpha\docs\database\tables_raw\runtime_contexto.json";"1,67";".json";"2026-06-28 21:47";"True"
"D:\AtendimentoOfflineAlpha\docs\database\tables_raw\runtime_dispositivo.json";"1,65";".json";"2026-06-28 21:47";"True"
"D:\AtendimentoOfflineAlpha\docs\database\tables_raw\runtime_edge_evento.json";"1,85";".json";"2026-06-28 21:47";"True"
"D:\AtendimentoOfflineAlpha\docs\database\tables_raw\runtime_estado_sobrevivencia.json";"1,33";".json";"2026-06-28 21:47";"True"
"D:\AtendimentoOfflineAlpha\docs\database\tables_raw\runtime_evento_provisional.json";"1,53";".json";"2026-06-28 21:47";"True"
"D:\AtendimentoOfflineAlpha\docs\database\tables_raw\runtime_execution_queue.json";"1,78";".json";"2026-06-28 21:47";"True"
"D:\AtendimentoOfflineAlpha\docs\database\tables_raw\runtime_invariant_log.json";"1,57";".json";"2026-06-28 21:47";"True"
"D:\AtendimentoOfflineAlpha\docs\database\tables_raw\runtime_kernel_locks.json";"1,01";".json";"2026-06-28 21:47";"True"
"D:\AtendimentoOfflineAlpha\docs\database\tables_raw\runtime_lock_semantico.json";"1,21";".json";"2026-06-28 21:47";"True"
"D:\AtendimentoOfflineAlpha\docs\database\tables_raw\runtime_snapshot_governanca.json";"1,32";".json";"2026-06-28 21:47";"True"
"D:\AtendimentoOfflineAlpha\docs\database\tables_raw\runtime_snapshot_metadata.json";"1,37";".json";"2026-06-28 21:47";"True"
"D:\AtendimentoOfflineAlpha\docs\database\tables_raw\runtime_sync_log.json";"1,48";".json";"2026-06-28 21:47";"True"
"D:\AtendimentoOfflineAlpha\docs\database\tables_raw\runtime_sync_queue.json";"1,05";".json";"2026-06-28 21:47";"True"
"D:\AtendimentoOfflineAlpha\docs\database\tables_raw\saas_contrato.json";"1,29";".json";"2026-06-28 21:47";"True"
"D:\AtendimentoOfflineAlpha\docs\database\tables_raw\saas_entidade.json";"1,25";".json";"2026-06-28 21:47";"True"
"D:\AtendimentoOfflineAlpha\docs\database\tables_raw\sala_notificacao_evento.json";"1,55";".json";"2026-06-28 21:47";"True"
"D:\AtendimentoOfflineAlpha\docs\database\tables_raw\sala_notificacao.json";"1,57";".json";"2026-06-28 21:47";"True"
"D:\AtendimentoOfflineAlpha\docs\database\tables_raw\schema_patch_execucao.json";"1,19";".json";"2026-06-28 21:47";"True"
"D:\AtendimentoOfflineAlpha\docs\database\tables_raw\senha_eventos.json";"2,13";".json";"2026-06-28 21:47";"True"
"D:\AtendimentoOfflineAlpha\docs\database\tables_raw\senha_sequencia.json";"1,36";".json";"2026-06-28 21:47";"True"
"D:\AtendimentoOfflineAlpha\docs\database\tables_raw\senha_status.json";"1,36";".json";"2026-06-28 21:47";"True"
"D:\AtendimentoOfflineAlpha\docs\database\tables_raw\senha_transicao_matriz.json";"1,54";".json";"2026-06-28 21:47";"True"
"D:\AtendimentoOfflineAlpha\docs\database\tables_raw\senha.json";"2,07";".json";"2026-06-28 21:47";"True"
"D:\AtendimentoOfflineAlpha\docs\database\tables_raw\servico_agendamento.json";"1,94";".json";"2026-06-28 21:47";"True"
"D:\AtendimentoOfflineAlpha\docs\database\tables_raw\sessao_ativa.json";"1,08";".json";"2026-06-28 21:47";"True"
"D:\AtendimentoOfflineAlpha\docs\database\tables_raw\sessao_contexto_historico.json";"2,44";".json";"2026-06-28 21:47";"True"
"D:\AtendimentoOfflineAlpha\docs\database\tables_raw\sessao_evento.json";"1,72";".json";"2026-06-28 21:47";"True"
"D:\AtendimentoOfflineAlpha\docs\database\tables_raw\sessao_usuario.json";"107,3";".json";"2026-06-28 21:47";"True"
"D:\AtendimentoOfflineAlpha\docs\database\tables_raw\setor.json";"1,31";".json";"2026-06-28 21:47";"True"
"D:\AtendimentoOfflineAlpha\docs\database\tables_raw\sigpat_procedimento.json";"1,73";".json";"2026-06-28 21:47";"True"
"D:\AtendimentoOfflineAlpha\docs\database\tables_raw\sinais_vitais.json";"1,18";".json";"2026-06-28 21:47";"True"
"D:\AtendimentoOfflineAlpha\docs\database\tables_raw\sinan_evento.json";"1,07";".json";"2026-06-28 21:47";"True"
"D:\AtendimentoOfflineAlpha\docs\database\tables_raw\sinan_notificacao.json";"1,32";".json";"2026-06-28 21:47";"True"
"D:\AtendimentoOfflineAlpha\docs\database\tables_raw\sincronizacao_federada_evento.json";"1,24";".json";"2026-06-28 21:47";"True"
"D:\AtendimentoOfflineAlpha\docs\database\tables_raw\sistema.json";"1,44";".json";"2026-06-28 21:47";"True"
"D:\AtendimentoOfflineAlpha\docs\database\tables_raw\solicitacao_exame.json";"1,43";".json";"2026-06-28 21:47";"True"
"D:\AtendimentoOfflineAlpha\docs\database\tables_raw\status_timeout.json";"1,35";".json";"2026-06-28 21:47";"True"
"D:\AtendimentoOfflineAlpha\docs\database\tables_raw\sus_cid10_competencia.json";"1,14";".json";"2026-06-28 21:47";"True"
"D:\AtendimentoOfflineAlpha\docs\database\tables_raw\sus_cnes_estabelecimento.json";"1,4";".json";"2026-06-28 21:47";"True"
"D:\AtendimentoOfflineAlpha\docs\database\tables_raw\sus_competencia.json";"1,04";".json";"2026-06-28 21:47";"True"
"D:\AtendimentoOfflineAlpha\docs\database\tables_raw\sus_sigtap_procedimento.json";"1,69";".json";"2026-06-28 21:47";"True"
"D:\AtendimentoOfflineAlpha\docs\database\tables_raw\tabela_tuss.json";"0,99";".json";"2026-06-28 21:47";"True"
"D:\AtendimentoOfflineAlpha\docs\database\tables_raw\tenant_registry.json";"1,41";".json";"2026-06-28 21:47";"True"
"D:\AtendimentoOfflineAlpha\docs\database\tables_raw\tipo_local.json";"10,22";".json";"2026-06-28 21:47";"True"
"D:\AtendimentoOfflineAlpha\docs\database\tables_raw\tipo_sala.json";"1,1";".json";"2026-06-28 21:47";"True"
"D:\AtendimentoOfflineAlpha\docs\database\tables_raw\tombstone_evento_assistencial.json";"1,18";".json";"2026-06-28 21:47";"True"
"D:\AtendimentoOfflineAlpha\docs\database\tables_raw\totem_evento.json";"3,87";".json";"2026-06-28 21:47";"True"
"D:\AtendimentoOfflineAlpha\docs\database\tables_raw\totem_feedback.json";"1,11";".json";"2026-06-28 21:47";"True"
"D:\AtendimentoOfflineAlpha\docs\database\tables_raw\totem_senha_opcao.json";"1,93";".json";"2026-06-28 21:47";"True"
"D:\AtendimentoOfflineAlpha\docs\database\tables_raw\totem.json";"1,25";".json";"2026-06-28 21:47";"True"
"D:\AtendimentoOfflineAlpha\docs\database\tables_raw\transporte_ambulancia_evento.json";"1,38";".json";"2026-06-28 21:47";"True"
"D:\AtendimentoOfflineAlpha\docs\database\tables_raw\transporte_ambulancia.json";"1,33";".json";"2026-06-28 21:47";"True"
"D:\AtendimentoOfflineAlpha\docs\database\tables_raw\triagem.json";"1,68";".json";"2026-06-28 21:47";"True"
"D:\AtendimentoOfflineAlpha\docs\database\tables_raw\tv_rotativo_tela.json";"2,13";".json";"2026-06-28 21:47";"True"
"D:\AtendimentoOfflineAlpha\docs\database\tables_raw\tv_rotativo.json";"1,35";".json";"2026-06-28 21:47";"True"
"D:\AtendimentoOfflineAlpha\docs\database\tables_raw\unidade.json";"1,58";".json";"2026-06-28 21:47";"True"
"D:\AtendimentoOfflineAlpha\docs\database\tables_raw\usuario_alocacao.json";"1,37";".json";"2026-06-28 21:47";"True"
"D:\AtendimentoOfflineAlpha\docs\database\tables_raw\usuario_contexto.json";"1,94";".json";"2026-06-28 21:47";"True"
"D:\AtendimentoOfflineAlpha\docs\database\tables_raw\usuario_historico_senha.json";"1,15";".json";"2026-06-28 21:47";"True"
"D:\AtendimentoOfflineAlpha\docs\database\tables_raw\usuario_local.json";"1,99";".json";"2026-06-28 21:47";"True"
"D:\AtendimentoOfflineAlpha\docs\database\tables_raw\usuario_log_acesso.json";"1,28";".json";"2026-06-28 21:47";"True"
"D:\AtendimentoOfflineAlpha\docs\database\tables_raw\usuario_perfil.json";"2,04";".json";"2026-06-28 21:47";"True"
"D:\AtendimentoOfflineAlpha\docs\database\tables_raw\usuario_profissional_registro.json";"1,32";".json";"2026-06-28 21:47";"True"
"D:\AtendimentoOfflineAlpha\docs\database\tables_raw\usuario_refresh_token.json";"1,19";".json";"2026-06-28 21:47";"True"
"D:\AtendimentoOfflineAlpha\docs\database\tables_raw\usuario_refresh.json";"97,33";".json";"2026-06-28 21:47";"True"
"D:\AtendimentoOfflineAlpha\docs\database\tables_raw\usuario_reset_senha.json";"1,3";".json";"2026-06-28 21:47";"True"
"D:\AtendimentoOfflineAlpha\docs\database\tables_raw\usuario_sala.json";"1,99";".json";"2026-06-28 21:47";"True"
"D:\AtendimentoOfflineAlpha\docs\database\tables_raw\usuario_senha_historico.json";"1,75";".json";"2026-06-28 21:47";"True"
"D:\AtendimentoOfflineAlpha\docs\database\tables_raw\usuario_senha_reset.json";"1,7";".json";"2026-06-28 21:47";"True"
"D:\AtendimentoOfflineAlpha\docs\database\tables_raw\usuario_setor.json";"1,09";".json";"2026-06-28 21:47";"True"
"D:\AtendimentoOfflineAlpha\docs\database\tables_raw\usuario_sistema_acl_evento.json";"1,25";".json";"2026-06-28 21:47";"True"
"D:\AtendimentoOfflineAlpha\docs\database\tables_raw\usuario_sistema.json";"1,56";".json";"2026-06-28 21:47";"True"
"D:\AtendimentoOfflineAlpha\docs\database\tables_raw\usuario_unidade.json";"1,54";".json";"2026-06-28 21:47";"True"
"D:\AtendimentoOfflineAlpha\docs\database\tables_raw\usuario.json";"3,6";".json";"2026-06-28 21:47";"True"
"D:\AtendimentoOfflineAlpha\docs\database\tables_raw\venda_evento.json";"1,08";".json";"2026-06-28 21:47";"True"
"D:\AtendimentoOfflineAlpha\docs\database\tables_raw\venda_item.json";"1,51";".json";"2026-06-28 21:47";"True"
"D:\AtendimentoOfflineAlpha\docs\database\tables_raw\venda_pagamento.json";"1,22";".json";"2026-06-28 21:47";"True"
"D:\AtendimentoOfflineAlpha\docs\database\tables_raw\venda.json";"1,72";".json";"2026-06-28 21:47";"True"
"D:\AtendimentoOfflineAlpha\docs\database\tables_raw\viatura.json";"1,1";".json";"2026-06-28 21:47";"True"
"D:\AtendimentoOfflineAlpha\docs\database\tables_raw\workflow_ffa_evento.json";"646,43";".json";"2026-06-28 21:47";"True"
"D:\AtendimentoOfflineAlpha\docs\diagrams\db.mmd";"2,49";".mmd";"2026-02-06 20:53";"True"
"D:\AtendimentoOfflineAlpha\docs\diagrams\README.md";"0,57";".md";"2026-02-06 20:53";"True"
"D:\AtendimentoOfflineAlpha\docs\diagrams\spa.mmd";"0,81";".mmd";"2026-02-06 20:53";"True"
"D:\AtendimentoOfflineAlpha\docs\project\inventory-raw.csv";"2088";".csv";"2026-07-05 05:24";"True"
"D:\AtendimentoOfflineAlpha\engineering\ARTIFACTS-INVENTORY.md";"0,78";".md";"2026-07-04 23:42";"True"
"D:\AtendimentoOfflineAlpha\engineering\AUTO-DOCUMENTATION-COMPLETE.md";"0,74";".md";"2026-07-05 04:47";"True"
"D:\AtendimentoOfflineAlpha\engineering\CHECKPOINT.md";"0,7";".md";"2026-07-04 22:53";"True"
"D:\AtendimentoOfflineAlpha\engineering\CONSOLIDATED-MEMORY.md";"0,93";".md";"2026-07-05 02:05";"True"
"D:\AtendimentoOfflineAlpha\engineering\DOCUMENTATION-COMPLETION.md";"0,94";".md";"2026-07-04 23:54";"True"
"D:\AtendimentoOfflineAlpha\engineering\ENGINEERING_GRAPH.json";"221,18";".json";"2026-07-04 23:08";"True"
"D:\AtendimentoOfflineAlpha\engineering\FINAL-INVENTORY.md";"0,51";".md";"2026-07-04 23:43";"True"
"D:\AtendimentoOfflineAlpha\engineering\FINAL-STRUCTURE.md";"1,48";".md";"2026-07-05 04:05";"True"
"D:\AtendimentoOfflineAlpha\engineering\FRONT-CONNECTION.md";"0,43";".md";"2026-07-05 01:50";"True"
"D:\AtendimentoOfflineAlpha\engineering\FRONT-STRUCTURE.md";"0,75";".md";"2026-07-05 01:04";"True"
"D:\AtendimentoOfflineAlpha\engineering\HYBRID-ARCHITECTURE.md";"0,95";".md";"2026-07-05 01:57";"True"
"D:\AtendimentoOfflineAlpha\engineering\INTEGRATION-COMPLETE.md";"0,7";".md";"2026-07-05 02:25";"True"
"D:\AtendimentoOfflineAlpha\engineering\INTEGRATION-HUB.md";"2,27";".md";"2026-07-04 23:51";"True"
"D:\AtendimentoOfflineAlpha\engineering\KILO-CHECKLIST.md";"0,92";".md";"2026-07-04 23:51";"True"
"D:\AtendimentoOfflineAlpha\engineering\KILO-FREEZE.md";"0,98";".md";"2026-07-04 23:51";"True"
"D:\AtendimentoOfflineAlpha\engineering\KILO-MANIFEST.md";"1,37";".md";"2026-07-04 23:51";"True"
"D:\AtendimentoOfflineAlpha\engineering\KILO-v6.2-GIT-PIPELINE.md";"1,35";".md";"2026-07-04 23:51";"True"
"D:\AtendimentoOfflineAlpha\engineering\KILVO-v6.1-CODE-GENERATOR.md";"1,11";".md";"2026-07-04 23:51";"True"
"D:\AtendimentoOfflineAlpha\engineering\LEGACY-CLASSIFICATION-MAP.md";"1,28";".md";"2026-07-05 02:25";"True"
"D:\AtendimentoOfflineAlpha\engineering\LOGIN-FLOW.md";"0,66";".md";"2026-07-05 01:56";"True"
"D:\AtendimentoOfflineAlpha\engineering\MD-REAL-INVENTORY.md";"0,48";".md";"2026-07-04 23:54";"True"
"D:\AtendimentoOfflineAlpha\engineering\PORTAL-OS-STATUS.md";"0,77";".md";"2026-07-05 02:18";"True"
"D:\AtendimentoOfflineAlpha\engineering\PROJECT-FREEZE.md";"0,94";".md";"2026-07-04 23:42";"True"
"D:\AtendimentoOfflineAlpha\engineering\PROJECT-LOCKDOWN.md";"0,98";".md";"2026-07-05 00:52";"True"
"D:\AtendimentoOfflineAlpha\engineering\README-KERNEL.md";"2,28";".md";"2026-07-04 23:51";"True"
"D:\AtendimentoOfflineAlpha\engineering\README.md";"2,45";".md";"2026-07-04 23:51";"True"
"D:\AtendimentoOfflineAlpha\engineering\REAL-STRUCTURE-MAP.md";"1,23";".md";"2026-07-05 02:33";"True"
"D:\AtendimentoOfflineAlpha\engineering\RODOAP-MAP.md";"1,83";".md";"2026-07-04 23:51";"True"
"D:\AtendimentoOfflineAlpha\engineering\RUN-GUIDE.md";"0,65";".md";"2026-07-05 04:12";"True"
"D:\AtendimentoOfflineAlpha\engineering\RUN-SETUP.md";"0,64";".md";"2026-07-05 04:09";"True"
"D:\AtendimentoOfflineAlpha\engineering\SPRINT-3-PLAN.md";"0,34";".md";"2026-07-04 23:00";"True"
"D:\AtendimentoOfflineAlpha\engineering\SUMMARY.md";"1,78";".md";"2026-07-04 23:51";"True"
"D:\AtendimentoOfflineAlpha\engineering\backlog\TODO-MD.md";"0,77";".md";"2026-07-04 23:51";"True"
"D:\AtendimentoOfflineAlpha\engineering\canonical\FRONT-PROCEDURE-MATRIX.md";"3,08";".md";"2026-07-05 04:45";"True"
"D:\AtendimentoOfflineAlpha\engineering\canonical\index.md";"0,35";".md";"2026-07-04 23:51";"True"
"D:\AtendimentoOfflineAlpha\engineering\canonical\manifest.json";"0,45";".json";"2026-07-04 23:51";"True"
"D:\AtendimentoOfflineAlpha\engineering\canonical\sync-pipeline.md";"0,9";".md";"2026-07-04 23:52";"True"
"D:\AtendimentoOfflineAlpha\engineering\canonical\br\BR-sp_executor_manchester_runtime.md";"0,42";".md";"2026-07-05 00:53";"True"
"D:\AtendimentoOfflineAlpha\engineering\canonical\br\BR-sp_executor_recepcao_abrir_atendimento.md";"0,45";".md";"2026-07-05 00:53";"True"
"D:\AtendimentoOfflineAlpha\engineering\canonical\br\BR-sp_farm_dispensacao_criar.md";"0,4";".md";"2026-07-05 00:53";"True"
"D:\AtendimentoOfflineAlpha\engineering\canonical\br\BR-sp_farm_dispensacao_registrar.md";"0,42";".md";"2026-07-05 00:53";"True"
"D:\AtendimentoOfflineAlpha\engineering\canonical\br\BR-sp_farm_reserva_confirmar.md";"0,4";".md";"2026-07-05 00:53";"True"
"D:\AtendimentoOfflineAlpha\engineering\canonical\br\BR-sp_farmacia_dispensar_registrar.md";"0,42";".md";"2026-07-05 00:53";"True"
"D:\AtendimentoOfflineAlpha\engineering\canonical\br\BR-sp_ffa_adicionar_item.md";"0,38";".md";"2026-07-05 00:53";"True"
"D:\AtendimentoOfflineAlpha\engineering\canonical\br\BR-sp_ffa_gpat_garantir.md";"0,38";".md";"2026-07-05 00:53";"True"
"D:\AtendimentoOfflineAlpha\engineering\canonical\br\BR-sp_ffa_gpat_gerar.md";"0,37";".md";"2026-07-05 00:53";"True"
"D:\AtendimentoOfflineAlpha\engineering\canonical\br\BR-sp_ffa_orquestrador_transicao.md";"0,42";".md";"2026-07-05 00:53";"True"
"D:\AtendimentoOfflineAlpha\engineering\canonical\br\BR-sp_fila_chamar_proxima.md";"0,39";".md";"2026-07-05 00:53";"True"
"D:\AtendimentoOfflineAlpha\engineering\canonical\br\BR-sp_fila_finalizar.md";"0,37";".md";"2026-07-05 00:53";"True"
"D:\AtendimentoOfflineAlpha\engineering\canonical\br\BR-sp_fila_tipo_por_local.md";"0,39";".md";"2026-07-05 00:53";"True"
"D:\AtendimentoOfflineAlpha\engineering\canonical\br\BR-sp_finalizar_procedimento_ecg.md";"0,42";".md";"2026-07-05 00:53";"True"
"D:\AtendimentoOfflineAlpha\engineering\canonical\br\BR-sp_finalizar_procedimento_geral.md";"0,42";".md";"2026-07-05 00:53";"True"
"D:\AtendimentoOfflineAlpha\engineering\canonical\br\BR-sp_finalizar_procedimento_laboratorio.md";"0,45";".md";"2026-07-05 00:53";"True"
"D:\AtendimentoOfflineAlpha\engineering\canonical\br\BR-sp_finalizar_senha.md";"0,37";".md";"2026-07-05 00:53";"True"
"D:\AtendimentoOfflineAlpha\engineering\canonical\br\BR-sp_fix_columns_entidade.md";"0,39";".md";"2026-07-05 00:53";"True"
"D:\AtendimentoOfflineAlpha\engineering\canonical\br\BR-sp_fix_fk_unidade.md";"0,37";".md";"2026-07-05 00:53";"True"
"D:\AtendimentoOfflineAlpha\engineering\canonical\br\BR-sp_fluxo_estoque.md";"0,36";".md";"2026-07-05 00:53";"True"
"D:\AtendimentoOfflineAlpha\engineering\canonical\br\BR-sp_fluxo_executor_matriz.md";"0,4";".md";"2026-07-05 00:53";"True"
"D:\AtendimentoOfflineAlpha\engineering\canonical\br\BR-sp_fluxo_guardiao_transicao.md";"0,41";".md";"2026-07-05 00:53";"True"
"D:\AtendimentoOfflineAlpha\engineering\canonical\br\BR-sp_fluxo_verificar_autorizacao.md";"0,42";".md";"2026-07-05 00:53";"True"
"D:\AtendimentoOfflineAlpha\engineering\canonical\br\BR-sp_gatekeeper_assistencial.md";"0,4";".md";"2026-07-05 00:53";"True"
"D:\AtendimentoOfflineAlpha\engineering\canonical\br\BR-sp_gera_protocolo_lab.md";"0,38";".md";"2026-07-05 00:53";"True"
"D:\AtendimentoOfflineAlpha\engineering\canonical\front\FRONT-1.md";"0,46";".md";"2026-07-05 00:58";"True"
"D:\AtendimentoOfflineAlpha\engineering\canonical\front\FRONT-2.md";"0,45";".md";"2026-07-05 00:58";"True"
"D:\AtendimentoOfflineAlpha\engineering\canonical\front\FRONT-3.md";"0,41";".md";"2026-07-05 00:58";"True"
"D:\AtendimentoOfflineAlpha\engineering\canonical\front\FRONT-4.md";"0,43";".md";"2026-07-05 00:58";"True"
"D:\AtendimentoOfflineAlpha\engineering\canonical\front\FRONT-5.md";"0,43";".md";"2026-07-05 00:58";"True"
"D:\AtendimentoOfflineAlpha\engineering\canonical\md\MD-acompanhante.md";"0,42";".md";"2026-07-04 23:46";"True"
"D:\AtendimentoOfflineAlpha\engineering\canonical\md\MD-administracao_medicacao_ordem.md";"0,49";".md";"2026-07-05 00:00";"True"
"D:\AtendimentoOfflineAlpha\engineering\canonical\md\MD-administracao_medicacao.md";"0,48";".md";"2026-07-05 00:00";"True"
"D:\AtendimentoOfflineAlpha\engineering\canonical\md\MD-agenda_disponibilidade.md";"0,52";".md";"2026-07-04 23:46";"True"
"D:\AtendimentoOfflineAlpha\engineering\canonical\md\MD-agendamento.md";"0,51";".md";"2026-07-04 23:46";"True"
"D:\AtendimentoOfflineAlpha\engineering\canonical\md\MD-agendamentos_eventos.md";"0,48";".md";"2026-07-04 23:46";"True"
"D:\AtendimentoOfflineAlpha\engineering\canonical\md\MD-alerta_consumo.md";"0,47";".md";"2026-07-05 00:00";"True"
"D:\AtendimentoOfflineAlpha\engineering\canonical\md\MD-alerta_destinatario.md";"0,47";".md";"2026-07-05 00:00";"True"
"D:\AtendimentoOfflineAlpha\engineering\canonical\md\MD-alerta_regra.md";"0,46";".md";"2026-07-05 00:00";"True"
"D:\AtendimentoOfflineAlpha\engineering\canonical\md\MD-alerta.md";"0,48";".md";"2026-07-05 00:00";"True"
"D:\AtendimentoOfflineAlpha\engineering\canonical\md\MD-almoxarifado_central.md";"0,45";".md";"2026-07-05 00:00";"True"
"D:\AtendimentoOfflineAlpha\engineering\canonical\md\MD-anamnese.md";"0,44";".md";"2026-07-05 00:00";"True"
"D:\AtendimentoOfflineAlpha\engineering\canonical\md\MD-anotacao_enfermagem.md";"0,46";".md";"2026-07-05 00:00";"True"
"D:\AtendimentoOfflineAlpha\engineering\canonical\md\MD-assinatura_digital_documentos.md";"0,47";".md";"2026-07-05 00:00";"True"
"D:\AtendimentoOfflineAlpha\engineering\canonical\md\MD-assinatura_digital_prontuario.md";"0,5";".md";"2026-07-05 00:00";"True"
"D:\AtendimentoOfflineAlpha\engineering\canonical\md\MD-assistencia_social_atendimento.md";"0,49";".md";"2026-07-05 00:00";"True"
"D:\AtendimentoOfflineAlpha\engineering\canonical\md\MD-assistencia_social_evento.md";"0,49";".md";"2026-07-05 00:00";"True"
"D:\AtendimentoOfflineAlpha\engineering\canonical\md\MD-assistencial_checkpoint_global.md";"0,49";".md";"2026-07-05 00:00";"True"
"D:\AtendimentoOfflineAlpha\engineering\canonical\md\MD-assistencial_circuit_breaker.md";"0,47";".md";"2026-07-05 00:00";"True"
"D:\AtendimentoOfflineAlpha\engineering\canonical\md\MD-assistencial_evento_hash.md";"0,47";".md";"2026-07-05 00:00";"True"
"D:\AtendimentoOfflineAlpha\engineering\canonical\md\MD-assistencial_minipal_metric.md";"0,46";".md";"2026-07-05 00:00";"True"
"D:\AtendimentoOfflineAlpha\engineering\canonical\md\MD-assistencial_quorum_clinico.md";"0,46";".md";"2026-07-05 00:00";"True"
"D:\AtendimentoOfflineAlpha\engineering\canonical\md\MD-assistencial_raim_metric.md";"0,46";".md";"2026-07-05 00:00";"True"
"D:\AtendimentoOfflineAlpha\engineering\canonical\md\MD-assistencial_runtime_federado.md";"0,49";".md";"2026-07-05 00:00";"True"
"D:\AtendimentoOfflineAlpha\engineering\canonical\md\MD-assistencial_runtime_panel.md";"0,48";".md";"2026-07-05 00:00";"True"
"D:\AtendimentoOfflineAlpha\engineering\canonical\md\MD-assistencial_simulacao_futura.md";"0,49";".md";"2026-07-05 00:00";"True"
"D:\AtendimentoOfflineAlpha\engineering\canonical\md\MD-assistencial_snapshot_runtime.md";"0,49";".md";"2026-07-05 00:00";"True"
"D:\AtendimentoOfflineAlpha\engineering\canonical\md\MD-assistencial_telemetria_runtime.md";"0,49";".md";"2026-07-05 00:00";"True"
"D:\AtendimentoOfflineAlpha\engineering\canonical\md\MD-assistencial_watchdog_fila.md";"0,48";".md";"2026-07-05 00:00";"True"
"D:\AtendimentoOfflineAlpha\engineering\canonical\md\MD-atendimento_anamnese.md";"0,48";".md";"2026-07-04 23:46";"True"
"D:\AtendimentoOfflineAlpha\engineering\canonical\md\MD-atendimento_balanco_hidrico.md";"0,5";".md";"2026-07-04 23:46";"True"
"D:\AtendimentoOfflineAlpha\engineering\canonical\md\MD-atendimento_checagem.md";"0,48";".md";"2026-07-04 23:46";"True"
"D:\AtendimentoOfflineAlpha\engineering\canonical\md\MD-atendimento_desfecho.md";"0,47";".md";"2026-07-04 23:46";"True"
"D:\AtendimentoOfflineAlpha\engineering\canonical\md\MD-atendimento_diagnostico.md";"0,47";".md";"2026-07-04 23:46";"True"
"D:\AtendimentoOfflineAlpha\engineering\canonical\md\MD-atendimento_escalas_risco.md";"0,47";".md";"2026-07-04 23:46";"True"
"D:\AtendimentoOfflineAlpha\engineering\canonical\md\MD-atendimento_estado_ativo.md";"0,48";".md";"2026-07-04 23:46";"True"
"D:\AtendimentoOfflineAlpha\engineering\canonical\md\MD-atendimento_evento_ledger.md";"0,46";".md";"2026-07-04 23:46";"True"
"D:\AtendimentoOfflineAlpha\engineering\canonical\md\MD-atendimento_evento.md";"0,47";".md";"2026-07-04 23:46";"True"
"D:\AtendimentoOfflineAlpha\engineering\canonical\md\MD-atendimento_evolucao.md";"0,5";".md";"2026-07-04 23:46";"True"
"D:\AtendimentoOfflineAlpha\engineering\canonical\md\MD-atendimento_exame_fisico.md";"0,47";".md";"2026-07-04 23:46";"True"
"D:\AtendimentoOfflineAlpha\engineering\canonical\md\MD-atendimento_identidade_fluxo.md";"0,47";".md";"2026-07-04 23:46";"True"
"D:\AtendimentoOfflineAlpha\engineering\canonical\md\MD-atendimento_movimentacao.md";"0,47";".md";"2026-07-04 23:46";"True"
"D:\AtendimentoOfflineAlpha\engineering\canonical\md\MD-atendimento_observacao.md";"0,47";".md";"2026-07-04 23:46";"True"
"D:\AtendimentoOfflineAlpha\engineering\canonical\md\MD-atendimento_pedidos_exame.md";"0,48";".md";"2026-07-04 23:46";"True"
"D:\AtendimentoOfflineAlpha\engineering\canonical\md\MD-atendimento_pre_hospitalar.md";"0,48";".md";"2026-07-04 23:46";"True"
"D:\AtendimentoOfflineAlpha\engineering\canonical\md\MD-atendimento_prescricao.md";"0,49";".md";"2026-07-04 23:46";"True"
"D:\AtendimentoOfflineAlpha\engineering\canonical\md\MD-atendimento_profissional.md";"0,46";".md";"2026-07-04 23:46";"True"
"D:\AtendimentoOfflineAlpha\engineering\canonical\md\MD-atendimento_recepcao.md";"0,46";".md";"2026-07-04 23:46";"True"
"D:\AtendimentoOfflineAlpha\engineering\canonical\md\MD-atendimento_sinais_vitais.md";"0,47";".md";"2026-07-04 23:46";"True"
"D:\AtendimentoOfflineAlpha\engineering\canonical\md\MD-atendimento_sumario_alta.md";"0,46";".md";"2026-07-04 23:46";"True"
"D:\AtendimentoOfflineAlpha\engineering\canonical\md\MD-atendimento_transicao_ledger.md";"0,47";".md";"2026-07-04 23:46";"True"
"D:\AtendimentoOfflineAlpha\engineering\canonical\md\MD-atendimento_triagem.md";"0,46";".md";"2026-07-04 23:46";"True"
"D:\AtendimentoOfflineAlpha\engineering\canonical\md\MD-atendimento_vinculo.md";"0,45";".md";"2026-07-04 23:46";"True"
"D:\AtendimentoOfflineAlpha\engineering\canonical\md\MD-atendimento.md";"0,6";".md";"2026-07-04 23:46";"True"
"D:\AtendimentoOfflineAlpha\engineering\canonical\md\MD-auditoria_acesso.md";"0,48";".md";"2026-07-05 00:00";"True"
"D:\AtendimentoOfflineAlpha\engineering\canonical\md\MD-auditoria_almoxarifado.md";"0,53";".md";"2026-07-05 00:00";"True"
"D:\AtendimentoOfflineAlpha\engineering\canonical\md\MD-auditoria_contexto.md";"0,52";".md";"2026-07-05 00:00";"True"
"D:\AtendimentoOfflineAlpha\engineering\canonical\md\MD-auditoria_erro.md";"0,53";".md";"2026-07-05 00:00";"True"
"D:\AtendimentoOfflineAlpha\engineering\canonical\md\MD-auditoria_estoque_sanitario.md";"0,49";".md";"2026-07-05 00:00";"True"
"D:\AtendimentoOfflineAlpha\engineering\canonical\md\MD-auditoria_estoque.md";"0,47";".md";"2026-07-05 00:00";"True"
"D:\AtendimentoOfflineAlpha\engineering\canonical\md\MD-auditoria_evento.md";"0,59";".md";"2026-07-05 00:00";"True"
"D:\AtendimentoOfflineAlpha\engineering\canonical\md\MD-auditoria_excecoes.md";"0,48";".md";"2026-07-05 00:00";"True"
"D:\AtendimentoOfflineAlpha\engineering\canonical\md\MD-auditoria_ffa.md";"0,47";".md";"2026-07-05 00:00";"True"
"D:\AtendimentoOfflineAlpha\engineering\canonical\md\MD-auditoria_fila.md";"0,47";".md";"2026-07-05 00:00";"True"
"D:\AtendimentoOfflineAlpha\engineering\canonical\md\MD-auditoria_mestre.md";"0,48";".md";"2026-07-05 00:00";"True"
"D:\AtendimentoOfflineAlpha\engineering\canonical\md\MD-auditoria_visualizacao_prontuario.md";"0,51";".md";"2026-07-05 00:00";"True"
"D:\AtendimentoOfflineAlpha\engineering\canonical\md\MD-auditoria.md";"0,04";".md";"2026-07-05 00:41";"True"
"D:\AtendimentoOfflineAlpha\engineering\canonical\md\MD-autenticacao.md";"0,53";".md";"2026-07-05 00:40";"True"
"D:\AtendimentoOfflineAlpha\engineering\canonical\md\MD-auth_audit.md";"0,43";".md";"2026-07-04 23:46";"True"
"D:\AtendimentoOfflineAlpha\engineering\canonical\md\MD-auth_bloqueio.md";"0,44";".md";"2026-07-04 23:46";"True"
"D:\AtendimentoOfflineAlpha\engineering\canonical\md\MD-auth_grupo_permissao.md";"0,46";".md";"2026-07-04 23:46";"True"
"D:\AtendimentoOfflineAlpha\engineering\canonical\md\MD-auth_grupo_usuario.md";"0,46";".md";"2026-07-04 23:46";"True"
"D:\AtendimentoOfflineAlpha\engineering\canonical\md\MD-auth_grupo.md";"0,46";".md";"2026-07-04 23:46";"True"
"D:\AtendimentoOfflineAlpha\engineering\canonical\md\MD-auth_log.md";"0,43";".md";"2026-07-04 23:46";"True"
"D:\AtendimentoOfflineAlpha\engineering\canonical\md\MD-auth_notificacao.md";"0,44";".md";"2026-07-04 23:46";"True"
"D:\AtendimentoOfflineAlpha\engineering\canonical\md\MD-auth_parametro.md";"0,44";".md";"2026-07-04 23:46";"True"
"D:\AtendimentoOfflineAlpha\engineering\canonical\md\MD-auth_sessao_dispositivo.md";"0,46";".md";"2026-07-04 23:46";"True"
"D:\AtendimentoOfflineAlpha\engineering\canonical\md\MD-auth_sessao.md";"0,43";".md";"2026-07-04 23:46";"True"
"D:\AtendimentoOfflineAlpha\engineering\canonical\md\MD-auth_tentativa_login.md";"0,45";".md";"2026-07-04 23:46";"True"
"D:\AtendimentoOfflineAlpha\engineering\canonical\md\MD-auth_token.md";"0,43";".md";"2026-07-04 23:46";"True"
"D:\AtendimentoOfflineAlpha\engineering\canonical\md\MD-autorizacao.md";"0,32";".md";"2026-07-05 00:41";"True"
"D:\AtendimentoOfflineAlpha\engineering\canonical\md\MD-caixa_evento.md";"0,43";".md";"2026-07-05 00:00";"True"
"D:\AtendimentoOfflineAlpha\engineering\canonical\md\MD-caixa.md";"0,46";".md";"2026-07-05 00:00";"True"
"D:\AtendimentoOfflineAlpha\engineering\canonical\md\MD-cat_acidente_trabalho_evento.md";"0,47";".md";"2026-07-05 00:00";"True"
"D:\AtendimentoOfflineAlpha\engineering\canonical\md\MD-cat_acidente_trabalho.md";"0,48";".md";"2026-07-05 00:00";"True"
"D:\AtendimentoOfflineAlpha\engineering\canonical\md\MD-cat_evento.md";"0,42";".md";"2026-07-05 00:00";"True"
"D:\AtendimentoOfflineAlpha\engineering\canonical\md\MD-cat_notificacao.md";"0,44";".md";"2026-07-05 00:00";"True"
"D:\AtendimentoOfflineAlpha\engineering\canonical\md\MD-cat_regra_item.md";"0,44";".md";"2026-07-05 00:00";"True"
"D:\AtendimentoOfflineAlpha\engineering\canonical\md\MD-chamado_evento.md";"0,42";".md";"2026-07-04 23:46";"True"
"D:\AtendimentoOfflineAlpha\engineering\canonical\md\MD-chamado_manutencao.md";"0,43";".md";"2026-07-04 23:46";"True"
"D:\AtendimentoOfflineAlpha\engineering\canonical\md\MD-chamado.md";"0,45";".md";"2026-07-04 23:46";"True"
"D:\AtendimentoOfflineAlpha\engineering\canonical\md\MD-cidade.md";"0,46";".md";"2026-07-04 23:46";"True"
"D:\AtendimentoOfflineAlpha\engineering\canonical\md\MD-classificacao_risco.md";"0,44";".md";"2026-07-04 23:46";"True"
"D:\AtendimentoOfflineAlpha\engineering\canonical\md\MD-cliente.md";"0,51";".md";"2026-07-05 00:00";"True"
"D:\AtendimentoOfflineAlpha\engineering\canonical\md\MD-codigo_externo_map.md";"0,45";".md";"2026-07-04 23:46";"True"
"D:\AtendimentoOfflineAlpha\engineering\canonical\md\MD-codigo_externo_vinculo.md";"0,46";".md";"2026-07-04 23:46";"True"
"D:\AtendimentoOfflineAlpha\engineering\canonical\md\MD-codigo_prefixo_config.md";"0,44";".md";"2026-07-04 23:46";"True"
"D:\AtendimentoOfflineAlpha\engineering\canonical\md\MD-codigo_prefixo_regra.md";"0,45";".md";"2026-07-04 23:46";"True"
"D:\AtendimentoOfflineAlpha\engineering\canonical\md\MD-codigo_universal.md";"0,52";".md";"2026-07-04 23:46";"True"
"D:\AtendimentoOfflineAlpha\engineering\canonical\md\MD-config_leitos.md";"0,44";".md";"2026-07-05 00:00";"True"
"D:\AtendimentoOfflineAlpha\engineering\canonical\md\MD-config_locais.md";"0,44";".md";"2026-07-05 00:00";"True"
"D:\AtendimentoOfflineAlpha\engineering\canonical\md\MD-config_sistema.md";"0,45";".md";"2026-07-05 00:00";"True"
"D:\AtendimentoOfflineAlpha\engineering\canonical\md\MD-configuracao.md";"0,45";".md";"2026-07-05 00:00";"True"
"D:\AtendimentoOfflineAlpha\engineering\canonical\md\MD-conselho_profissional.md";"0,47";".md";"2026-07-04 23:46";"True"
"D:\AtendimentoOfflineAlpha\engineering\canonical\md\MD-consumo_insumo.md";"0,48";".md";"2026-07-05 00:00";"True"
"D:\AtendimentoOfflineAlpha\engineering\canonical\md\MD-consumo_limpeza.md";"0,48";".md";"2026-07-05 00:00";"True"
"D:\AtendimentoOfflineAlpha\engineering\canonical\md\MD-consumo_manutencao.md";"0,49";".md";"2026-07-05 00:00";"True"
"D:\AtendimentoOfflineAlpha\engineering\canonical\md\MD-contexto_atendimento.md";"0,44";".md";"2026-07-04 23:46";"True"
"D:\AtendimentoOfflineAlpha\engineering\canonical\md\MD-contexto.md";"1,75";".md";"2026-07-05 00:25";"True"
"D:\AtendimentoOfflineAlpha\engineering\canonical\md\MD-contrato.md";"0,45";".md";"2026-07-05 00:00";"True"
"D:\AtendimentoOfflineAlpha\engineering\canonical\md\MD-coordenador_estado_global.md";"0,55";".md";"2026-07-05 00:00";"True"
"D:\AtendimentoOfflineAlpha\engineering\canonical\md\MD-dispensacao_medicacao.md";"0,48";".md";"2026-07-05 00:00";"True"
"D:\AtendimentoOfflineAlpha\engineering\canonical\md\MD-dispositivo_tipo.md";"0,46";".md";"2026-07-05 00:00";"True"
"D:\AtendimentoOfflineAlpha\engineering\canonical\md\MD-dispositivo.md";"0,45";".md";"2026-07-05 00:00";"True"
"D:\AtendimentoOfflineAlpha\engineering\canonical\md\MD-documento_arquivo.md";"0,46";".md";"2026-07-05 00:00";"True"
"D:\AtendimentoOfflineAlpha\engineering\canonical\md\MD-documento_emissao_evento.md";"0,45";".md";"2026-07-05 00:00";"True"
"D:\AtendimentoOfflineAlpha\engineering\canonical\md\MD-documento_emissao.md";"0,54";".md";"2026-07-05 00:00";"True"
"D:\AtendimentoOfflineAlpha\engineering\canonical\md\MD-documento_tipo_config.md";"0,48";".md";"2026-07-05 00:00";"True"
"D:\AtendimentoOfflineAlpha\engineering\canonical\md\MD-enfermagem_aprazamento.md";"0,48";".md";"2026-07-05 00:00";"True"
"D:\AtendimentoOfflineAlpha\engineering\canonical\md\MD-enfermagem_diagnosticos.md";"0,48";".md";"2026-07-05 00:00";"True"
"D:\AtendimentoOfflineAlpha\engineering\canonical\md\MD-enfermagem.md";"0,45";".md";"2026-07-05 00:00";"True"
"D:\AtendimentoOfflineAlpha\engineering\canonical\md\MD-entidade.md";"1,49";".md";"2026-07-05 00:27";"True"
"D:\AtendimentoOfflineAlpha\engineering\canonical\md\MD-erro_catalogo.md";"0,45";".md";"2026-07-05 00:00";"True"
"D:\AtendimentoOfflineAlpha\engineering\canonical\md\MD-erro_evento.md";"0,44";".md";"2026-07-05 00:00";"True"
"D:\AtendimentoOfflineAlpha\engineering\canonical\md\MD-escala_medica.md";"0,49";".md";"2026-07-05 00:00";"True"
"D:\AtendimentoOfflineAlpha\engineering\canonical\md\MD-escala_plantao_atual.md";"0,5";".md";"2026-07-05 00:00";"True"
"D:\AtendimentoOfflineAlpha\engineering\canonical\md\MD-escala_plantao.md";"0,51";".md";"2026-07-05 00:00";"True"
"D:\AtendimentoOfflineAlpha\engineering\canonical\md\MD-escala_profissional.md";"0,52";".md";"2026-07-05 00:00";"True"
"D:\AtendimentoOfflineAlpha\engineering\canonical\md\MD-especialidade.md";"0,49";".md";"2026-07-04 23:46";"True"
"D:\AtendimentoOfflineAlpha\engineering\canonical\md\MD-estoque_alerta.md";"0,45";".md";"2026-07-05 00:00";"True"
"D:\AtendimentoOfflineAlpha\engineering\canonical\md\MD-estoque_almoxarifado_central.md";"0,47";".md";"2026-07-05 00:00";"True"
"D:\AtendimentoOfflineAlpha\engineering\canonical\md\MD-estoque_audit_stream.md";"0,46";".md";"2026-07-05 00:00";"True"
"D:\AtendimentoOfflineAlpha\engineering\canonical\md\MD-estoque_conciliacao_atomica.md";"0,46";".md";"2026-07-05 00:00";"True"
"D:\AtendimentoOfflineAlpha\engineering\canonical\md\MD-estoque_conta.md";"0,44";".md";"2026-07-05 00:00";"True"
"D:\AtendimentoOfflineAlpha\engineering\canonical\md\MD-estoque_documento_execucao.md";"0,46";".md";"2026-07-05 00:00";"True"
"D:\AtendimentoOfflineAlpha\engineering\canonical\md\MD-estoque_evento_confirmacao.md";"0,45";".md";"2026-07-05 00:00";"True"
"D:\AtendimentoOfflineAlpha\engineering\canonical\md\MD-estoque_execucao_pipeline.md";"0,47";".md";"2026-07-05 00:00";"True"
"D:\AtendimentoOfflineAlpha\engineering\canonical\md\MD-estoque_execucao.md";"0,45";".md";"2026-07-05 00:00";"True"
"D:\AtendimentoOfflineAlpha\engineering\canonical\md\MD-estoque_fluxo_assistencial.md";"0,46";".md";"2026-07-05 00:00";"True"
"D:\AtendimentoOfflineAlpha\engineering\canonical\md\MD-estoque_inventario_item.md";"0,46";".md";"2026-07-05 00:00";"True"
"D:\AtendimentoOfflineAlpha\engineering\canonical\md\MD-estoque_inventario.md";"0,45";".md";"2026-07-05 00:00";"True"
"D:\AtendimentoOfflineAlpha\engineering\canonical\md\MD-estoque_item.md";"0,5";".md";"2026-07-05 00:00";"True"
"D:\AtendimentoOfflineAlpha\engineering\canonical\md\MD-estoque_ledger.md";"0,47";".md";"2026-07-05 00:00";"True"
"D:\AtendimentoOfflineAlpha\engineering\canonical\md\MD-estoque_local.md";"0,53";".md";"2026-07-05 00:00";"True"
"D:\AtendimentoOfflineAlpha\engineering\canonical\md\MD-estoque_lote_snapshot.md";"0,48";".md";"2026-07-05 00:00";"True"
"D:\AtendimentoOfflineAlpha\engineering\canonical\md\MD-estoque_lote.md";"0,6";".md";"2026-07-05 00:00";"True"
"D:\AtendimentoOfflineAlpha\engineering\canonical\md\MD-estoque_movimentacao_itens.md";"0,46";".md";"2026-07-05 00:00";"True"
"D:\AtendimentoOfflineAlpha\engineering\canonical\md\MD-estoque_movimentacao.md";"0,46";".md";"2026-07-05 00:00";"True"
"D:\AtendimentoOfflineAlpha\engineering\canonical\md\MD-estoque_movimento_item.md";"0,52";".md";"2026-07-05 00:00";"True"
"D:\AtendimentoOfflineAlpha\engineering\canonical\md\MD-estoque_movimento.md";"0,57";".md";"2026-07-05 00:00";"True"
"D:\AtendimentoOfflineAlpha\engineering\canonical\md\MD-estoque_pipeline_estado.md";"0,46";".md";"2026-07-05 00:00";"True"
"D:\AtendimentoOfflineAlpha\engineering\canonical\md\MD-estoque_produto_codigo_externo.md";"0,48";".md";"2026-07-05 00:00";"True"
"D:\AtendimentoOfflineAlpha\engineering\canonical\md\MD-estoque_produto.md";"0,52";".md";"2026-07-05 00:00";"True"
"D:\AtendimentoOfflineAlpha\engineering\canonical\md\MD-estoque_reserva_evento.md";"0,45";".md";"2026-07-05 00:00";"True"
"D:\AtendimentoOfflineAlpha\engineering\canonical\md\MD-estoque_reserva.md";"0,55";".md";"2026-07-05 00:00";"True"
"D:\AtendimentoOfflineAlpha\engineering\canonical\md\MD-estoque_saldo_central.md";"0,49";".md";"2026-07-05 00:00";"True"
"D:\AtendimentoOfflineAlpha\engineering\canonical\md\MD-estoque_saldo_master.md";"0,49";".md";"2026-07-05 00:00";"True"
"D:\AtendimentoOfflineAlpha\engineering\canonical\md\MD-estoque_saldo.md";"0,46";".md";"2026-07-05 00:00";"True"
"D:\AtendimentoOfflineAlpha\engineering\canonical\md\MD-evento_ffa.md";"0,43";".md";"2026-07-05 00:00";"True"
"D:\AtendimentoOfflineAlpha\engineering\canonical\md\MD-evento_geral.md";"0,45";".md";"2026-07-05 00:00";"True"
"D:\AtendimentoOfflineAlpha\engineering\canonical\md\MD-evento_limpeza.md";"0,44";".md";"2026-07-05 00:00";"True"
"D:\AtendimentoOfflineAlpha\engineering\canonical\md\MD-evento.md";"0,04";".md";"2026-07-05 00:41";"True"
"D:\AtendimentoOfflineAlpha\engineering\canonical\md\MD-eventos_fluxo.md";"0,43";".md";"2026-07-05 00:00";"True"
"D:\AtendimentoOfflineAlpha\engineering\canonical\md\MD-evolucao_enfermagem.md";"0,45";".md";"2026-07-04 23:46";"True"
"D:\AtendimentoOfflineAlpha\engineering\canonical\md\MD-evolucao_medica.md";"0,44";".md";"2026-07-04 23:46";"True"
"D:\AtendimentoOfflineAlpha\engineering\canonical\md\MD-evolucao_multidisciplinar.md";"0,45";".md";"2026-07-04 23:46";"True"
"D:\AtendimentoOfflineAlpha\engineering\canonical\md\MD-exame_fisico.md";"0,45";".md";"2026-07-05 00:00";"True"
"D:\AtendimentoOfflineAlpha\engineering\canonical\md\MD-exame_historico.md";"0,46";".md";"2026-07-05 00:00";"True"
"D:\AtendimentoOfflineAlpha\engineering\canonical\md\MD-exame_pedido_item.md";"0,46";".md";"2026-07-05 00:00";"True"
"D:\AtendimentoOfflineAlpha\engineering\canonical\md\MD-exame_pedido.md";"0,47";".md";"2026-07-05 00:00";"True"
"D:\AtendimentoOfflineAlpha\engineering\canonical\md\MD-exame.md";"0,55";".md";"2026-07-05 00:00";"True"
"D:\AtendimentoOfflineAlpha\engineering\canonical\md\MD-farm_atendimento_externo.md";"0,5";".md";"2026-07-05 00:00";"True"
"D:\AtendimentoOfflineAlpha\engineering\canonical\md\MD-farm_convenio_autorizacao.md";"0,47";".md";"2026-07-05 00:00";"True"
"D:\AtendimentoOfflineAlpha\engineering\canonical\md\MD-farm_dispensacao_item.md";"0,54";".md";"2026-07-05 00:00";"True"
"D:\AtendimentoOfflineAlpha\engineering\canonical\md\MD-farm_dispensacao.md";"0,61";".md";"2026-07-05 00:00";"True"
"D:\AtendimentoOfflineAlpha\engineering\canonical\md\MD-farm_operacao.md";"0,47";".md";"2026-07-05 00:00";"True"
"D:\AtendimentoOfflineAlpha\engineering\canonical\md\MD-farm_receita_controlada.md";"0,53";".md";"2026-07-05 00:00";"True"
"D:\AtendimentoOfflineAlpha\engineering\canonical\md\MD-farmacia_atendimento_externo_dispensacao.md";"0,59";".md";"2026-07-05 00:00";"True"
"D:\AtendimentoOfflineAlpha\engineering\canonical\md\MD-farmacia_atendimento_externo_item.md";"0,56";".md";"2026-07-05 00:00";"True"
"D:\AtendimentoOfflineAlpha\engineering\canonical\md\MD-farmacia_dispensacao_log.md";"0,5";".md";"2026-07-05 00:00";"True"
"D:\AtendimentoOfflineAlpha\engineering\canonical\md\MD-farmacia_externo_evento.md";"0,46";".md";"2026-07-05 00:00";"True"
"D:\AtendimentoOfflineAlpha\engineering\canonical\md\MD-farmaco_auditoria_bloqueio.md";"0,48";".md";"2026-07-05 00:00";"True"
"D:\AtendimentoOfflineAlpha\engineering\canonical\md\MD-farmaco_auditoria.md";"0,46";".md";"2026-07-05 00:00";"True"
"D:\AtendimentoOfflineAlpha\engineering\canonical\md\MD-farmaco_movimentacao.md";"0,48";".md";"2026-07-05 00:00";"True"
"D:\AtendimentoOfflineAlpha\engineering\canonical\md\MD-farmaco_unidade.md";"0,46";".md";"2026-07-05 00:00";"True"
"D:\AtendimentoOfflineAlpha\engineering\canonical\md\MD-faturamento_codigo.md";"0,46";".md";"2026-07-05 00:00";"True"
"D:\AtendimentoOfflineAlpha\engineering\canonical\md\MD-faturamento_conta_item.md";"0,46";".md";"2026-07-05 00:00";"True"
"D:\AtendimentoOfflineAlpha\engineering\canonical\md\MD-faturamento_conta_paciente.md";"0,46";".md";"2026-07-05 00:00";"True"
"D:\AtendimentoOfflineAlpha\engineering\canonical\md\MD-faturamento_conta_seq.md";"0,45";".md";"2026-07-05 00:00";"True"
"D:\AtendimentoOfflineAlpha\engineering\canonical\md\MD-faturamento_conta.md";"0,47";".md";"2026-07-05 00:00";"True"
"D:\AtendimentoOfflineAlpha\engineering\canonical\md\MD-faturamento_convenio.md";"0,45";".md";"2026-07-05 00:00";"True"
"D:\AtendimentoOfflineAlpha\engineering\canonical\md\MD-faturamento_convenios.md";"0,45";".md";"2026-07-05 00:00";"True"
"D:\AtendimentoOfflineAlpha\engineering\canonical\md\MD-faturamento_evento.md";"0,44";".md";"2026-07-05 00:00";"True"
"D:\AtendimentoOfflineAlpha\engineering\canonical\md\MD-faturamento_insumo.md";"0,45";".md";"2026-07-05 00:00";"True"
"D:\AtendimentoOfflineAlpha\engineering\canonical\md\MD-faturamento_item.md";"0,47";".md";"2026-07-05 00:00";"True"
"D:\AtendimentoOfflineAlpha\engineering\canonical\md\MD-faturamento_producao_sus.md";"0,46";".md";"2026-07-05 00:00";"True"
"D:\AtendimentoOfflineAlpha\engineering\canonical\md\MD-faturamento_producao.md";"0,45";".md";"2026-07-05 00:00";"True"
"D:\AtendimentoOfflineAlpha\engineering\canonical\md\MD-faturamento_regras_validacao.md";"0,47";".md";"2026-07-05 00:00";"True"
"D:\AtendimentoOfflineAlpha\engineering\canonical\md\MD-faturamento_sigtap.md";"0,45";".md";"2026-07-05 00:00";"True"
"D:\AtendimentoOfflineAlpha\engineering\canonical\md\MD-faturamento_sus_config.md";"0,46";".md";"2026-07-05 00:00";"True"
"D:\AtendimentoOfflineAlpha\engineering\canonical\md\MD-ffa_demandas_externas.md";"0,44";".md";"2026-07-04 23:46";"True"
"D:\AtendimentoOfflineAlpha\engineering\canonical\md\MD-ffa_diagnostico.md";"0,43";".md";"2026-07-04 23:46";"True"
"D:\AtendimentoOfflineAlpha\engineering\canonical\md\MD-ffa_estado.md";"0,42";".md";"2026-07-04 23:46";"True"
"D:\AtendimentoOfflineAlpha\engineering\canonical\md\MD-ffa_estoque_conciliacao.md";"0,44";".md";"2026-07-04 23:46";"True"
"D:\AtendimentoOfflineAlpha\engineering\canonical\md\MD-ffa_evolucao.md";"0,42";".md";"2026-07-04 23:46";"True"
"D:\AtendimentoOfflineAlpha\engineering\canonical\md\MD-ffa_extra.md";"0,42";".md";"2026-07-04 23:46";"True"
"D:\AtendimentoOfflineAlpha\engineering\canonical\md\MD-ffa_historico_status.md";"0,44";".md";"2026-07-04 23:46";"True"
"D:\AtendimentoOfflineAlpha\engineering\canonical\md\MD-ffa_item.md";"0,46";".md";"2026-07-04 23:46";"True"
"D:\AtendimentoOfflineAlpha\engineering\canonical\md\MD-ffa_prioridade.md";"0,43";".md";"2026-07-04 23:46";"True"
"D:\AtendimentoOfflineAlpha\engineering\canonical\md\MD-ffa_procedimento.md";"0,43";".md";"2026-07-04 23:46";"True"
"D:\AtendimentoOfflineAlpha\engineering\canonical\md\MD-ffa_sinais_vitais.md";"0,45";".md";"2026-07-04 23:46";"True"
"D:\AtendimentoOfflineAlpha\engineering\canonical\md\MD-ffa_substatus.md";"0,42";".md";"2026-07-04 23:46";"True"
"D:\AtendimentoOfflineAlpha\engineering\canonical\md\MD-ffa.md";"0,58";".md";"2026-07-04 23:46";"True"
"D:\AtendimentoOfflineAlpha\engineering\canonical\md\MD-fila_evento.md";"0,41";".md";"2026-07-04 23:46";"True"
"D:\AtendimentoOfflineAlpha\engineering\canonical\md\MD-fila_operacional_evento.md";"0,52";".md";"2026-07-04 23:46";"True"
"D:\AtendimentoOfflineAlpha\engineering\canonical\md\MD-fila_operacional.md";"0,6";".md";"2026-07-04 23:46";"True"
"D:\AtendimentoOfflineAlpha\engineering\canonical\md\MD-fila_painel_runtime.md";"0,44";".md";"2026-07-04 23:46";"True"
"D:\AtendimentoOfflineAlpha\engineering\canonical\md\MD-fila_retorno.md";"0,42";".md";"2026-07-04 23:46";"True"
"D:\AtendimentoOfflineAlpha\engineering\canonical\md\MD-fila_senha.md";"0,45";".md";"2026-07-04 23:46";"True"
"D:\AtendimentoOfflineAlpha\engineering\canonical\md\MD-financeiro_repasse_medico.md";"0,47";".md";"2026-07-05 00:00";"True"
"D:\AtendimentoOfflineAlpha\engineering\canonical\md\MD-fluxo_orquestrador_canonico.md";"0,48";".md";"2026-07-05 00:00";"True"
"D:\AtendimentoOfflineAlpha\engineering\canonical\md\MD-fluxo_status.md";"0,46";".md";"2026-07-05 00:00";"True"
"D:\AtendimentoOfflineAlpha\engineering\canonical\md\MD-fluxo_transicao_matriz.md";"0,5";".md";"2026-07-05 00:00";"True"
"D:\AtendimentoOfflineAlpha\engineering\canonical\md\MD-fluxo_transicao.md";"0,52";".md";"2026-07-05 00:00";"True"
"D:\AtendimentoOfflineAlpha\engineering\canonical\md\MD-forma_pagamento.md";"0,45";".md";"2026-07-05 00:00";"True"
"D:\AtendimentoOfflineAlpha\engineering\canonical\md\MD-fornecedor.md";"0,43";".md";"2026-07-05 00:00";"True"
"D:\AtendimentoOfflineAlpha\engineering\canonical\md\MD-funcionario_conselho_profissional.md";"0,48";".md";"2026-07-04 23:46";"True"
"D:\AtendimentoOfflineAlpha\engineering\canonical\md\MD-funcionario_especialidade.md";"0,47";".md";"2026-07-04 23:46";"True"
"D:\AtendimentoOfflineAlpha\engineering\canonical\md\MD-funcionario_unidade.md";"0,48";".md";"2026-07-04 23:46";"True"
"D:\AtendimentoOfflineAlpha\engineering\canonical\md\MD-funcionario.md";"0,54";".md";"2026-07-04 23:46";"True"
"D:\AtendimentoOfflineAlpha\engineering\canonical\md\MD-gaso_evento.md";"0,44";".md";"2026-07-05 00:00";"True"
"D:\AtendimentoOfflineAlpha\engineering\canonical\md\MD-gaso_solicitacao.md";"0,47";".md";"2026-07-05 00:00";"True"
"D:\AtendimentoOfflineAlpha\engineering\canonical\md\MD-gasoterapia_consumo_evento.md";"0,46";".md";"2026-07-05 00:00";"True"
"D:\AtendimentoOfflineAlpha\engineering\canonical\md\MD-gasoterapia_consumo.md";"0,47";".md";"2026-07-05 00:00";"True"
"D:\AtendimentoOfflineAlpha\engineering\canonical\md\MD-gpat_atendimento.md";"0,5";".md";"2026-07-05 00:00";"True"
"D:\AtendimentoOfflineAlpha\engineering\canonical\md\MD-gpat_dispensacao.md";"0,49";".md";"2026-07-05 00:00";"True"
"D:\AtendimentoOfflineAlpha\engineering\canonical\md\MD-gpat_evento.md";"0,44";".md";"2026-07-05 00:00";"True"
"D:\AtendimentoOfflineAlpha\engineering\canonical\md\MD-gpat_item.md";"0,46";".md";"2026-07-05 00:00";"True"
"D:\AtendimentoOfflineAlpha\engineering\canonical\md\MD-gpat.md";"0,5";".md";"2026-07-05 00:00";"True"
"D:\AtendimentoOfflineAlpha\engineering\canonical\md\MD-guardiao_acl_runtime.md";"0,45";".md";"2026-07-05 00:00";"True"
"D:\AtendimentoOfflineAlpha\engineering\canonical\md\MD-guardiao_runtime_final.md";"0,48";".md";"2026-07-05 00:00";"True"
"D:\AtendimentoOfflineAlpha\engineering\canonical\md\MD-hardening_sp_excecao.md";"0,45";".md";"2026-07-05 00:00";"True"
"D:\AtendimentoOfflineAlpha\engineering\canonical\md\MD-hipotese_diagnostica.md";"0,45";".md";"2026-07-05 00:00";"True"
"D:\AtendimentoOfflineAlpha\engineering\canonical\md\MD-hospital_leitos.md";"0,44";".md";"2026-07-05 00:00";"True"
"D:\AtendimentoOfflineAlpha\engineering\canonical\md\MD-identificador_global_assistencial.md";"0,48";".md";"2026-07-05 00:00";"True"
"D:\AtendimentoOfflineAlpha\engineering\canonical\md\MD-integracao_mensageria_externa.md";"0,48";".md";"2026-07-05 00:00";"True"
"D:\AtendimentoOfflineAlpha\engineering\canonical\md\MD-interconsulta.md";"0,44";".md";"2026-07-05 00:00";"True"
"D:\AtendimentoOfflineAlpha\engineering\canonical\md\MD-intercorrencia.md";"0,45";".md";"2026-07-05 00:00";"True"
"D:\AtendimentoOfflineAlpha\engineering\canonical\md\MD-internacao_braden_avaliacao.md";"0,48";".md";"2026-07-04 23:46";"True"
"D:\AtendimentoOfflineAlpha\engineering\canonical\md\MD-internacao_cuidados.md";"0,44";".md";"2026-07-04 23:46";"True"
"D:\AtendimentoOfflineAlpha\engineering\canonical\md\MD-internacao_dietas.md";"0,44";".md";"2026-07-04 23:46";"True"
"D:\AtendimentoOfflineAlpha\engineering\canonical\md\MD-internacao_dispositivos.md";"0,45";".md";"2026-07-04 23:46";"True"
"D:\AtendimentoOfflineAlpha\engineering\canonical\md\MD-internacao_ferida_avaliacao.md";"0,48";".md";"2026-07-04 23:46";"True"
"D:\AtendimentoOfflineAlpha\engineering\canonical\md\MD-internacao_historico.md";"0,44";".md";"2026-07-04 23:46";"True"
"D:\AtendimentoOfflineAlpha\engineering\canonical\md\MD-internacao_medicacao_administracao.md";"0,53";".md";"2026-07-04 23:46";"True"
"D:\AtendimentoOfflineAlpha\engineering\canonical\md\MD-internacao_movimentacao.md";"0,49";".md";"2026-07-04 23:46";"True"
"D:\AtendimentoOfflineAlpha\engineering\canonical\md\MD-internacao_prescricao_item.md";"0,53";".md";"2026-07-04 23:46";"True"
"D:\AtendimentoOfflineAlpha\engineering\canonical\md\MD-internacao_prescricao.md";"0,51";".md";"2026-07-04 23:46";"True"
"D:\AtendimentoOfflineAlpha\engineering\canonical\md\MD-internacao_registro_enfermagem.md";"0,5";".md";"2026-07-04 23:46";"True"
"D:\AtendimentoOfflineAlpha\engineering\canonical\md\MD-internacao_turno_registro.md";"0,49";".md";"2026-07-04 23:46";"True"
"D:\AtendimentoOfflineAlpha\engineering\canonical\md\MD-internacao.md";"0,51";".md";"2026-07-04 23:46";"True"
"D:\AtendimentoOfflineAlpha\engineering\canonical\md\MD-kernel_authz_policy.md";"0,45";".md";"2026-07-05 00:00";"True"
"D:\AtendimentoOfflineAlpha\engineering\canonical\md\MD-kernel_identity_trust_chain.md";"0,46";".md";"2026-07-05 00:00";"True"
"D:\AtendimentoOfflineAlpha\engineering\canonical\md\MD-kernel_ledger.md";"0,44";".md";"2026-07-05 00:00";"True"
"D:\AtendimentoOfflineAlpha\engineering\canonical\md\MD-kernel_runtime_evento.md";"0,45";".md";"2026-07-05 00:00";"True"
"D:\AtendimentoOfflineAlpha\engineering\canonical\md\MD-kernel_runtime_heartbeat.md";"0,46";".md";"2026-07-05 00:00";"True"
"D:\AtendimentoOfflineAlpha\engineering\canonical\md\MD-kernel_runtime_single_writer_lock.md";"0,48";".md";"2026-07-05 00:00";"True"
"D:\AtendimentoOfflineAlpha\engineering\canonical\md\MD-kernel_single_writer_lock.md";"0,46";".md";"2026-07-05 00:00";"True"
"D:\AtendimentoOfflineAlpha\engineering\canonical\md\MD-lab_amostra.md";"0,47";".md";"2026-07-05 00:00";"True"
"D:\AtendimentoOfflineAlpha\engineering\canonical\md\MD-lab_evento.md";"0,42";".md";"2026-07-05 00:00";"True"
"D:\AtendimentoOfflineAlpha\engineering\canonical\md\MD-lab_pedido.md";"0,43";".md";"2026-07-05 00:00";"True"
"D:\AtendimentoOfflineAlpha\engineering\canonical\md\MD-lab_protocolo_interno.md";"0,48";".md";"2026-07-05 00:00";"True"
"D:\AtendimentoOfflineAlpha\engineering\canonical\md\MD-lab_resultado.md";"0,44";".md";"2026-07-05 00:00";"True"
"D:\AtendimentoOfflineAlpha\engineering\canonical\md\MD-laboratorio_protocolo_evento.md";"0,48";".md";"2026-07-05 00:00";"True"
"D:\AtendimentoOfflineAlpha\engineering\canonical\md\MD-laboratorio_protocolo.md";"0,48";".md";"2026-07-05 00:00";"True"
"D:\AtendimentoOfflineAlpha\engineering\canonical\md\MD-ledger_evento_sincronizacao_local.md";"0,48";".md";"2026-07-05 00:00";"True"
"D:\AtendimentoOfflineAlpha\engineering\canonical\md\MD-ledger_evento_sincronizacao.md";"0,46";".md";"2026-07-05 00:00";"True"
"D:\AtendimentoOfflineAlpha\engineering\canonical\md\MD-ledger_global_sincronismo.md";"0,47";".md";"2026-07-05 00:00";"True"
"D:\AtendimentoOfflineAlpha\engineering\canonical\md\MD-leito.md";"0,49";".md";"2026-07-05 00:00";"True"
"D:\AtendimentoOfflineAlpha\engineering\canonical\md\MD-local_capacidade.md";"0,43";".md";"2026-07-04 23:46";"True"
"D:\AtendimentoOfflineAlpha\engineering\canonical\md\MD-local_dispositivo.md";"0,43";".md";"2026-07-04 23:46";"True"
"D:\AtendimentoOfflineAlpha\engineering\canonical\md\MD-local_fila.md";"0,42";".md";"2026-07-04 23:46";"True"
"D:\AtendimentoOfflineAlpha\engineering\canonical\md\MD-local_runtime.md";"0,42";".md";"2026-07-04 23:46";"True"
"D:\AtendimentoOfflineAlpha\engineering\canonical\md\MD-local_turno.md";"0,42";".md";"2026-07-04 23:46";"True"
"D:\AtendimentoOfflineAlpha\engineering\canonical\md\MD-local.md";"0,63";".md";"2026-07-04 23:46";"True"
"D:\AtendimentoOfflineAlpha\engineering\canonical\md\MD-log_acesso_prontuario.md";"0,45";".md";"2026-07-05 00:00";"True"
"D:\AtendimentoOfflineAlpha\engineering\canonical\md\MD-log_auditoria.md";"0,44";".md";"2026-07-05 00:00";"True"
"D:\AtendimentoOfflineAlpha\engineering\canonical\md\MD-log_leitura_prontuario.md";"0,46";".md";"2026-07-05 00:00";"True"
"D:\AtendimentoOfflineAlpha\engineering\canonical\md\MD-login_tentativa.md";"0,44";".md";"2026-07-05 00:00";"True"
"D:\AtendimentoOfflineAlpha\engineering\canonical\md\MD-logradouro.md";"0,43";".md";"2026-07-04 23:46";"True"
"D:\AtendimentoOfflineAlpha\engineering\canonical\md\MD-manutencao_execucao.md";"0,45";".md";"2026-07-05 00:00";"True"
"D:\AtendimentoOfflineAlpha\engineering\canonical\md\MD-md_arquivo_fonte_evento.md";"0,46";".md";"2026-07-05 00:00";"True"
"D:\AtendimentoOfflineAlpha\engineering\canonical\md\MD-md_arquivo_fonte.md";"0,47";".md";"2026-07-05 00:00";"True"
"D:\AtendimentoOfflineAlpha\engineering\canonical\md\MD-md_cid10.md";"0,43";".md";"2026-07-05 00:00";"True"
"D:\AtendimentoOfflineAlpha\engineering\canonical\md\MD-md_cnes_estabelecimento.md";"0,46";".md";"2026-07-05 00:00";"True"
"D:\AtendimentoOfflineAlpha\engineering\canonical\md\MD-md_competencia.md";"0,49";".md";"2026-07-05 00:00";"True"
"D:\AtendimentoOfflineAlpha\engineering\canonical\md\MD-md_sigpat_medicamento.md";"0,45";".md";"2026-07-05 00:00";"True"
"D:\AtendimentoOfflineAlpha\engineering\canonical\md\MD-md_sigtap_procedimento.md";"0,46";".md";"2026-07-05 00:00";"True"
"D:\AtendimentoOfflineAlpha\engineering\canonical\md\MD-medicacao_reavaliacao.md";"0,5";".md";"2026-07-05 00:00";"True"
"D:\AtendimentoOfflineAlpha\engineering\canonical\md\MD-medico_especialidade.md";"0,47";".md";"2026-07-05 00:00";"True"
"D:\AtendimentoOfflineAlpha\engineering\canonical\md\MD-medico.md";"0,56";".md";"2026-07-05 00:00";"True"
"D:\AtendimentoOfflineAlpha\engineering\canonical\md\MD-notificacao_epidemiologica_evento.md";"0,51";".md";"2026-07-05 00:00";"True"
"D:\AtendimentoOfflineAlpha\engineering\canonical\md\MD-notificacao_epidemiologica.md";"0,51";".md";"2026-07-05 00:00";"True"
"D:\AtendimentoOfflineAlpha\engineering\canonical\md\MD-notificacao_violencia_evento.md";"0,49";".md";"2026-07-05 00:00";"True"
"D:\AtendimentoOfflineAlpha\engineering\canonical\md\MD-notificacao_violencia.md";"0,49";".md";"2026-07-05 00:00";"True"
"D:\AtendimentoOfflineAlpha\engineering\canonical\md\MD-nucleo_governanca_assistencial.md";"0,47";".md";"2026-07-05 00:00";"True"
"D:\AtendimentoOfflineAlpha\engineering\canonical\md\MD-obito_evento.md";"0,42";".md";"2026-07-05 00:00";"True"
"D:\AtendimentoOfflineAlpha\engineering\canonical\md\MD-obito.md";"0,43";".md";"2026-07-05 00:00";"True"
"D:\AtendimentoOfflineAlpha\engineering\canonical\md\MD-observacoes_eventos.md";"0,45";".md";"2026-07-05 00:00";"True"
"D:\AtendimentoOfflineAlpha\engineering\canonical\md\MD-operacao_idempotencia.md";"0,45";".md";"2026-07-05 00:00";"True"
"D:\AtendimentoOfflineAlpha\engineering\canonical\md\MD-ordem_assistencial_aprazamento.md";"0,54";".md";"2026-07-05 00:00";"True"
"D:\AtendimentoOfflineAlpha\engineering\canonical\md\MD-ordem_assistencial_execucao.md";"0,54";".md";"2026-07-05 00:00";"True"
"D:\AtendimentoOfflineAlpha\engineering\canonical\md\MD-ordem_assistencial_item.md";"0,57";".md";"2026-07-05 00:00";"True"
"D:\AtendimentoOfflineAlpha\engineering\canonical\md\MD-ordem_assistencial.md";"0,49";".md";"2026-07-05 00:00";"True"
"D:\AtendimentoOfflineAlpha\engineering\canonical\md\MD-ordem_tipo_documento_config.md";"0,48";".md";"2026-07-05 00:00";"True"
"D:\AtendimentoOfflineAlpha\engineering\canonical\md\MD-paciente_alertas.md";"0,44";".md";"2026-07-05 00:00";"True"
"D:\AtendimentoOfflineAlpha\engineering\canonical\md\MD-paciente_canonico.md";"0,45";".md";"2026-07-05 00:00";"True"
"D:\AtendimentoOfflineAlpha\engineering\canonical\md\MD-paciente_cns_evento.md";"0,44";".md";"2026-07-05 00:00";"True"
"D:\AtendimentoOfflineAlpha\engineering\canonical\md\MD-paciente_cns.md";"0,44";".md";"2026-07-05 00:00";"True"
"D:\AtendimentoOfflineAlpha\engineering\canonical\md\MD-paciente.md";"0,54";".md";"2026-07-05 00:00";"True"
"D:\AtendimentoOfflineAlpha\engineering\canonical\md\MD-painel_alertas_tempo.md";"0,45";".md";"2026-07-04 23:46";"True"
"D:\AtendimentoOfflineAlpha\engineering\canonical\md\MD-painel_config_def.md";"0,45";".md";"2026-07-04 23:46";"True"
"D:\AtendimentoOfflineAlpha\engineering\canonical\md\MD-painel_config.md";"0,44";".md";"2026-07-04 23:46";"True"
"D:\AtendimentoOfflineAlpha\engineering\canonical\md\MD-painel_consumo_evento.md";"0,44";".md";"2026-07-04 23:46";"True"
"D:\AtendimentoOfflineAlpha\engineering\canonical\md\MD-painel_evento_stream.md";"0,44";".md";"2026-07-04 23:46";"True"
"D:\AtendimentoOfflineAlpha\engineering\canonical\md\MD-painel_fila_tipo.md";"0,44";".md";"2026-07-04 23:46";"True"
"D:\AtendimentoOfflineAlpha\engineering\canonical\md\MD-painel_grupo_local.md";"0,45";".md";"2026-07-04 23:46";"True"
"D:\AtendimentoOfflineAlpha\engineering\canonical\md\MD-painel_grupo.md";"0,45";".md";"2026-07-04 23:46";"True"
"D:\AtendimentoOfflineAlpha\engineering\canonical\md\MD-painel_lane.md";"0,43";".md";"2026-07-04 23:46";"True"
"D:\AtendimentoOfflineAlpha\engineering\canonical\md\MD-painel_local.md";"0,45";".md";"2026-07-04 23:46";"True"
"D:\AtendimentoOfflineAlpha\engineering\canonical\md\MD-painel_mensagem_consumo.md";"0,47";".md";"2026-07-04 23:46";"True"
"D:\AtendimentoOfflineAlpha\engineering\canonical\md\MD-painel_mensagem.md";"0,47";".md";"2026-07-04 23:46";"True"
"D:\AtendimentoOfflineAlpha\engineering\canonical\md\MD-painel_monitoramento_especialidade.md";"0,48";".md";"2026-07-04 23:46";"True"
"D:\AtendimentoOfflineAlpha\engineering\canonical\md\MD-painel.md";"0,49";".md";"2026-07-04 23:46";"True"
"D:\AtendimentoOfflineAlpha\engineering\canonical\md\MD-pdv_cliente.md";"0,43";".md";"2026-07-05 00:00";"True"
"D:\AtendimentoOfflineAlpha\engineering\canonical\md\MD-pdv_pagamento.md";"0,44";".md";"2026-07-05 00:00";"True"
"D:\AtendimentoOfflineAlpha\engineering\canonical\md\MD-pdv_venda_item.md";"0,47";".md";"2026-07-05 00:00";"True"
"D:\AtendimentoOfflineAlpha\engineering\canonical\md\MD-pdv_venda.md";"0,49";".md";"2026-07-05 00:00";"True"
"D:\AtendimentoOfflineAlpha\engineering\canonical\md\MD-pedido_medico_item.md";"0,47";".md";"2026-07-05 00:00";"True"
"D:\AtendimentoOfflineAlpha\engineering\canonical\md\MD-pedido_medico.md";"0,46";".md";"2026-07-05 00:00";"True"
"D:\AtendimentoOfflineAlpha\engineering\canonical\md\MD-pep_assinatura_digital.md";"0,46";".md";"2026-07-05 00:00";"True"
"D:\AtendimentoOfflineAlpha\engineering\canonical\md\MD-pep_registro.md";"0,44";".md";"2026-07-05 00:00";"True"
"D:\AtendimentoOfflineAlpha\engineering\canonical\md\MD-perfil_permissao.md";"0,44";".md";"2026-07-05 00:00";"True"
"D:\AtendimentoOfflineAlpha\engineering\canonical\md\MD-perfil.md";"1,23";".md";"2026-07-05 00:29";"True"
"D:\AtendimentoOfflineAlpha\engineering\canonical\md\MD-permissao.md";"1,75";".md";"2026-07-05 00:39";"True"
"D:\AtendimentoOfflineAlpha\engineering\canonical\md\MD-pessoa_alergias.md";"0,43";".md";"2026-07-04 23:46";"True"
"D:\AtendimentoOfflineAlpha\engineering\canonical\md\MD-pessoa_conselho_registro.md";"0,47";".md";"2026-07-04 23:46";"True"
"D:\AtendimentoOfflineAlpha\engineering\canonical\md\MD-pessoa_contato.md";"0,43";".md";"2026-07-04 23:46";"True"
"D:\AtendimentoOfflineAlpha\engineering\canonical\md\MD-pessoa_documento.md";"0,43";".md";"2026-07-04 23:46";"True"
"D:\AtendimentoOfflineAlpha\engineering\canonical\md\MD-pessoa_email.md";"0,42";".md";"2026-07-04 23:46";"True"
"D:\AtendimentoOfflineAlpha\engineering\canonical\md\MD-pessoa_endereco.md";"0,44";".md";"2026-07-04 23:46";"True"
"D:\AtendimentoOfflineAlpha\engineering\canonical\md\MD-pessoa_identificador.md";"0,44";".md";"2026-07-04 23:46";"True"
"D:\AtendimentoOfflineAlpha\engineering\canonical\md\MD-pessoa_logradouro.md";"0,45";".md";"2026-07-04 23:46";"True"
"D:\AtendimentoOfflineAlpha\engineering\canonical\md\MD-pessoa_telefone.md";"0,43";".md";"2026-07-04 23:46";"True"
"D:\AtendimentoOfflineAlpha\engineering\canonical\md\MD-pessoa_vinculo.md";"0,44";".md";"2026-07-04 23:46";"True"
"D:\AtendimentoOfflineAlpha\engineering\canonical\md\MD-pessoa.md";"1,06";".md";"2026-07-05 00:13";"True"
"D:\AtendimentoOfflineAlpha\engineering\canonical\md\MD-plantao_escala.md";"0,52";".md";"2026-07-05 00:00";"True"
"D:\AtendimentoOfflineAlpha\engineering\canonical\md\MD-plantao_modelo.md";"0,5";".md";"2026-07-05 00:00";"True"
"D:\AtendimentoOfflineAlpha\engineering\canonical\md\MD-plantao.md";"0,46";".md";"2026-07-05 00:00";"True"
"D:\AtendimentoOfflineAlpha\engineering\canonical\md\MD-portal.md";"1,61";".md";"2026-07-05 00:22";"True"
"D:\AtendimentoOfflineAlpha\engineering\canonical\md\MD-prescricao_checagem_dupla.md";"0,47";".md";"2026-07-04 23:46";"True"
"D:\AtendimentoOfflineAlpha\engineering\canonical\md\MD-prescricao_checagem.md";"0,48";".md";"2026-07-04 23:46";"True"
"D:\AtendimentoOfflineAlpha\engineering\canonical\md\MD-prescricao_continua.md";"0,45";".md";"2026-07-04 23:46";"True"
"D:\AtendimentoOfflineAlpha\engineering\canonical\md\MD-prescricao_internacao.md";"0,47";".md";"2026-07-04 23:46";"True"
"D:\AtendimentoOfflineAlpha\engineering\canonical\md\MD-prescricao_item.md";"0,49";".md";"2026-07-04 23:46";"True"
"D:\AtendimentoOfflineAlpha\engineering\canonical\md\MD-prescricao_itens.md";"0,46";".md";"2026-07-04 23:46";"True"
"D:\AtendimentoOfflineAlpha\engineering\canonical\md\MD-prescricao_kit_itens.md";"0,45";".md";"2026-07-04 23:46";"True"
"D:\AtendimentoOfflineAlpha\engineering\canonical\md\MD-prescricao_kit_master.md";"0,45";".md";"2026-07-04 23:46";"True"
"D:\AtendimentoOfflineAlpha\engineering\canonical\md\MD-prescricao_medica.md";"0,43";".md";"2026-07-04 23:46";"True"
"D:\AtendimentoOfflineAlpha\engineering\canonical\md\MD-prescricao_medicacao.md";"0,44";".md";"2026-07-04 23:46";"True"
"D:\AtendimentoOfflineAlpha\engineering\canonical\md\MD-prescricao.md";"0,42";".md";"2026-07-04 23:46";"True"
"D:\AtendimentoOfflineAlpha\engineering\canonical\md\MD-prescritor_externo.md";"0,46";".md";"2026-07-05 00:00";"True"
"D:\AtendimentoOfflineAlpha\engineering\canonical\md\MD-prioridade_social.md";"0,45";".md";"2026-07-05 00:00";"True"
"D:\AtendimentoOfflineAlpha\engineering\canonical\md\MD-procedimento_protocolo_evento.md";"0,5";".md";"2026-07-05 00:00";"True"
"D:\AtendimentoOfflineAlpha\engineering\canonical\md\MD-procedimento_protocolo_resultado.md";"0,53";".md";"2026-07-05 00:00";"True"
"D:\AtendimentoOfflineAlpha\engineering\canonical\md\MD-procedimento_protocolo.md";"0,57";".md";"2026-07-05 00:00";"True"
"D:\AtendimentoOfflineAlpha\engineering\canonical\md\MD-procedimentos_sigtap.md";"0,45";".md";"2026-07-05 00:00";"True"
"D:\AtendimentoOfflineAlpha\engineering\canonical\md\MD-produtividade_evento.md";"0,46";".md";"2026-07-05 00:00";"True"
"D:\AtendimentoOfflineAlpha\engineering\canonical\md\MD-produto.md";"0,48";".md";"2026-07-05 00:00";"True"
"D:\AtendimentoOfflineAlpha\engineering\canonical\md\MD-profissional_registro.md";"0,46";".md";"2026-07-04 23:46";"True"
"D:\AtendimentoOfflineAlpha\engineering\canonical\md\MD-prontuario_evolucao.md";"0,44";".md";"2026-07-04 23:46";"True"
"D:\AtendimentoOfflineAlpha\engineering\canonical\md\MD-protocolo_assistencial_global.md";"0,49";".md";"2026-07-05 00:00";"True"
"D:\AtendimentoOfflineAlpha\engineering\canonical\md\MD-protocolo_emissao.md";"0,46";".md";"2026-07-05 00:00";"True"
"D:\AtendimentoOfflineAlpha\engineering\canonical\md\MD-protocolo_sequencia.md";"0,45";".md";"2026-07-05 00:00";"True"
"D:\AtendimentoOfflineAlpha\engineering\canonical\md\MD-qualidade_eventos_adversos.md";"0,45";".md";"2026-07-05 00:00";"True"
"D:\AtendimentoOfflineAlpha\engineering\canonical\md\MD-reabertura_atendimento.md";"0,46";".md";"2026-07-04 23:46";"True"
"D:\AtendimentoOfflineAlpha\engineering\canonical\md\MD-reg_anexo.md";"0,44";".md";"2026-07-05 00:00";"True"
"D:\AtendimentoOfflineAlpha\engineering\canonical\md\MD-reg_auditoria_acesso_sensivel.md";"0,48";".md";"2026-07-05 00:00";"True"
"D:\AtendimentoOfflineAlpha\engineering\canonical\md\MD-reg_export_arquivo.md";"0,49";".md";"2026-07-05 00:00";"True"
"D:\AtendimentoOfflineAlpha\engineering\canonical\md\MD-reg_export_erro_validacao.md";"0,5";".md";"2026-07-05 00:00";"True"
"D:\AtendimentoOfflineAlpha\engineering\canonical\md\MD-reg_export_item.md";"0,48";".md";"2026-07-05 00:00";"True"
"D:\AtendimentoOfflineAlpha\engineering\canonical\md\MD-reg_export_lote.md";"0,53";".md";"2026-07-05 00:00";"True"
"D:\AtendimentoOfflineAlpha\engineering\canonical\md\MD-reg_formulario_snapshot.md";"0,48";".md";"2026-07-05 00:00";"True"
"D:\AtendimentoOfflineAlpha\engineering\canonical\md\MD-regra_timeout.md";"0,43";".md";"2026-07-05 00:00";"True"
"D:\AtendimentoOfflineAlpha\engineering\canonical\md\MD-regulacao_evento.md";"0,45";".md";"2026-07-04 23:46";"True"
"D:\AtendimentoOfflineAlpha\engineering\canonical\md\MD-remocao_evento.md";"0,45";".md";"2026-07-05 00:00";"True"
"D:\AtendimentoOfflineAlpha\engineering\canonical\md\MD-remocao_logistica.md";"0,46";".md";"2026-07-05 00:00";"True"
"D:\AtendimentoOfflineAlpha\engineering\canonical\md\MD-remocao.md";"0,47";".md";"2026-07-05 00:00";"True"
"D:\AtendimentoOfflineAlpha\engineering\canonical\md\MD-retorno_atendimento.md";"0,45";".md";"2026-07-04 23:46";"True"
"D:\AtendimentoOfflineAlpha\engineering\canonical\md\MD-retry_semantico_controle.md";"0,46";".md";"2026-07-05 00:00";"True"
"D:\AtendimentoOfflineAlpha\engineering\canonical\md\MD-rh_evento.md";"0,42";".md";"2026-07-04 23:46";"True"
"D:\AtendimentoOfflineAlpha\engineering\canonical\md\MD-rh_pessoa_vinculo.md";"0,45";".md";"2026-07-04 23:46";"True"
"D:\AtendimentoOfflineAlpha\engineering\canonical\md\MD-rh_registro_profissional.md";"0,46";".md";"2026-07-04 23:46";"True"
"D:\AtendimentoOfflineAlpha\engineering\canonical\md\MD-role.md";"0,69";".md";"2026-07-05 00:40";"True"
"D:\AtendimentoOfflineAlpha\engineering\canonical\md\MD-runtime_api_session_token.md";"0,46";".md";"2026-07-05 00:00";"True"
"D:\AtendimentoOfflineAlpha\engineering\canonical\md\MD-runtime_concurrency_guard.md";"0,46";".md";"2026-07-05 00:00";"True"
"D:\AtendimentoOfflineAlpha\engineering\canonical\md\MD-runtime_contexto.md";"0,47";".md";"2026-07-05 00:00";"True"
"D:\AtendimentoOfflineAlpha\engineering\canonical\md\MD-runtime_dispositivo.md";"0,45";".md";"2026-07-05 00:00";"True"
"D:\AtendimentoOfflineAlpha\engineering\canonical\md\MD-runtime_edge_evento.md";"0,45";".md";"2026-07-05 00:00";"True"
"D:\AtendimentoOfflineAlpha\engineering\canonical\md\MD-runtime_estado_sobrevivencia.md";"0,47";".md";"2026-07-05 00:00";"True"
"D:\AtendimentoOfflineAlpha\engineering\canonical\md\MD-runtime_evento_provisional.md";"0,45";".md";"2026-07-05 00:00";"True"
"D:\AtendimentoOfflineAlpha\engineering\canonical\md\MD-runtime_execution_queue.md";"0,46";".md";"2026-07-05 00:00";"True"
"D:\AtendimentoOfflineAlpha\engineering\canonical\md\MD-runtime_invariant_log.md";"0,48";".md";"2026-07-05 00:00";"True"
"D:\AtendimentoOfflineAlpha\engineering\canonical\md\MD-runtime_kernel_locks.md";"0,45";".md";"2026-07-05 00:00";"True"
"D:\AtendimentoOfflineAlpha\engineering\canonical\md\MD-runtime_lock_semantico.md";"0,46";".md";"2026-07-05 00:00";"True"
"D:\AtendimentoOfflineAlpha\engineering\canonical\md\MD-runtime_snapshot_governanca.md";"0,46";".md";"2026-07-05 00:00";"True"
"D:\AtendimentoOfflineAlpha\engineering\canonical\md\MD-runtime_snapshot_metadata.md";"0,46";".md";"2026-07-05 00:00";"True"
"D:\AtendimentoOfflineAlpha\engineering\canonical\md\MD-runtime_sync_log.md";"0,47";".md";"2026-07-05 00:00";"True"
"D:\AtendimentoOfflineAlpha\engineering\canonical\md\MD-runtime_sync_queue.md";"0,45";".md";"2026-07-05 00:00";"True"
"D:\AtendimentoOfflineAlpha\engineering\canonical\md\MD-saas_contrato.md";"0,44";".md";"2026-07-05 00:00";"True"
"D:\AtendimentoOfflineAlpha\engineering\canonical\md\MD-saas_entidade.md";"0,62";".md";"2026-07-05 00:00";"True"
"D:\AtendimentoOfflineAlpha\engineering\canonical\md\MD-sala_notificacao_evento.md";"0,46";".md";"2026-07-05 00:00";"True"
"D:\AtendimentoOfflineAlpha\engineering\canonical\md\MD-sala_notificacao.md";"0,49";".md";"2026-07-05 00:00";"True"
"D:\AtendimentoOfflineAlpha\engineering\canonical\md\MD-schema_patch_execucao.md";"0,45";".md";"2026-07-05 00:00";"True"
"D:\AtendimentoOfflineAlpha\engineering\canonical\md\MD-senha_eventos.md";"0,42";".md";"2026-07-04 23:46";"True"
"D:\AtendimentoOfflineAlpha\engineering\canonical\md\MD-senha_sequencia.md";"0,44";".md";"2026-07-04 23:46";"True"
"D:\AtendimentoOfflineAlpha\engineering\canonical\md\MD-senha_status.md";"0,46";".md";"2026-07-04 23:46";"True"
"D:\AtendimentoOfflineAlpha\engineering\canonical\md\MD-senha_transicao_matriz.md";"0,46";".md";"2026-07-04 23:46";"True"
"D:\AtendimentoOfflineAlpha\engineering\canonical\md\MD-senha.md";"0,53";".md";"2026-07-04 23:46";"True"
"D:\AtendimentoOfflineAlpha\engineering\canonical\md\MD-servico_agendamento.md";"0,48";".md";"2026-07-05 00:00";"True"
"D:\AtendimentoOfflineAlpha\engineering\canonical\md\MD-sessao_ativa.md";"0,42";".md";"2026-07-04 23:46";"True"
"D:\AtendimentoOfflineAlpha\engineering\canonical\md\MD-sessao_contexto_historico.md";"0,49";".md";"2026-07-04 23:46";"True"
"D:\AtendimentoOfflineAlpha\engineering\canonical\md\MD-sessao_evento.md";"0,43";".md";"2026-07-04 23:46";"True"
"D:\AtendimentoOfflineAlpha\engineering\canonical\md\MD-sessao_usuario.md";"0,68";".md";"2026-07-04 23:46";"True"
"D:\AtendimentoOfflineAlpha\engineering\canonical\md\MD-sessao.md";"1,15";".md";"2026-07-05 00:20";"True"
"D:\AtendimentoOfflineAlpha\engineering\canonical\md\MD-setor.md";"0,45";".md";"2026-07-04 23:46";"True"
"D:\AtendimentoOfflineAlpha\engineering\canonical\md\MD-sigpat_procedimento.md";"0,45";".md";"2026-07-05 00:00";"True"
"D:\AtendimentoOfflineAlpha\engineering\canonical\md\MD-sinais_vitais.md";"0,44";".md";"2026-07-05 00:00";"True"
"D:\AtendimentoOfflineAlpha\engineering\canonical\md\MD-sinan_evento.md";"0,44";".md";"2026-07-05 00:00";"True"
"D:\AtendimentoOfflineAlpha\engineering\canonical\md\MD-sinan_notificacao.md";"0,46";".md";"2026-07-05 00:00";"True"
"D:\AtendimentoOfflineAlpha\engineering\canonical\md\MD-sincronizacao_federada_evento.md";"0,46";".md";"2026-07-05 00:00";"True"
"D:\AtendimentoOfflineAlpha\engineering\canonical\md\MD-sistema.md";"0,62";".md";"2026-07-05 00:00";"True"
"D:\AtendimentoOfflineAlpha\engineering\canonical\md\MD-solicitacao_exame.md";"0,44";".md";"2026-07-04 23:46";"True"
"D:\AtendimentoOfflineAlpha\engineering\canonical\md\MD-status_timeout.md";"0,45";".md";"2026-07-05 00:00";"True"
"D:\AtendimentoOfflineAlpha\engineering\canonical\md\MD-sus_cid10_competencia.md";"0,47";".md";"2026-07-05 00:00";"True"
"D:\AtendimentoOfflineAlpha\engineering\canonical\md\MD-sus_cnes_estabelecimento.md";"0,48";".md";"2026-07-05 00:00";"True"
"D:\AtendimentoOfflineAlpha\engineering\canonical\md\MD-sus_competencia.md";"0,46";".md";"2026-07-05 00:00";"True"
"D:\AtendimentoOfflineAlpha\engineering\canonical\md\MD-sus_sigtap_procedimento.md";"0,47";".md";"2026-07-05 00:00";"True"
"D:\AtendimentoOfflineAlpha\engineering\canonical\md\MD-tabela_tuss.md";"0,45";".md";"2026-07-05 00:00";"True"
"D:\AtendimentoOfflineAlpha\engineering\canonical\md\MD-tenant_registry.md";"0,43";".md";"2026-07-04 23:46";"True"
"D:\AtendimentoOfflineAlpha\engineering\canonical\md\MD-tipo_local.md";"0,43";".md";"2026-07-04 23:46";"True"
"D:\AtendimentoOfflineAlpha\engineering\canonical\md\MD-tipo_sala.md";"0,42";".md";"2026-07-04 23:46";"True"
"D:\AtendimentoOfflineAlpha\engineering\canonical\md\MD-token.md";"0,03";".md";"2026-07-05 00:41";"True"
"D:\AtendimentoOfflineAlpha\engineering\canonical\md\MD-tombstone_evento_assistencial.md";"0,48";".md";"2026-07-05 00:00";"True"
"D:\AtendimentoOfflineAlpha\engineering\canonical\md\MD-totem_evento.md";"0,41";".md";"2026-07-04 23:46";"True"
"D:\AtendimentoOfflineAlpha\engineering\canonical\md\MD-totem_feedback.md";"0,43";".md";"2026-07-04 23:46";"True"
"D:\AtendimentoOfflineAlpha\engineering\canonical\md\MD-totem_senha_opcao.md";"0,43";".md";"2026-07-04 23:46";"True"
"D:\AtendimentoOfflineAlpha\engineering\canonical\md\MD-totem.md";"0,43";".md";"2026-07-04 23:46";"True"
"D:\AtendimentoOfflineAlpha\engineering\canonical\md\MD-transporte_ambulancia_evento.md";"0,48";".md";"2026-07-05 00:00";"True"
"D:\AtendimentoOfflineAlpha\engineering\canonical\md\MD-transporte_ambulancia.md";"0,49";".md";"2026-07-05 00:00";"True"
"D:\AtendimentoOfflineAlpha\engineering\canonical\md\MD-triagem.md";"0,55";".md";"2026-07-04 23:46";"True"
"D:\AtendimentoOfflineAlpha\engineering\canonical\md\MD-tv_rotativo_tela.md";"0,44";".md";"2026-07-04 23:46";"True"
"D:\AtendimentoOfflineAlpha\engineering\canonical\md\MD-tv_rotativo.md";"0,44";".md";"2026-07-04 23:46";"True"
"D:\AtendimentoOfflineAlpha\engineering\canonical\md\MD-unidade.md";"1,24";".md";"2026-07-05 00:28";"True"
"D:\AtendimentoOfflineAlpha\engineering\canonical\md\MD-usuario_alocacao.md";"0,45";".md";"2026-07-04 23:46";"True"
"D:\AtendimentoOfflineAlpha\engineering\canonical\md\MD-usuario_contexto.md";"0,47";".md";"2026-07-04 23:46";"True"
"D:\AtendimentoOfflineAlpha\engineering\canonical\md\MD-usuario_historico_senha.md";"0,45";".md";"2026-07-04 23:46";"True"
"D:\AtendimentoOfflineAlpha\engineering\canonical\md\MD-usuario_local.md";"0,45";".md";"2026-07-04 23:46";"True"
"D:\AtendimentoOfflineAlpha\engineering\canonical\md\MD-usuario_log_acesso.md";"0,45";".md";"2026-07-04 23:46";"True"
"D:\AtendimentoOfflineAlpha\engineering\canonical\md\MD-usuario_perfil.md";"0,45";".md";"2026-07-04 23:46";"True"
"D:\AtendimentoOfflineAlpha\engineering\canonical\md\MD-usuario_profissional_registro.md";"0,46";".md";"2026-07-04 23:46";"True"
"D:\AtendimentoOfflineAlpha\engineering\canonical\md\MD-usuario_refresh_token.md";"0,44";".md";"2026-07-04 23:46";"True"
"D:\AtendimentoOfflineAlpha\engineering\canonical\md\MD-usuario_refresh.md";"0,43";".md";"2026-07-04 23:46";"True"
"D:\AtendimentoOfflineAlpha\engineering\canonical\md\MD-usuario_reset_senha.md";"0,44";".md";"2026-07-04 23:46";"True"
"D:\AtendimentoOfflineAlpha\engineering\canonical\md\MD-usuario_sala.md";"0,45";".md";"2026-07-04 23:46";"True"
"D:\AtendimentoOfflineAlpha\engineering\canonical\md\MD-usuario_senha_historico.md";"0,46";".md";"2026-07-04 23:46";"True"
"D:\AtendimentoOfflineAlpha\engineering\canonical\md\MD-usuario_senha_reset.md";"0,45";".md";"2026-07-04 23:46";"True"
"D:\AtendimentoOfflineAlpha\engineering\canonical\md\MD-usuario_setor.md";"0,43";".md";"2026-07-04 23:46";"True"
"D:\AtendimentoOfflineAlpha\engineering\canonical\md\MD-usuario_sistema_acl_evento.md";"0,44";".md";"2026-07-04 23:46";"True"
"D:\AtendimentoOfflineAlpha\engineering\canonical\md\MD-usuario_sistema.md";"0,45";".md";"2026-07-04 23:46";"True"
"D:\AtendimentoOfflineAlpha\engineering\canonical\md\MD-usuario_unidade.md";"0,46";".md";"2026-07-04 23:46";"True"
"D:\AtendimentoOfflineAlpha\engineering\canonical\md\MD-usuario.md";"1,21";".md";"2026-07-05 00:19";"True"
"D:\AtendimentoOfflineAlpha\engineering\canonical\md\MD-venda_evento.md";"0,42";".md";"2026-07-05 00:00";"True"
"D:\AtendimentoOfflineAlpha\engineering\canonical\md\MD-venda_item.md";"0,45";".md";"2026-07-05 00:00";"True"
"D:\AtendimentoOfflineAlpha\engineering\canonical\md\MD-venda_pagamento.md";"0,46";".md";"2026-07-05 00:00";"True"
"D:\AtendimentoOfflineAlpha\engineering\canonical\md\MD-venda.md";"0,47";".md";"2026-07-05 00:00";"True"
"D:\AtendimentoOfflineAlpha\engineering\canonical\md\MD-viatura.md";"0,44";".md";"2026-07-05 00:00";"True"
"D:\AtendimentoOfflineAlpha\engineering\canonical\md\MD-workflow_ffa_evento.md";"0,43";".md";"2026-07-04 23:46";"True"
"D:\AtendimentoOfflineAlpha\engineering\canonical\md-columns\MD-acompanhante.md";"0,95";".md";"2026-07-05 04:41";"True"
"D:\AtendimentoOfflineAlpha\engineering\canonical\md-columns\MD-administracao_medicacao_ordem.md";"1,25";".md";"2026-07-05 04:41";"True"
"D:\AtendimentoOfflineAlpha\engineering\canonical\md-columns\MD-administracao_medicacao.md";"1,11";".md";"2026-07-05 04:41";"True"
"D:\AtendimentoOfflineAlpha\engineering\canonical\md-columns\MD-agenda_disponibilidade.md";"1,84";".md";"2026-07-05 04:41";"True"
"D:\AtendimentoOfflineAlpha\engineering\canonical\md-columns\MD-agendamento.md";"2,76";".md";"2026-07-05 04:41";"True"
"D:\AtendimentoOfflineAlpha\engineering\canonical\md-columns\MD-agendamentos_eventos.md";"1,47";".md";"2026-07-05 04:41";"True"
"D:\AtendimentoOfflineAlpha\engineering\canonical\md-columns\MD-alerta_consumo.md";"1,39";".md";"2026-07-05 04:41";"True"
"D:\AtendimentoOfflineAlpha\engineering\canonical\md-columns\MD-alerta_destinatario.md";"1,67";".md";"2026-07-05 04:41";"True"
"D:\AtendimentoOfflineAlpha\engineering\canonical\md-columns\MD-alerta_regra.md";"1,18";".md";"2026-07-05 04:41";"True"
"D:\AtendimentoOfflineAlpha\engineering\canonical\md-columns\MD-alerta.md";"2,03";".md";"2026-07-05 04:41";"True"
"D:\AtendimentoOfflineAlpha\engineering\canonical\md-columns\MD-almoxarifado_central.md";"0,81";".md";"2026-07-05 04:41";"True"
"D:\AtendimentoOfflineAlpha\engineering\canonical\md-columns\MD-anamnese.md";"0,89";".md";"2026-07-05 04:41";"True"
"D:\AtendimentoOfflineAlpha\engineering\canonical\md-columns\MD-anotacao_enfermagem.md";"0,9";".md";"2026-07-05 04:41";"True"
"D:\AtendimentoOfflineAlpha\engineering\canonical\md-columns\MD-assinatura_digital_documentos.md";"0,85";".md";"2026-07-05 04:41";"True"
"D:\AtendimentoOfflineAlpha\engineering\canonical\md-columns\MD-assinatura_digital_prontuario.md";"1";".md";"2026-07-05 04:41";"True"
"D:\AtendimentoOfflineAlpha\engineering\canonical\md-columns\MD-assistencia_social_atendimento.md";"1,05";".md";"2026-07-05 04:41";"True"
"D:\AtendimentoOfflineAlpha\engineering\canonical\md-columns\MD-assistencia_social_evento.md";"1,23";".md";"2026-07-05 04:41";"True"
"D:\AtendimentoOfflineAlpha\engineering\canonical\md-columns\MD-assistencial_checkpoint_global.md";"1,13";".md";"2026-07-05 04:41";"True"
"D:\AtendimentoOfflineAlpha\engineering\canonical\md-columns\MD-assistencial_circuit_breaker.md";"0,75";".md";"2026-07-05 04:41";"True"
"D:\AtendimentoOfflineAlpha\engineering\canonical\md-columns\MD-assistencial_evento_hash.md";"0,71";".md";"2026-07-05 04:41";"True"
"D:\AtendimentoOfflineAlpha\engineering\canonical\md-columns\MD-assistencial_minipal_metric.md";"0,95";".md";"2026-07-05 04:41";"True"
"D:\AtendimentoOfflineAlpha\engineering\canonical\md-columns\MD-assistencial_quorum_clinico.md";"0,76";".md";"2026-07-05 04:41";"True"
"D:\AtendimentoOfflineAlpha\engineering\canonical\md-columns\MD-assistencial_raim_metric.md";"0,93";".md";"2026-07-05 04:41";"True"
"D:\AtendimentoOfflineAlpha\engineering\canonical\md-columns\MD-assistencial_runtime_federado.md";"1,17";".md";"2026-07-05 04:41";"True"
"D:\AtendimentoOfflineAlpha\engineering\canonical\md-columns\MD-assistencial_runtime_panel.md";"1,4";".md";"2026-07-05 04:41";"True"
"D:\AtendimentoOfflineAlpha\engineering\canonical\md-columns\MD-assistencial_simulacao_futura.md";"1,26";".md";"2026-07-05 04:41";"True"
"D:\AtendimentoOfflineAlpha\engineering\canonical\md-columns\MD-assistencial_snapshot_runtime.md";"1,11";".md";"2026-07-05 04:41";"True"
"D:\AtendimentoOfflineAlpha\engineering\canonical\md-columns\MD-assistencial_telemetria_runtime.md";"1,26";".md";"2026-07-05 04:41";"True"
"D:\AtendimentoOfflineAlpha\engineering\canonical\md-columns\MD-assistencial_watchdog_fila.md";"1,18";".md";"2026-07-05 04:41";"True"
"D:\AtendimentoOfflineAlpha\engineering\canonical\md-columns\MD-atendimento_anamnese.md";"1,41";".md";"2026-07-05 04:41";"True"
"D:\AtendimentoOfflineAlpha\engineering\canonical\md-columns\MD-atendimento_balanco_hidrico.md";"1,44";".md";"2026-07-05 04:41";"True"
"D:\AtendimentoOfflineAlpha\engineering\canonical\md-columns\MD-atendimento_checagem.md";"1,41";".md";"2026-07-05 04:41";"True"
"D:\AtendimentoOfflineAlpha\engineering\canonical\md-columns\MD-atendimento_desfecho.md";"1,25";".md";"2026-07-05 04:41";"True"
"D:\AtendimentoOfflineAlpha\engineering\canonical\md-columns\MD-atendimento_diagnostico.md";"1,21";".md";"2026-07-05 04:41";"True"
"D:\AtendimentoOfflineAlpha\engineering\canonical\md-columns\MD-atendimento_escalas_risco.md";"1,19";".md";"2026-07-05 04:41";"True"
"D:\AtendimentoOfflineAlpha\engineering\canonical\md-columns\MD-atendimento_estado_ativo.md";"1,3";".md";"2026-07-05 04:41";"True"
"D:\AtendimentoOfflineAlpha\engineering\canonical\md-columns\MD-atendimento_evento_ledger.md";"2,95";".md";"2026-07-05 04:41";"True"
"D:\AtendimentoOfflineAlpha\engineering\canonical\md-columns\MD-atendimento_evento.md";"2,07";".md";"2026-07-05 04:41";"True"
"D:\AtendimentoOfflineAlpha\engineering\canonical\md-columns\MD-atendimento_evolucao.md";"1,54";".md";"2026-07-05 04:41";"True"
"D:\AtendimentoOfflineAlpha\engineering\canonical\md-columns\MD-atendimento_exame_fisico.md";"1,28";".md";"2026-07-05 04:41";"True"
"D:\AtendimentoOfflineAlpha\engineering\canonical\md-columns\MD-atendimento_identidade_fluxo.md";"1,33";".md";"2026-07-05 04:41";"True"
"D:\AtendimentoOfflineAlpha\engineering\canonical\md-columns\MD-atendimento_movimentacao.md";"1,22";".md";"2026-07-05 04:41";"True"
"D:\AtendimentoOfflineAlpha\engineering\canonical\md-columns\MD-atendimento_observacao.md";"1,3";".md";"2026-07-05 04:41";"True"
"D:\AtendimentoOfflineAlpha\engineering\canonical\md-columns\MD-atendimento_pedidos_exame.md";"1,56";".md";"2026-07-05 04:41";"True"
"D:\AtendimentoOfflineAlpha\engineering\canonical\md-columns\MD-atendimento_pre_hospitalar.md";"1,29";".md";"2026-07-05 04:41";"True"
"D:\AtendimentoOfflineAlpha\engineering\canonical\md-columns\MD-atendimento_prescricao.md";"1,36";".md";"2026-07-05 04:41";"True"
"D:\AtendimentoOfflineAlpha\engineering\canonical\md-columns\MD-atendimento_profissional.md";"0,99";".md";"2026-07-05 04:41";"True"
"D:\AtendimentoOfflineAlpha\engineering\canonical\md-columns\MD-atendimento_recepcao.md";"1,61";".md";"2026-07-05 04:41";"True"
"D:\AtendimentoOfflineAlpha\engineering\canonical\md-columns\MD-atendimento_sinais_vitais.md";"1,22";".md";"2026-07-05 04:41";"True"
"D:\AtendimentoOfflineAlpha\engineering\canonical\md-columns\MD-atendimento_sumario_alta.md";"1,43";".md";"2026-07-05 04:41";"True"
"D:\AtendimentoOfflineAlpha\engineering\canonical\md-columns\MD-atendimento_transicao_ledger.md";"1,21";".md";"2026-07-05 04:41";"True"
"D:\AtendimentoOfflineAlpha\engineering\canonical\md-columns\MD-atendimento_triagem.md";"1,56";".md";"2026-07-05 04:41";"True"
"D:\AtendimentoOfflineAlpha\engineering\canonical\md-columns\MD-atendimento_vinculo.md";"0,91";".md";"2026-07-05 04:41";"True"
"D:\AtendimentoOfflineAlpha\engineering\canonical\md-columns\MD-atendimento.md";"2,19";".md";"2026-07-05 04:41";"True"
"D:\AtendimentoOfflineAlpha\engineering\canonical\md-columns\MD-auditoria_acesso.md";"1,32";".md";"2026-07-05 04:41";"True"
"D:\AtendimentoOfflineAlpha\engineering\canonical\md-columns\MD-auditoria_almoxarifado.md";"1,14";".md";"2026-07-05 04:41";"True"
"D:\AtendimentoOfflineAlpha\engineering\canonical\md-columns\MD-auditoria_contexto.md";"1,7";".md";"2026-07-05 04:41";"True"
"D:\AtendimentoOfflineAlpha\engineering\canonical\md-columns\MD-auditoria_erro.md";"5,91";".md";"2026-07-05 04:41";"True"
"D:\AtendimentoOfflineAlpha\engineering\canonical\md-columns\MD-auditoria_estoque_sanitario.md";"0,76";".md";"2026-07-05 04:41";"True"
"D:\AtendimentoOfflineAlpha\engineering\canonical\md-columns\MD-auditoria_estoque.md";"0,67";".md";"2026-07-05 04:41";"True"
"D:\AtendimentoOfflineAlpha\engineering\canonical\md-columns\MD-auditoria_evento.md";"0,91";".md";"2026-07-05 04:41";"True"
"D:\AtendimentoOfflineAlpha\engineering\canonical\md-columns\MD-auditoria_excecoes.md";"0,69";".md";"2026-07-05 04:41";"True"
"D:\AtendimentoOfflineAlpha\engineering\canonical\md-columns\MD-auditoria_ffa.md";"0,83";".md";"2026-07-05 04:41";"True"
"D:\AtendimentoOfflineAlpha\engineering\canonical\md-columns\MD-auditoria_fila.md";"0,7";".md";"2026-07-05 04:41";"True"
"D:\AtendimentoOfflineAlpha\engineering\canonical\md-columns\MD-auditoria_mestre.md";"1,16";".md";"2026-07-05 04:41";"True"
"D:\AtendimentoOfflineAlpha\engineering\canonical\md-columns\MD-auditoria_visualizacao_prontuario.md";"0,76";".md";"2026-07-05 04:41";"True"
"D:\AtendimentoOfflineAlpha\engineering\canonical\md-columns\MD-auth_audit.md";"1,06";".md";"2026-07-05 04:41";"True"
"D:\AtendimentoOfflineAlpha\engineering\canonical\md-columns\MD-auth_bloqueio.md";"1,13";".md";"2026-07-05 04:41";"True"
"D:\AtendimentoOfflineAlpha\engineering\canonical\md-columns\MD-auth_grupo_permissao.md";"0,88";".md";"2026-07-05 04:41";"True"
"D:\AtendimentoOfflineAlpha\engineering\canonical\md-columns\MD-auth_grupo_usuario.md";"1,01";".md";"2026-07-05 04:41";"True"
"D:\AtendimentoOfflineAlpha\engineering\canonical\md-columns\MD-auth_grupo.md";"0,87";".md";"2026-07-05 04:41";"True"
"D:\AtendimentoOfflineAlpha\engineering\canonical\md-columns\MD-auth_log.md";"1,23";".md";"2026-07-05 04:41";"True"
"D:\AtendimentoOfflineAlpha\engineering\canonical\md-columns\MD-auth_notificacao.md";"1,17";".md";"2026-07-05 04:41";"True"
"D:\AtendimentoOfflineAlpha\engineering\canonical\md-columns\MD-auth_parametro.md";"0,85";".md";"2026-07-05 04:41";"True"
"D:\AtendimentoOfflineAlpha\engineering\canonical\md-columns\MD-auth_sessao_dispositivo.md";"1,37";".md";"2026-07-05 04:41";"True"
"D:\AtendimentoOfflineAlpha\engineering\canonical\md-columns\MD-auth_sessao.md";"1,41";".md";"2026-07-05 04:41";"True"
"D:\AtendimentoOfflineAlpha\engineering\canonical\md-columns\MD-auth_tentativa_login.md";"0,97";".md";"2026-07-05 04:41";"True"
"D:\AtendimentoOfflineAlpha\engineering\canonical\md-columns\MD-auth_token.md";"1,18";".md";"2026-07-05 04:41";"True"
"D:\AtendimentoOfflineAlpha\engineering\canonical\md-columns\MD-caixa_evento.md";"0,71";".md";"2026-07-05 04:41";"True"
"D:\AtendimentoOfflineAlpha\engineering\canonical\md-columns\MD-caixa.md";"1,19";".md";"2026-07-05 04:41";"True"
"D:\AtendimentoOfflineAlpha\engineering\canonical\md-columns\MD-cat_acidente_trabalho_evento.md";"1,2";".md";"2026-07-05 04:41";"True"
"D:\AtendimentoOfflineAlpha\engineering\canonical\md-columns\MD-cat_acidente_trabalho.md";"1,79";".md";"2026-07-05 04:41";"True"
"D:\AtendimentoOfflineAlpha\engineering\canonical\md-columns\MD-cat_evento.md";"0,66";".md";"2026-07-05 04:41";"True"
"D:\AtendimentoOfflineAlpha\engineering\canonical\md-columns\MD-cat_notificacao.md";"1,17";".md";"2026-07-05 04:41";"True"
"D:\AtendimentoOfflineAlpha\engineering\canonical\md-columns\MD-cat_regra_item.md";"0,64";".md";"2026-07-05 04:41";"True"
"D:\AtendimentoOfflineAlpha\engineering\canonical\md-columns\MD-chamado_evento.md";"0,82";".md";"2026-07-05 04:41";"True"
"D:\AtendimentoOfflineAlpha\engineering\canonical\md-columns\MD-chamado_manutencao.md";"1,21";".md";"2026-07-05 04:41";"True"
"D:\AtendimentoOfflineAlpha\engineering\canonical\md-columns\MD-chamado.md";"1,61";".md";"2026-07-05 04:41";"True"
"D:\AtendimentoOfflineAlpha\engineering\canonical\md-columns\MD-cidade.md";"0,76";".md";"2026-07-05 04:41";"True"
"D:\AtendimentoOfflineAlpha\engineering\canonical\md-columns\MD-classificacao_risco.md";"0,66";".md";"2026-07-05 04:41";"True"
"D:\AtendimentoOfflineAlpha\engineering\canonical\md-columns\MD-cliente.md";"0,69";".md";"2026-07-05 04:41";"True"
"D:\AtendimentoOfflineAlpha\engineering\canonical\md-columns\MD-codigo_externo_map.md";"1,41";".md";"2026-07-05 04:41";"True"
"D:\AtendimentoOfflineAlpha\engineering\canonical\md-columns\MD-codigo_externo_vinculo.md";"0,86";".md";"2026-07-05 04:41";"True"
"D:\AtendimentoOfflineAlpha\engineering\canonical\md-columns\MD-codigo_prefixo_config.md";"1,24";".md";"2026-07-05 04:41";"True"
"D:\AtendimentoOfflineAlpha\engineering\canonical\md-columns\MD-codigo_prefixo_regra.md";"1,08";".md";"2026-07-05 04:41";"True"
"D:\AtendimentoOfflineAlpha\engineering\canonical\md-columns\MD-codigo_universal.md";"2,45";".md";"2026-07-05 04:41";"True"
"D:\AtendimentoOfflineAlpha\engineering\canonical\md-columns\MD-config_leitos.md";"0,98";".md";"2026-07-05 04:41";"True"
"D:\AtendimentoOfflineAlpha\engineering\canonical\md-columns\MD-config_locais.md";"0,81";".md";"2026-07-05 04:41";"True"
"D:\AtendimentoOfflineAlpha\engineering\canonical\md-columns\MD-config_sistema.md";"0,73";".md";"2026-07-05 04:41";"True"
"D:\AtendimentoOfflineAlpha\engineering\canonical\md-columns\MD-configuracao.md";"0,48";".md";"2026-07-05 04:41";"True"
"D:\AtendimentoOfflineAlpha\engineering\canonical\md-columns\MD-conselho_profissional.md";"0,52";".md";"2026-07-05 04:41";"True"
"D:\AtendimentoOfflineAlpha\engineering\canonical\md-columns\MD-consumo_insumo.md";"0,83";".md";"2026-07-05 04:41";"True"
"D:\AtendimentoOfflineAlpha\engineering\canonical\md-columns\MD-consumo_limpeza.md";"1,07";".md";"2026-07-05 04:41";"True"
"D:\AtendimentoOfflineAlpha\engineering\canonical\md-columns\MD-consumo_manutencao.md";"0,7";".md";"2026-07-05 04:41";"True"
"D:\AtendimentoOfflineAlpha\engineering\canonical\md-columns\MD-contexto_atendimento.md";"0,92";".md";"2026-07-05 04:41";"True"
"D:\AtendimentoOfflineAlpha\engineering\canonical\md-columns\MD-contrato.md";"0,49";".md";"2026-07-05 04:41";"True"
"D:\AtendimentoOfflineAlpha\engineering\canonical\md-columns\MD-coordenador_estado_global.md";"1,25";".md";"2026-07-05 04:41";"True"
"D:\AtendimentoOfflineAlpha\engineering\canonical\md-columns\MD-dispensacao_medicacao.md";"0,96";".md";"2026-07-05 04:41";"True"
"D:\AtendimentoOfflineAlpha\engineering\canonical\md-columns\MD-dispositivo_tipo.md";"0,84";".md";"2026-07-05 04:41";"True"
"D:\AtendimentoOfflineAlpha\engineering\canonical\md-columns\MD-dispositivo.md";"0,68";".md";"2026-07-05 04:41";"True"
"D:\AtendimentoOfflineAlpha\engineering\canonical\md-columns\MD-documento_arquivo.md";"0,89";".md";"2026-07-05 04:41";"True"
"D:\AtendimentoOfflineAlpha\engineering\canonical\md-columns\MD-documento_emissao_evento.md";"0,91";".md";"2026-07-05 04:41";"True"
"D:\AtendimentoOfflineAlpha\engineering\canonical\md-columns\MD-documento_emissao.md";"2,01";".md";"2026-07-05 04:41";"True"
"D:\AtendimentoOfflineAlpha\engineering\canonical\md-columns\MD-documento_tipo_config.md";"0,95";".md";"2026-07-05 04:41";"True"
"D:\AtendimentoOfflineAlpha\engineering\canonical\md-columns\MD-enfermagem_aprazamento.md";"1,16";".md";"2026-07-05 04:41";"True"
"D:\AtendimentoOfflineAlpha\engineering\canonical\md-columns\MD-enfermagem_diagnosticos.md";"0,88";".md";"2026-07-05 04:41";"True"
"D:\AtendimentoOfflineAlpha\engineering\canonical\md-columns\MD-enfermagem.md";"0,76";".md";"2026-07-05 04:41";"True"
"D:\AtendimentoOfflineAlpha\engineering\canonical\md-columns\MD-erro_catalogo.md";"0,71";".md";"2026-07-05 04:41";"True"
"D:\AtendimentoOfflineAlpha\engineering\canonical\md-columns\MD-erro_evento.md";"1,03";".md";"2026-07-05 04:41";"True"
"D:\AtendimentoOfflineAlpha\engineering\canonical\md-columns\MD-escala_medica.md";"0,98";".md";"2026-07-05 04:41";"True"
"D:\AtendimentoOfflineAlpha\engineering\canonical\md-columns\MD-escala_plantao_atual.md";"1,03";".md";"2026-07-05 04:41";"True"
"D:\AtendimentoOfflineAlpha\engineering\canonical\md-columns\MD-escala_plantao.md";"1,05";".md";"2026-07-05 04:41";"True"
"D:\AtendimentoOfflineAlpha\engineering\canonical\md-columns\MD-escala_profissional.md";"1,25";".md";"2026-07-05 04:41";"True"
"D:\AtendimentoOfflineAlpha\engineering\canonical\md-columns\MD-especialidade.md";"0,6";".md";"2026-07-05 04:41";"True"
"D:\AtendimentoOfflineAlpha\engineering\canonical\md-columns\MD-estoque_alerta.md";"0,73";".md";"2026-07-05 04:41";"True"
"D:\AtendimentoOfflineAlpha\engineering\canonical\md-columns\MD-estoque_almoxarifado_central.md";"0,87";".md";"2026-07-05 04:41";"True"
"D:\AtendimentoOfflineAlpha\engineering\canonical\md-columns\MD-estoque_audit_stream.md";"0,73";".md";"2026-07-05 04:41";"True"
"D:\AtendimentoOfflineAlpha\engineering\canonical\md-columns\MD-estoque_conciliacao_atomica.md";"1,17";".md";"2026-07-05 04:41";"True"
"D:\AtendimentoOfflineAlpha\engineering\canonical\md-columns\MD-estoque_conta.md";"0,59";".md";"2026-07-05 04:41";"True"
"D:\AtendimentoOfflineAlpha\engineering\canonical\md-columns\MD-estoque_documento_execucao.md";"1,38";".md";"2026-07-05 04:41";"True"
"D:\AtendimentoOfflineAlpha\engineering\canonical\md-columns\MD-estoque_evento_confirmacao.md";"0,89";".md";"2026-07-05 04:41";"True"
"D:\AtendimentoOfflineAlpha\engineering\canonical\md-columns\MD-estoque_execucao_pipeline.md";"0,49";".md";"2026-07-05 04:41";"True"
"D:\AtendimentoOfflineAlpha\engineering\canonical\md-columns\MD-estoque_execucao.md";"0,54";".md";"2026-07-05 04:41";"True"
"D:\AtendimentoOfflineAlpha\engineering\canonical\md-columns\MD-estoque_fluxo_assistencial.md";"1,04";".md";"2026-07-05 04:41";"True"
"D:\AtendimentoOfflineAlpha\engineering\canonical\md-columns\MD-estoque_inventario_item.md";"0,87";".md";"2026-07-05 04:41";"True"
"D:\AtendimentoOfflineAlpha\engineering\canonical\md-columns\MD-estoque_inventario.md";"0,95";".md";"2026-07-05 04:41";"True"
"D:\AtendimentoOfflineAlpha\engineering\canonical\md-columns\MD-estoque_item.md";"0,91";".md";"2026-07-05 04:41";"True"
"D:\AtendimentoOfflineAlpha\engineering\canonical\md-columns\MD-estoque_ledger.md";"0,97";".md";"2026-07-05 04:41";"True"
"D:\AtendimentoOfflineAlpha\engineering\canonical\md-columns\MD-estoque_local.md";"1,15";".md";"2026-07-05 04:41";"True"
"D:\AtendimentoOfflineAlpha\engineering\canonical\md-columns\MD-estoque_lote_snapshot.md";"1,05";".md";"2026-07-05 04:41";"True"
"D:\AtendimentoOfflineAlpha\engineering\canonical\md-columns\MD-estoque_lote.md";"0,65";".md";"2026-07-05 04:41";"True"
"D:\AtendimentoOfflineAlpha\engineering\canonical\md-columns\MD-estoque_movimentacao_itens.md";"0,7";".md";"2026-07-05 04:41";"True"
"D:\AtendimentoOfflineAlpha\engineering\canonical\md-columns\MD-estoque_movimentacao.md";"1,09";".md";"2026-07-05 04:41";"True"
"D:\AtendimentoOfflineAlpha\engineering\canonical\md-columns\MD-estoque_movimento_item.md";"0,96";".md";"2026-07-05 04:41";"True"
"D:\AtendimentoOfflineAlpha\engineering\canonical\md-columns\MD-estoque_movimento.md";"1,31";".md";"2026-07-05 04:41";"True"
"D:\AtendimentoOfflineAlpha\engineering\canonical\md-columns\MD-estoque_pipeline_estado.md";"0,59";".md";"2026-07-05 04:41";"True"
"D:\AtendimentoOfflineAlpha\engineering\canonical\md-columns\MD-estoque_produto_codigo_externo.md";"1";".md";"2026-07-05 04:41";"True"
"D:\AtendimentoOfflineAlpha\engineering\canonical\md-columns\MD-estoque_produto.md";"1,53";".md";"2026-07-05 04:41";"True"
"D:\AtendimentoOfflineAlpha\engineering\canonical\md-columns\MD-estoque_reserva_evento.md";"0,92";".md";"2026-07-05 04:41";"True"
"D:\AtendimentoOfflineAlpha\engineering\canonical\md-columns\MD-estoque_reserva.md";"1,41";".md";"2026-07-05 04:41";"True"
"D:\AtendimentoOfflineAlpha\engineering\canonical\md-columns\MD-estoque_saldo_central.md";"1,27";".md";"2026-07-05 04:41";"True"
"D:\AtendimentoOfflineAlpha\engineering\canonical\md-columns\MD-estoque_saldo_master.md";"1,26";".md";"2026-07-05 04:41";"True"
"D:\AtendimentoOfflineAlpha\engineering\canonical\md-columns\MD-estoque_saldo.md";"1,11";".md";"2026-07-05 04:41";"True"
"D:\AtendimentoOfflineAlpha\engineering\canonical\md-columns\MD-evento_ffa.md";"2,04";".md";"2026-07-05 04:41";"True"
"D:\AtendimentoOfflineAlpha\engineering\canonical\md-columns\MD-evento_geral.md";"0,95";".md";"2026-07-05 04:41";"True"
"D:\AtendimentoOfflineAlpha\engineering\canonical\md-columns\MD-evento_limpeza.md";"0,78";".md";"2026-07-05 04:41";"True"
"D:\AtendimentoOfflineAlpha\engineering\canonical\md-columns\MD-eventos_fluxo.md";"0,94";".md";"2026-07-05 04:41";"True"
"D:\AtendimentoOfflineAlpha\engineering\canonical\md-columns\MD-evolucao_enfermagem.md";"0,91";".md";"2026-07-05 04:41";"True"
"D:\AtendimentoOfflineAlpha\engineering\canonical\md-columns\MD-evolucao_medica.md";"0,87";".md";"2026-07-05 04:41";"True"
"D:\AtendimentoOfflineAlpha\engineering\canonical\md-columns\MD-evolucao_multidisciplinar.md";"0,92";".md";"2026-07-05 04:41";"True"
"D:\AtendimentoOfflineAlpha\engineering\canonical\md-columns\MD-exame_fisico.md";"0,76";".md";"2026-07-05 04:41";"True"
"D:\AtendimentoOfflineAlpha\engineering\canonical\md-columns\MD-exame_historico.md";"0,72";".md";"2026-07-05 04:41";"True"
"D:\AtendimentoOfflineAlpha\engineering\canonical\md-columns\MD-exame_pedido_item.md";"0,8";".md";"2026-07-05 04:41";"True"
"D:\AtendimentoOfflineAlpha\engineering\canonical\md-columns\MD-exame_pedido.md";"1";".md";"2026-07-05 04:41";"True"
"D:\AtendimentoOfflineAlpha\engineering\canonical\md-columns\MD-exame.md";"0,66";".md";"2026-07-05 04:41";"True"
"D:\AtendimentoOfflineAlpha\engineering\canonical\md-columns\MD-farm_atendimento_externo.md";"1,51";".md";"2026-07-05 04:41";"True"
"D:\AtendimentoOfflineAlpha\engineering\canonical\md-columns\MD-farm_convenio_autorizacao.md";"0,82";".md";"2026-07-05 04:41";"True"
"D:\AtendimentoOfflineAlpha\engineering\canonical\md-columns\MD-farm_dispensacao_item.md";"1";".md";"2026-07-05 04:41";"True"
"D:\AtendimentoOfflineAlpha\engineering\canonical\md-columns\MD-farm_dispensacao.md";"1";".md";"2026-07-05 04:41";"True"
"D:\AtendimentoOfflineAlpha\engineering\canonical\md-columns\MD-farm_operacao.md";"0,66";".md";"2026-07-05 04:41";"True"
"D:\AtendimentoOfflineAlpha\engineering\canonical\md-columns\MD-farm_receita_controlada.md";"1,53";".md";"2026-07-05 04:41";"True"
"D:\AtendimentoOfflineAlpha\engineering\canonical\md-columns\MD-farmacia_atendimento_externo_dispensacao.md";"1,83";".md";"2026-07-05 04:41";"True"
"D:\AtendimentoOfflineAlpha\engineering\canonical\md-columns\MD-farmacia_atendimento_externo_item.md";"1,36";".md";"2026-07-05 04:41";"True"
"D:\AtendimentoOfflineAlpha\engineering\canonical\md-columns\MD-farmacia_dispensacao_log.md";"1,15";".md";"2026-07-05 04:41";"True"
"D:\AtendimentoOfflineAlpha\engineering\canonical\md-columns\MD-farmacia_externo_evento.md";"0,76";".md";"2026-07-05 04:41";"True"
"D:\AtendimentoOfflineAlpha\engineering\canonical\md-columns\MD-farmaco_auditoria_bloqueio.md";"0,92";".md";"2026-07-05 04:41";"True"
"D:\AtendimentoOfflineAlpha\engineering\canonical\md-columns\MD-farmaco_auditoria.md";"0,81";".md";"2026-07-05 04:41";"True"
"D:\AtendimentoOfflineAlpha\engineering\canonical\md-columns\MD-farmaco_movimentacao.md";"1,25";".md";"2026-07-05 04:41";"True"
"D:\AtendimentoOfflineAlpha\engineering\canonical\md-columns\MD-farmaco_unidade.md";"0,7";".md";"2026-07-05 04:41";"True"
"D:\AtendimentoOfflineAlpha\engineering\canonical\md-columns\MD-faturamento_codigo.md";"1,16";".md";"2026-07-05 04:41";"True"
"D:\AtendimentoOfflineAlpha\engineering\canonical\md-columns\MD-faturamento_conta_item.md";"0,47";".md";"2026-07-05 04:41";"True"
"D:\AtendimentoOfflineAlpha\engineering\canonical\md-columns\MD-faturamento_conta_paciente.md";"0,88";".md";"2026-07-05 04:41";"True"
"D:\AtendimentoOfflineAlpha\engineering\canonical\md-columns\MD-faturamento_conta_seq.md";"0,5";".md";"2026-07-05 04:41";"True"
"D:\AtendimentoOfflineAlpha\engineering\canonical\md-columns\MD-faturamento_conta.md";"2,28";".md";"2026-07-05 04:41";"True"
"D:\AtendimentoOfflineAlpha\engineering\canonical\md-columns\MD-faturamento_convenio.md";"0,79";".md";"2026-07-05 04:41";"True"
"D:\AtendimentoOfflineAlpha\engineering\canonical\md-columns\MD-faturamento_convenios.md";"0,63";".md";"2026-07-05 04:41";"True"
"D:\AtendimentoOfflineAlpha\engineering\canonical\md-columns\MD-faturamento_evento.md";"1,12";".md";"2026-07-05 04:41";"True"
"D:\AtendimentoOfflineAlpha\engineering\canonical\md-columns\MD-faturamento_insumo.md";"0,75";".md";"2026-07-05 04:41";"True"
"D:\AtendimentoOfflineAlpha\engineering\canonical\md-columns\MD-faturamento_item.md";"2,06";".md";"2026-07-05 04:41";"True"
"D:\AtendimentoOfflineAlpha\engineering\canonical\md-columns\MD-faturamento_producao_sus.md";"0,89";".md";"2026-07-05 04:41";"True"
"D:\AtendimentoOfflineAlpha\engineering\canonical\md-columns\MD-faturamento_producao.md";"0,82";".md";"2026-07-05 04:41";"True"
"D:\AtendimentoOfflineAlpha\engineering\canonical\md-columns\MD-faturamento_regras_validacao.md";"0,76";".md";"2026-07-05 04:41";"True"
"D:\AtendimentoOfflineAlpha\engineering\canonical\md-columns\MD-faturamento_sigtap.md";"0,83";".md";"2026-07-05 04:41";"True"
"D:\AtendimentoOfflineAlpha\engineering\canonical\md-columns\MD-faturamento_sus_config.md";"0,65";".md";"2026-07-05 04:41";"True"
"D:\AtendimentoOfflineAlpha\engineering\canonical\md-columns\MD-ffa_demandas_externas.md";"0,99";".md";"2026-07-05 04:41";"True"
"D:\AtendimentoOfflineAlpha\engineering\canonical\md-columns\MD-ffa_diagnostico.md";"1,3";".md";"2026-07-05 04:41";"True"
"D:\AtendimentoOfflineAlpha\engineering\canonical\md-columns\MD-ffa_estado.md";"0,55";".md";"2026-07-05 04:41";"True"
"D:\AtendimentoOfflineAlpha\engineering\canonical\md-columns\MD-ffa_estoque_conciliacao.md";"0,66";".md";"2026-07-05 04:41";"True"
"D:\AtendimentoOfflineAlpha\engineering\canonical\md-columns\MD-ffa_evolucao.md";"1,07";".md";"2026-07-05 04:41";"True"
"D:\AtendimentoOfflineAlpha\engineering\canonical\md-columns\MD-ffa_extra.md";"0,77";".md";"2026-07-05 04:41";"True"
"D:\AtendimentoOfflineAlpha\engineering\canonical\md-columns\MD-ffa_historico_status.md";"0,75";".md";"2026-07-05 04:41";"True"
"D:\AtendimentoOfflineAlpha\engineering\canonical\md-columns\MD-ffa_item.md";"1,28";".md";"2026-07-05 04:41";"True"
"D:\AtendimentoOfflineAlpha\engineering\canonical\md-columns\MD-ffa_prioridade.md";"0,59";".md";"2026-07-05 04:41";"True"
"D:\AtendimentoOfflineAlpha\engineering\canonical\md-columns\MD-ffa_procedimento.md";"1,2";".md";"2026-07-05 04:41";"True"
"D:\AtendimentoOfflineAlpha\engineering\canonical\md-columns\MD-ffa_sinais_vitais.md";"1,51";".md";"2026-07-05 04:41";"True"
"D:\AtendimentoOfflineAlpha\engineering\canonical\md-columns\MD-ffa_substatus.md";"1,08";".md";"2026-07-05 04:41";"True"
"D:\AtendimentoOfflineAlpha\engineering\canonical\md-columns\MD-ffa.md";"1,41";".md";"2026-07-05 04:41";"True"
"D:\AtendimentoOfflineAlpha\engineering\canonical\md-columns\MD-fila_evento.md";"0,86";".md";"2026-07-05 04:41";"True"
"D:\AtendimentoOfflineAlpha\engineering\canonical\md-columns\MD-fila_operacional_evento.md";"0,9";".md";"2026-07-05 04:41";"True"
"D:\AtendimentoOfflineAlpha\engineering\canonical\md-columns\MD-fila_operacional.md";"2,42";".md";"2026-07-05 04:41";"True"
"D:\AtendimentoOfflineAlpha\engineering\canonical\md-columns\MD-fila_painel_runtime.md";"0,77";".md";"2026-07-05 04:41";"True"
"D:\AtendimentoOfflineAlpha\engineering\canonical\md-columns\MD-fila_retorno.md";"0,64";".md";"2026-07-05 04:41";"True"
"D:\AtendimentoOfflineAlpha\engineering\canonical\md-columns\MD-fila_senha.md";"0,62";".md";"2026-07-05 04:41";"True"
"D:\AtendimentoOfflineAlpha\engineering\canonical\md-columns\MD-financeiro_repasse_medico.md";"0,98";".md";"2026-07-05 04:41";"True"
"D:\AtendimentoOfflineAlpha\engineering\canonical\md-columns\MD-fluxo_orquestrador_canonico.md";"1,43";".md";"2026-07-05 04:41";"True"
"D:\AtendimentoOfflineAlpha\engineering\canonical\md-columns\MD-fluxo_status.md";"0,79";".md";"2026-07-05 04:41";"True"
"D:\AtendimentoOfflineAlpha\engineering\canonical\md-columns\MD-fluxo_transicao_matriz.md";"0,91";".md";"2026-07-05 04:41";"True"
"D:\AtendimentoOfflineAlpha\engineering\canonical\md-columns\MD-fluxo_transicao.md";"1,48";".md";"2026-07-05 04:41";"True"
"D:\AtendimentoOfflineAlpha\engineering\canonical\md-columns\MD-forma_pagamento.md";"0,53";".md";"2026-07-05 04:41";"True"
"D:\AtendimentoOfflineAlpha\engineering\canonical\md-columns\MD-fornecedor.md";"0,8";".md";"2026-07-05 04:41";"True"
"D:\AtendimentoOfflineAlpha\engineering\canonical\md-columns\MD-funcionario_conselho_profissional.md";"0,92";".md";"2026-07-05 04:41";"True"
"D:\AtendimentoOfflineAlpha\engineering\canonical\md-columns\MD-funcionario_especialidade.md";"0,8";".md";"2026-07-05 04:41";"True"
"D:\AtendimentoOfflineAlpha\engineering\canonical\md-columns\MD-funcionario_unidade.md";"1,11";".md";"2026-07-05 04:41";"True"
"D:\AtendimentoOfflineAlpha\engineering\canonical\md-columns\MD-funcionario.md";"1,4";".md";"2026-07-05 04:41";"True"
"D:\AtendimentoOfflineAlpha\engineering\canonical\md-columns\MD-gaso_evento.md";"0,87";".md";"2026-07-05 04:41";"True"
"D:\AtendimentoOfflineAlpha\engineering\canonical\md-columns\MD-gaso_solicitacao.md";"1,24";".md";"2026-07-05 04:41";"True"
"D:\AtendimentoOfflineAlpha\engineering\canonical\md-columns\MD-gasoterapia_consumo_evento.md";"0,94";".md";"2026-07-05 04:41";"True"
"D:\AtendimentoOfflineAlpha\engineering\canonical\md-columns\MD-gasoterapia_consumo.md";"0,97";".md";"2026-07-05 04:41";"True"
"D:\AtendimentoOfflineAlpha\engineering\canonical\md-columns\MD-gpat_atendimento.md";"2,44";".md";"2026-07-05 04:41";"True"
"D:\AtendimentoOfflineAlpha\engineering\canonical\md-columns\MD-gpat_dispensacao.md";"1,62";".md";"2026-07-05 04:41";"True"
"D:\AtendimentoOfflineAlpha\engineering\canonical\md-columns\MD-gpat_evento.md";"1,12";".md";"2026-07-05 04:41";"True"
"D:\AtendimentoOfflineAlpha\engineering\canonical\md-columns\MD-gpat_item.md";"1,33";".md";"2026-07-05 04:41";"True"
"D:\AtendimentoOfflineAlpha\engineering\canonical\md-columns\MD-gpat.md";"0,86";".md";"2026-07-05 04:41";"True"
"D:\AtendimentoOfflineAlpha\engineering\canonical\md-columns\MD-guardiao_acl_runtime.md";"0,74";".md";"2026-07-05 04:41";"True"
"D:\AtendimentoOfflineAlpha\engineering\canonical\md-columns\MD-guardiao_runtime_final.md";"1,21";".md";"2026-07-05 04:41";"True"
"D:\AtendimentoOfflineAlpha\engineering\canonical\md-columns\MD-hardening_sp_excecao.md";"0,6";".md";"2026-07-05 04:41";"True"
"D:\AtendimentoOfflineAlpha\engineering\canonical\md-columns\MD-hipotese_diagnostica.md";"0,85";".md";"2026-07-05 04:41";"True"
"D:\AtendimentoOfflineAlpha\engineering\canonical\md-columns\MD-hospital_leitos.md";"0,85";".md";"2026-07-05 04:41";"True"
"D:\AtendimentoOfflineAlpha\engineering\canonical\md-columns\MD-identificador_global_assistencial.md";"0,83";".md";"2026-07-05 04:41";"True"
"D:\AtendimentoOfflineAlpha\engineering\canonical\md-columns\MD-integracao_mensageria_externa.md";"0,88";".md";"2026-07-05 04:41";"True"
"D:\AtendimentoOfflineAlpha\engineering\canonical\md-columns\MD-interconsulta.md";"0,82";".md";"2026-07-05 04:41";"True"
"D:\AtendimentoOfflineAlpha\engineering\canonical\md-columns\MD-intercorrencia.md";"1,12";".md";"2026-07-05 04:41";"True"
"D:\AtendimentoOfflineAlpha\engineering\canonical\md-columns\MD-internacao_braden_avaliacao.md";"1,5";".md";"2026-07-05 04:41";"True"
"D:\AtendimentoOfflineAlpha\engineering\canonical\md-columns\MD-internacao_cuidados.md";"0,88";".md";"2026-07-05 04:41";"True"
"D:\AtendimentoOfflineAlpha\engineering\canonical\md-columns\MD-internacao_dietas.md";"0,86";".md";"2026-07-05 04:41";"True"
"D:\AtendimentoOfflineAlpha\engineering\canonical\md-columns\MD-internacao_dispositivos.md";"1,02";".md";"2026-07-05 04:41";"True"
"D:\AtendimentoOfflineAlpha\engineering\canonical\md-columns\MD-internacao_ferida_avaliacao.md";"2,3";".md";"2026-07-05 04:41";"True"
"D:\AtendimentoOfflineAlpha\engineering\canonical\md-columns\MD-internacao_historico.md";"0,94";".md";"2026-07-05 04:41";"True"
"D:\AtendimentoOfflineAlpha\engineering\canonical\md-columns\MD-internacao_medicacao_administracao.md";"2,07";".md";"2026-07-05 04:41";"True"
"D:\AtendimentoOfflineAlpha\engineering\canonical\md-columns\MD-internacao_movimentacao.md";"1,75";".md";"2026-07-05 04:41";"True"
"D:\AtendimentoOfflineAlpha\engineering\canonical\md-columns\MD-internacao_prescricao_item.md";"1,68";".md";"2026-07-05 04:41";"True"
"D:\AtendimentoOfflineAlpha\engineering\canonical\md-columns\MD-internacao_prescricao.md";"1,69";".md";"2026-07-05 04:41";"True"
"D:\AtendimentoOfflineAlpha\engineering\canonical\md-columns\MD-internacao_registro_enfermagem.md";"2,1";".md";"2026-07-05 04:41";"True"
"D:\AtendimentoOfflineAlpha\engineering\canonical\md-columns\MD-internacao_turno_registro.md";"1,82";".md";"2026-07-05 04:41";"True"
"D:\AtendimentoOfflineAlpha\engineering\canonical\md-columns\MD-internacao.md";"2,46";".md";"2026-07-05 04:41";"True"
"D:\AtendimentoOfflineAlpha\engineering\canonical\md-columns\MD-kernel_authz_policy.md";"1,14";".md";"2026-07-05 04:41";"True"
"D:\AtendimentoOfflineAlpha\engineering\canonical\md-columns\MD-kernel_identity_trust_chain.md";"2,05";".md";"2026-07-05 04:41";"True"
"D:\AtendimentoOfflineAlpha\engineering\canonical\md-columns\MD-kernel_ledger.md";"1,27";".md";"2026-07-05 04:41";"True"
"D:\AtendimentoOfflineAlpha\engineering\canonical\md-columns\MD-kernel_runtime_evento.md";"1,28";".md";"2026-07-05 04:41";"True"
"D:\AtendimentoOfflineAlpha\engineering\canonical\md-columns\MD-kernel_runtime_heartbeat.md";"0,72";".md";"2026-07-05 04:41";"True"
"D:\AtendimentoOfflineAlpha\engineering\canonical\md-columns\MD-kernel_runtime_single_writer_lock.md";"0,76";".md";"2026-07-05 04:41";"True"
"D:\AtendimentoOfflineAlpha\engineering\canonical\md-columns\MD-kernel_single_writer_lock.md";"0,61";".md";"2026-07-05 04:41";"True"
"D:\AtendimentoOfflineAlpha\engineering\canonical\md-columns\MD-lab_amostra.md";"1,77";".md";"2026-07-05 04:41";"True"
"D:\AtendimentoOfflineAlpha\engineering\canonical\md-columns\MD-lab_evento.md";"0,66";".md";"2026-07-05 04:41";"True"
"D:\AtendimentoOfflineAlpha\engineering\canonical\md-columns\MD-lab_pedido.md";"0,89";".md";"2026-07-05 04:41";"True"
"D:\AtendimentoOfflineAlpha\engineering\canonical\md-columns\MD-lab_protocolo_interno.md";"0,9";".md";"2026-07-05 04:41";"True"
"D:\AtendimentoOfflineAlpha\engineering\canonical\md-columns\MD-lab_resultado.md";"0,95";".md";"2026-07-05 04:41";"True"
"D:\AtendimentoOfflineAlpha\engineering\canonical\md-columns\MD-laboratorio_protocolo_evento.md";"0,8";".md";"2026-07-05 04:41";"True"
"D:\AtendimentoOfflineAlpha\engineering\canonical\md-columns\MD-laboratorio_protocolo.md";"1,16";".md";"2026-07-05 04:41";"True"
"D:\AtendimentoOfflineAlpha\engineering\canonical\md-columns\MD-ledger_evento_sincronizacao_local.md";"1,6";".md";"2026-07-05 04:41";"True"
"D:\AtendimentoOfflineAlpha\engineering\canonical\md-columns\MD-ledger_evento_sincronizacao.md";"1,59";".md";"2026-07-05 04:41";"True"
"D:\AtendimentoOfflineAlpha\engineering\canonical\md-columns\MD-ledger_global_sincronismo.md";"1,76";".md";"2026-07-05 04:41";"True"
"D:\AtendimentoOfflineAlpha\engineering\canonical\md-columns\MD-leito.md";"0,82";".md";"2026-07-05 04:41";"True"
"D:\AtendimentoOfflineAlpha\engineering\canonical\md-columns\MD-local_capacidade.md";"0,58";".md";"2026-07-05 04:41";"True"
"D:\AtendimentoOfflineAlpha\engineering\canonical\md-columns\MD-local_dispositivo.md";"0,61";".md";"2026-07-05 04:41";"True"
"D:\AtendimentoOfflineAlpha\engineering\canonical\md-columns\MD-local_fila.md";"0,71";".md";"2026-07-05 04:41";"True"
"D:\AtendimentoOfflineAlpha\engineering\canonical\md-columns\MD-local_runtime.md";"0,66";".md";"2026-07-05 04:41";"True"
"D:\AtendimentoOfflineAlpha\engineering\canonical\md-columns\MD-local_turno.md";"0,46";".md";"2026-07-05 04:41";"True"
"D:\AtendimentoOfflineAlpha\engineering\canonical\md-columns\MD-local.md";"1,15";".md";"2026-07-05 04:41";"True"
"D:\AtendimentoOfflineAlpha\engineering\canonical\md-columns\MD-log_acesso_prontuario.md";"0,77";".md";"2026-07-05 04:41";"True"
"D:\AtendimentoOfflineAlpha\engineering\canonical\md-columns\MD-log_auditoria.md";"0,93";".md";"2026-07-05 04:41";"True"
"D:\AtendimentoOfflineAlpha\engineering\canonical\md-columns\MD-log_leitura_prontuario.md";"0,63";".md";"2026-07-05 04:41";"True"
"D:\AtendimentoOfflineAlpha\engineering\canonical\md-columns\MD-login_tentativa.md";"1,11";".md";"2026-07-05 04:41";"True"
"D:\AtendimentoOfflineAlpha\engineering\canonical\md-columns\MD-logradouro.md";"1,05";".md";"2026-07-05 04:41";"True"
"D:\AtendimentoOfflineAlpha\engineering\canonical\md-columns\MD-manutencao_execucao.md";"0,76";".md";"2026-07-05 04:41";"True"
"D:\AtendimentoOfflineAlpha\engineering\canonical\md-columns\MD-md_arquivo_fonte_evento.md";"1,19";".md";"2026-07-05 04:41";"True"
"D:\AtendimentoOfflineAlpha\engineering\canonical\md-columns\MD-md_arquivo_fonte.md";"1,4";".md";"2026-07-05 04:41";"True"
"D:\AtendimentoOfflineAlpha\engineering\canonical\md-columns\MD-md_cid10.md";"1,27";".md";"2026-07-05 04:41";"True"
"D:\AtendimentoOfflineAlpha\engineering\canonical\md-columns\MD-md_cnes_estabelecimento.md";"1,8";".md";"2026-07-05 04:41";"True"
"D:\AtendimentoOfflineAlpha\engineering\canonical\md-columns\MD-md_competencia.md";"0,7";".md";"2026-07-05 04:41";"True"
"D:\AtendimentoOfflineAlpha\engineering\canonical\md-columns\MD-md_sigpat_medicamento.md";"1,37";".md";"2026-07-05 04:41";"True"
"D:\AtendimentoOfflineAlpha\engineering\canonical\md-columns\MD-md_sigtap_procedimento.md";"1,25";".md";"2026-07-05 04:41";"True"
"D:\AtendimentoOfflineAlpha\engineering\canonical\md-columns\MD-medicacao_reavaliacao.md";"1,77";".md";"2026-07-05 04:41";"True"
"D:\AtendimentoOfflineAlpha\engineering\canonical\md-columns\MD-medico_especialidade.md";"0,79";".md";"2026-07-05 04:41";"True"
"D:\AtendimentoOfflineAlpha\engineering\canonical\md-columns\MD-medico.md";"0,89";".md";"2026-07-05 04:41";"True"
"D:\AtendimentoOfflineAlpha\engineering\canonical\md-columns\MD-notificacao_epidemiologica_evento.md";"1,17";".md";"2026-07-05 04:41";"True"
"D:\AtendimentoOfflineAlpha\engineering\canonical\md-columns\MD-notificacao_epidemiologica.md";"1,28";".md";"2026-07-05 04:41";"True"
"D:\AtendimentoOfflineAlpha\engineering\canonical\md-columns\MD-notificacao_violencia_evento.md";"1,23";".md";"2026-07-05 04:41";"True"
"D:\AtendimentoOfflineAlpha\engineering\canonical\md-columns\MD-notificacao_violencia.md";"1,71";".md";"2026-07-05 04:41";"True"
"D:\AtendimentoOfflineAlpha\engineering\canonical\md-columns\MD-nucleo_governanca_assistencial.md";"0,73";".md";"2026-07-05 04:41";"True"
"D:\AtendimentoOfflineAlpha\engineering\canonical\md-columns\MD-obito_evento.md";"0,94";".md";"2026-07-05 04:41";"True"
"D:\AtendimentoOfflineAlpha\engineering\canonical\md-columns\MD-obito.md";"1,33";".md";"2026-07-05 04:41";"True"
"D:\AtendimentoOfflineAlpha\engineering\canonical\md-columns\MD-observacoes_eventos.md";"1,22";".md";"2026-07-05 04:41";"True"
"D:\AtendimentoOfflineAlpha\engineering\canonical\md-columns\MD-operacao_idempotencia.md";"0,68";".md";"2026-07-05 04:41";"True"
"D:\AtendimentoOfflineAlpha\engineering\canonical\md-columns\MD-ordem_assistencial_aprazamento.md";"2,2";".md";"2026-07-05 04:41";"True"
"D:\AtendimentoOfflineAlpha\engineering\canonical\md-columns\MD-ordem_assistencial_execucao.md";"1,73";".md";"2026-07-05 04:41";"True"
"D:\AtendimentoOfflineAlpha\engineering\canonical\md-columns\MD-ordem_assistencial_item.md";"2,78";".md";"2026-07-05 04:41";"True"
"D:\AtendimentoOfflineAlpha\engineering\canonical\md-columns\MD-ordem_assistencial.md";"1,85";".md";"2026-07-05 04:41";"True"
"D:\AtendimentoOfflineAlpha\engineering\canonical\md-columns\MD-ordem_tipo_documento_config.md";"0,91";".md";"2026-07-05 04:41";"True"
"D:\AtendimentoOfflineAlpha\engineering\canonical\md-columns\MD-paciente_alertas.md";"0,83";".md";"2026-07-05 04:41";"True"
"D:\AtendimentoOfflineAlpha\engineering\canonical\md-columns\MD-paciente_canonico.md";"1,08";".md";"2026-07-05 04:41";"True"
"D:\AtendimentoOfflineAlpha\engineering\canonical\md-columns\MD-paciente_cns_evento.md";"0,74";".md";"2026-07-05 04:41";"True"
"D:\AtendimentoOfflineAlpha\engineering\canonical\md-columns\MD-paciente_cns.md";"1,01";".md";"2026-07-05 04:41";"True"
"D:\AtendimentoOfflineAlpha\engineering\canonical\md-columns\MD-paciente.md";"1,57";".md";"2026-07-05 04:41";"True"
"D:\AtendimentoOfflineAlpha\engineering\canonical\md-columns\MD-painel_alertas_tempo.md";"0,68";".md";"2026-07-05 04:41";"True"
"D:\AtendimentoOfflineAlpha\engineering\canonical\md-columns\MD-painel_config_def.md";"1,38";".md";"2026-07-05 04:41";"True"
"D:\AtendimentoOfflineAlpha\engineering\canonical\md-columns\MD-painel_config.md";"1,18";".md";"2026-07-05 04:41";"True"
"D:\AtendimentoOfflineAlpha\engineering\canonical\md-columns\MD-painel_consumo_evento.md";"0,9";".md";"2026-07-05 04:41";"True"
"D:\AtendimentoOfflineAlpha\engineering\canonical\md-columns\MD-painel_evento_stream.md";"0,9";".md";"2026-07-05 04:41";"True"
"D:\AtendimentoOfflineAlpha\engineering\canonical\md-columns\MD-painel_fila_tipo.md";"0,58";".md";"2026-07-05 04:41";"True"
"D:\AtendimentoOfflineAlpha\engineering\canonical\md-columns\MD-painel_grupo_local.md";"0,59";".md";"2026-07-05 04:41";"True"
"D:\AtendimentoOfflineAlpha\engineering\canonical\md-columns\MD-painel_grupo.md";"0,79";".md";"2026-07-05 04:41";"True"
"D:\AtendimentoOfflineAlpha\engineering\canonical\md-columns\MD-painel_lane.md";"0,55";".md";"2026-07-05 04:41";"True"
"D:\AtendimentoOfflineAlpha\engineering\canonical\md-columns\MD-painel_local.md";"0,71";".md";"2026-07-05 04:41";"True"
"D:\AtendimentoOfflineAlpha\engineering\canonical\md-columns\MD-painel_mensagem_consumo.md";"0,95";".md";"2026-07-05 04:41";"True"
"D:\AtendimentoOfflineAlpha\engineering\canonical\md-columns\MD-painel_mensagem.md";"1,19";".md";"2026-07-05 04:41";"True"
"D:\AtendimentoOfflineAlpha\engineering\canonical\md-columns\MD-painel_monitoramento_especialidade.md";"0,85";".md";"2026-07-05 04:41";"True"
"D:\AtendimentoOfflineAlpha\engineering\canonical\md-columns\MD-painel.md";"1,4";".md";"2026-07-05 04:41";"True"
"D:\AtendimentoOfflineAlpha\engineering\canonical\md-columns\MD-pdv_cliente.md";"0,64";".md";"2026-07-05 04:41";"True"
"D:\AtendimentoOfflineAlpha\engineering\canonical\md-columns\MD-pdv_pagamento.md";"0,85";".md";"2026-07-05 04:41";"True"
"D:\AtendimentoOfflineAlpha\engineering\canonical\md-columns\MD-pdv_venda_item.md";"1,19";".md";"2026-07-05 04:41";"True"
"D:\AtendimentoOfflineAlpha\engineering\canonical\md-columns\MD-pdv_venda.md";"1,61";".md";"2026-07-05 04:41";"True"
"D:\AtendimentoOfflineAlpha\engineering\canonical\md-columns\MD-pedido_medico_item.md";"1,45";".md";"2026-07-05 04:41";"True"
"D:\AtendimentoOfflineAlpha\engineering\canonical\md-columns\MD-pedido_medico.md";"0,93";".md";"2026-07-05 04:41";"True"
"D:\AtendimentoOfflineAlpha\engineering\canonical\md-columns\MD-pep_assinatura_digital.md";"0,72";".md";"2026-07-05 04:41";"True"
"D:\AtendimentoOfflineAlpha\engineering\canonical\md-columns\MD-pep_registro.md";"1,14";".md";"2026-07-05 04:41";"True"
"D:\AtendimentoOfflineAlpha\engineering\canonical\md-columns\MD-perfil_permissao.md";"0,89";".md";"2026-07-05 04:41";"True"
"D:\AtendimentoOfflineAlpha\engineering\canonical\md-columns\MD-perfil.md";"0,61";".md";"2026-07-05 04:41";"True"
"D:\AtendimentoOfflineAlpha\engineering\canonical\md-columns\MD-permissao.md";"0,92";".md";"2026-07-05 04:41";"True"
"D:\AtendimentoOfflineAlpha\engineering\canonical\md-columns\MD-pessoa_alergias.md";"0,85";".md";"2026-07-05 04:41";"True"
"D:\AtendimentoOfflineAlpha\engineering\canonical\md-columns\MD-pessoa_conselho_registro.md";"1,35";".md";"2026-07-05 04:41";"True"
"D:\AtendimentoOfflineAlpha\engineering\canonical\md-columns\MD-pessoa_contato.md";"0,77";".md";"2026-07-05 04:41";"True"
"D:\AtendimentoOfflineAlpha\engineering\canonical\md-columns\MD-pessoa_documento.md";"1,21";".md";"2026-07-05 04:41";"True"
"D:\AtendimentoOfflineAlpha\engineering\canonical\md-columns\MD-pessoa_email.md";"1,07";".md";"2026-07-05 04:41";"True"
"D:\AtendimentoOfflineAlpha\engineering\canonical\md-columns\MD-pessoa_endereco.md";"1,54";".md";"2026-07-05 04:41";"True"
"D:\AtendimentoOfflineAlpha\engineering\canonical\md-columns\MD-pessoa_identificador.md";"1,24";".md";"2026-07-05 04:41";"True"
"D:\AtendimentoOfflineAlpha\engineering\canonical\md-columns\MD-pessoa_logradouro.md";"0,96";".md";"2026-07-05 04:41";"True"
"D:\AtendimentoOfflineAlpha\engineering\canonical\md-columns\MD-pessoa_telefone.md";"1,07";".md";"2026-07-05 04:41";"True"
"D:\AtendimentoOfflineAlpha\engineering\canonical\md-columns\MD-pessoa_vinculo.md";"1,09";".md";"2026-07-05 04:41";"True"
"D:\AtendimentoOfflineAlpha\engineering\canonical\md-columns\MD-pessoa.md";"1,67";".md";"2026-07-05 04:41";"True"
"D:\AtendimentoOfflineAlpha\engineering\canonical\md-columns\MD-plantao_escala.md";"1,51";".md";"2026-07-05 04:41";"True"
"D:\AtendimentoOfflineAlpha\engineering\canonical\md-columns\MD-plantao_modelo.md";"0,68";".md";"2026-07-05 04:41";"True"
"D:\AtendimentoOfflineAlpha\engineering\canonical\md-columns\MD-plantao.md";"1,36";".md";"2026-07-05 04:41";"True"
"D:\AtendimentoOfflineAlpha\engineering\canonical\md-columns\MD-prescricao_checagem_dupla.md";"0,92";".md";"2026-07-05 04:41";"True"
"D:\AtendimentoOfflineAlpha\engineering\canonical\md-columns\MD-prescricao_checagem.md";"0,97";".md";"2026-07-05 04:41";"True"
"D:\AtendimentoOfflineAlpha\engineering\canonical\md-columns\MD-prescricao_continua.md";"0,87";".md";"2026-07-05 04:41";"True"
"D:\AtendimentoOfflineAlpha\engineering\canonical\md-columns\MD-prescricao_internacao.md";"1,07";".md";"2026-07-05 04:41";"True"
"D:\AtendimentoOfflineAlpha\engineering\canonical\md-columns\MD-prescricao_item.md";"1,23";".md";"2026-07-05 04:41";"True"
"D:\AtendimentoOfflineAlpha\engineering\canonical\md-columns\MD-prescricao_itens.md";"1,34";".md";"2026-07-05 04:41";"True"
"D:\AtendimentoOfflineAlpha\engineering\canonical\md-columns\MD-prescricao_kit_itens.md";"0,91";".md";"2026-07-05 04:41";"True"
"D:\AtendimentoOfflineAlpha\engineering\canonical\md-columns\MD-prescricao_kit_master.md";"0,62";".md";"2026-07-05 04:41";"True"
"D:\AtendimentoOfflineAlpha\engineering\canonical\md-columns\MD-prescricao_medica.md";"1,03";".md";"2026-07-05 04:41";"True"
"D:\AtendimentoOfflineAlpha\engineering\canonical\md-columns\MD-prescricao_medicacao.md";"0,96";".md";"2026-07-05 04:41";"True"
"D:\AtendimentoOfflineAlpha\engineering\canonical\md-columns\MD-prescricao.md";"0,91";".md";"2026-07-05 04:41";"True"
"D:\AtendimentoOfflineAlpha\engineering\canonical\md-columns\MD-prescritor_externo.md";"1,21";".md";"2026-07-05 04:41";"True"
"D:\AtendimentoOfflineAlpha\engineering\canonical\md-columns\MD-prioridade_social.md";"0,66";".md";"2026-07-05 04:41";"True"
"D:\AtendimentoOfflineAlpha\engineering\canonical\md-columns\MD-procedimento_protocolo_evento.md";"1,18";".md";"2026-07-05 04:41";"True"
"D:\AtendimentoOfflineAlpha\engineering\canonical\md-columns\MD-procedimento_protocolo_resultado.md";"1,44";".md";"2026-07-05 04:41";"True"
"D:\AtendimentoOfflineAlpha\engineering\canonical\md-columns\MD-procedimento_protocolo.md";"1,54";".md";"2026-07-05 04:41";"True"
"D:\AtendimentoOfflineAlpha\engineering\canonical\md-columns\MD-procedimentos_sigtap.md";"0,61";".md";"2026-07-05 04:41";"True"
"D:\AtendimentoOfflineAlpha\engineering\canonical\md-columns\MD-produtividade_evento.md";"1,11";".md";"2026-07-05 04:41";"True"
"D:\AtendimentoOfflineAlpha\engineering\canonical\md-columns\MD-produto.md";"0,83";".md";"2026-07-05 04:41";"True"
"D:\AtendimentoOfflineAlpha\engineering\canonical\md-columns\MD-profissional_registro.md";"0,98";".md";"2026-07-05 04:41";"True"
"D:\AtendimentoOfflineAlpha\engineering\canonical\md-columns\MD-prontuario_evolucao.md";"0,88";".md";"2026-07-05 04:41";"True"
"D:\AtendimentoOfflineAlpha\engineering\canonical\md-columns\MD-protocolo_assistencial_global.md";"1,39";".md";"2026-07-05 04:41";"True"
"D:\AtendimentoOfflineAlpha\engineering\canonical\md-columns\MD-protocolo_emissao.md";"1,64";".md";"2026-07-05 04:41";"True"
"D:\AtendimentoOfflineAlpha\engineering\canonical\md-columns\MD-protocolo_sequencia.md";"0,64";".md";"2026-07-05 04:41";"True"
"D:\AtendimentoOfflineAlpha\engineering\canonical\md-columns\MD-qualidade_eventos_adversos.md";"0,86";".md";"2026-07-05 04:41";"True"
"D:\AtendimentoOfflineAlpha\engineering\canonical\md-columns\MD-reabertura_atendimento.md";"1,09";".md";"2026-07-05 04:41";"True"
"D:\AtendimentoOfflineAlpha\engineering\canonical\md-columns\MD-reg_anexo.md";"1,17";".md";"2026-07-05 04:41";"True"
"D:\AtendimentoOfflineAlpha\engineering\canonical\md-columns\MD-reg_auditoria_acesso_sensivel.md";"1,19";".md";"2026-07-05 04:41";"True"
"D:\AtendimentoOfflineAlpha\engineering\canonical\md-columns\MD-reg_export_arquivo.md";"0,99";".md";"2026-07-05 04:41";"True"
"D:\AtendimentoOfflineAlpha\engineering\canonical\md-columns\MD-reg_export_erro_validacao.md";"1,15";".md";"2026-07-05 04:41";"True"
"D:\AtendimentoOfflineAlpha\engineering\canonical\md-columns\MD-reg_export_item.md";"1,24";".md";"2026-07-05 04:41";"True"
"D:\AtendimentoOfflineAlpha\engineering\canonical\md-columns\MD-reg_export_lote.md";"1,88";".md";"2026-07-05 04:41";"True"
"D:\AtendimentoOfflineAlpha\engineering\canonical\md-columns\MD-reg_formulario_snapshot.md";"1,52";".md";"2026-07-05 04:41";"True"
"D:\AtendimentoOfflineAlpha\engineering\canonical\md-columns\MD-regra_timeout.md";"0,53";".md";"2026-07-05 04:41";"True"
"D:\AtendimentoOfflineAlpha\engineering\canonical\md-columns\MD-regulacao_evento.md";"1,12";".md";"2026-07-05 04:41";"True"
"D:\AtendimentoOfflineAlpha\engineering\canonical\md-columns\MD-remocao_evento.md";"0,81";".md";"2026-07-05 04:41";"True"
"D:\AtendimentoOfflineAlpha\engineering\canonical\md-columns\MD-remocao_logistica.md";"0,82";".md";"2026-07-05 04:41";"True"
"D:\AtendimentoOfflineAlpha\engineering\canonical\md-columns\MD-remocao.md";"1,53";".md";"2026-07-05 04:41";"True"
"D:\AtendimentoOfflineAlpha\engineering\canonical\md-columns\MD-retorno_atendimento.md";"1,16";".md";"2026-07-05 04:41";"True"
"D:\AtendimentoOfflineAlpha\engineering\canonical\md-columns\MD-retry_semantico_controle.md";"0,86";".md";"2026-07-05 04:41";"True"
"D:\AtendimentoOfflineAlpha\engineering\canonical\md-columns\MD-rh_evento.md";"0,78";".md";"2026-07-05 04:41";"True"
"D:\AtendimentoOfflineAlpha\engineering\canonical\md-columns\MD-rh_pessoa_vinculo.md";"1,45";".md";"2026-07-05 04:41";"True"
"D:\AtendimentoOfflineAlpha\engineering\canonical\md-columns\MD-rh_registro_profissional.md";"1,18";".md";"2026-07-05 04:41";"True"
"D:\AtendimentoOfflineAlpha\engineering\canonical\md-columns\MD-runtime_api_session_token.md";"1,12";".md";"2026-07-05 04:41";"True"
"D:\AtendimentoOfflineAlpha\engineering\canonical\md-columns\MD-runtime_concurrency_guard.md";"0,98";".md";"2026-07-05 04:41";"True"
"D:\AtendimentoOfflineAlpha\engineering\canonical\md-columns\MD-runtime_contexto.md";"1,28";".md";"2026-07-05 04:41";"True"
"D:\AtendimentoOfflineAlpha\engineering\canonical\md-columns\MD-runtime_dispositivo.md";"1,26";".md";"2026-07-05 04:41";"True"
"D:\AtendimentoOfflineAlpha\engineering\canonical\md-columns\MD-runtime_edge_evento.md";"1,45";".md";"2026-07-05 04:41";"True"
"D:\AtendimentoOfflineAlpha\engineering\canonical\md-columns\MD-runtime_estado_sobrevivencia.md";"0,9";".md";"2026-07-05 04:41";"True"
"D:\AtendimentoOfflineAlpha\engineering\canonical\md-columns\MD-runtime_evento_provisional.md";"1,08";".md";"2026-07-05 04:41";"True"
"D:\AtendimentoOfflineAlpha\engineering\canonical\md-columns\MD-runtime_execution_queue.md";"1,4";".md";"2026-07-05 04:41";"True"
"D:\AtendimentoOfflineAlpha\engineering\canonical\md-columns\MD-runtime_invariant_log.md";"1,16";".md";"2026-07-05 04:41";"True"
"D:\AtendimentoOfflineAlpha\engineering\canonical\md-columns\MD-runtime_kernel_locks.md";"0,6";".md";"2026-07-05 04:41";"True"
"D:\AtendimentoOfflineAlpha\engineering\canonical\md-columns\MD-runtime_lock_semantico.md";"0,79";".md";"2026-07-05 04:41";"True"
"D:\AtendimentoOfflineAlpha\engineering\canonical\md-columns\MD-runtime_snapshot_governanca.md";"0,9";".md";"2026-07-05 04:41";"True"
"D:\AtendimentoOfflineAlpha\engineering\canonical\md-columns\MD-runtime_snapshot_metadata.md";"0,96";".md";"2026-07-05 04:41";"True"
"D:\AtendimentoOfflineAlpha\engineering\canonical\md-columns\MD-runtime_sync_log.md";"1,08";".md";"2026-07-05 04:41";"True"
"D:\AtendimentoOfflineAlpha\engineering\canonical\md-columns\MD-runtime_sync_queue.md";"0,64";".md";"2026-07-05 04:41";"True"
"D:\AtendimentoOfflineAlpha\engineering\canonical\md-columns\MD-saas_contrato.md";"0,79";".md";"2026-07-05 04:41";"True"
"D:\AtendimentoOfflineAlpha\engineering\canonical\md-columns\MD-saas_entidade.md";"0,68";".md";"2026-07-05 04:41";"True"
"D:\AtendimentoOfflineAlpha\engineering\canonical\md-columns\MD-sala_notificacao_evento.md";"1,13";".md";"2026-07-05 04:41";"True"
"D:\AtendimentoOfflineAlpha\engineering\canonical\md-columns\MD-sala_notificacao.md";"1,15";".md";"2026-07-05 04:41";"True"
"D:\AtendimentoOfflineAlpha\engineering\canonical\md-columns\MD-schema_patch_execucao.md";"0,81";".md";"2026-07-05 04:41";"True"
"D:\AtendimentoOfflineAlpha\engineering\canonical\md-columns\MD-senha_eventos.md";"0,82";".md";"2026-07-05 04:41";"True"
"D:\AtendimentoOfflineAlpha\engineering\canonical\md-columns\MD-senha_sequencia.md";"0,72";".md";"2026-07-05 04:41";"True"
"D:\AtendimentoOfflineAlpha\engineering\canonical\md-columns\MD-senha_status.md";"0,59";".md";"2026-07-05 04:41";"True"
"D:\AtendimentoOfflineAlpha\engineering\canonical\md-columns\MD-senha_transicao_matriz.md";"0,96";".md";"2026-07-05 04:41";"True"
"D:\AtendimentoOfflineAlpha\engineering\canonical\md-columns\MD-senha.md";"1,72";".md";"2026-07-05 04:41";"True"
"D:\AtendimentoOfflineAlpha\engineering\canonical\md-columns\MD-servico_agendamento.md";"1,57";".md";"2026-07-05 04:41";"True"
"D:\AtendimentoOfflineAlpha\engineering\canonical\md-columns\MD-sessao_ativa.md";"0,67";".md";"2026-07-05 04:41";"True"
"D:\AtendimentoOfflineAlpha\engineering\canonical\md-columns\MD-sessao_contexto_historico.md";"1,79";".md";"2026-07-05 04:41";"True"
"D:\AtendimentoOfflineAlpha\engineering\canonical\md-columns\MD-sessao_evento.md";"1,08";".md";"2026-07-05 04:41";"True"
"D:\AtendimentoOfflineAlpha\engineering\canonical\md-columns\MD-sessao_usuario.md";"2,72";".md";"2026-07-05 04:41";"True"
"D:\AtendimentoOfflineAlpha\engineering\canonical\md-columns\MD-setor.md";"0,94";".md";"2026-07-05 04:41";"True"
"D:\AtendimentoOfflineAlpha\engineering\canonical\md-columns\MD-sigpat_procedimento.md";"1,21";".md";"2026-07-05 04:41";"True"
"D:\AtendimentoOfflineAlpha\engineering\canonical\md-columns\MD-sinais_vitais.md";"0,82";".md";"2026-07-05 04:41";"True"
"D:\AtendimentoOfflineAlpha\engineering\canonical\md-columns\MD-sinan_evento.md";"0,68";".md";"2026-07-05 04:41";"True"
"D:\AtendimentoOfflineAlpha\engineering\canonical\md-columns\MD-sinan_notificacao.md";"0,91";".md";"2026-07-05 04:41";"True"
"D:\AtendimentoOfflineAlpha\engineering\canonical\md-columns\MD-sincronizacao_federada_evento.md";"0,85";".md";"2026-07-05 04:41";"True"
"D:\AtendimentoOfflineAlpha\engineering\canonical\md-columns\MD-sistema.md";"0,5";".md";"2026-07-05 04:41";"True"
"D:\AtendimentoOfflineAlpha\engineering\canonical\md-columns\MD-solicitacao_exame.md";"1,04";".md";"2026-07-05 04:41";"True"
"D:\AtendimentoOfflineAlpha\engineering\canonical\md-columns\MD-status_timeout.md";"0,76";".md";"2026-07-05 04:41";"True"
"D:\AtendimentoOfflineAlpha\engineering\canonical\md-columns\MD-sus_cid10_competencia.md";"0,72";".md";"2026-07-05 04:41";"True"
"D:\AtendimentoOfflineAlpha\engineering\canonical\md-columns\MD-sus_cnes_estabelecimento.md";"0,85";".md";"2026-07-05 04:41";"True"
"D:\AtendimentoOfflineAlpha\engineering\canonical\md-columns\MD-sus_competencia.md";"0,64";".md";"2026-07-05 04:41";"True"
"D:\AtendimentoOfflineAlpha\engineering\canonical\md-columns\MD-sus_sigtap_procedimento.md";"1,29";".md";"2026-07-05 04:41";"True"
"D:\AtendimentoOfflineAlpha\engineering\canonical\md-columns\MD-tabela_tuss.md";"0,61";".md";"2026-07-05 04:41";"True"
"D:\AtendimentoOfflineAlpha\engineering\canonical\md-columns\MD-tenant_registry.md";"1,05";".md";"2026-07-05 04:41";"True"
"D:\AtendimentoOfflineAlpha\engineering\canonical\md-columns\MD-tipo_local.md";"0,7";".md";"2026-07-05 04:41";"True"
"D:\AtendimentoOfflineAlpha\engineering\canonical\md-columns\MD-tipo_sala.md";"0,6";".md";"2026-07-05 04:41";"True"
"D:\AtendimentoOfflineAlpha\engineering\canonical\md-columns\MD-tombstone_evento_assistencial.md";"0,78";".md";"2026-07-05 04:41";"True"
"D:\AtendimentoOfflineAlpha\engineering\canonical\md-columns\MD-totem_evento.md";"0,79";".md";"2026-07-05 04:41";"True"
"D:\AtendimentoOfflineAlpha\engineering\canonical\md-columns\MD-totem_feedback.md";"0,72";".md";"2026-07-05 04:41";"True"
"D:\AtendimentoOfflineAlpha\engineering\canonical\md-columns\MD-totem_senha_opcao.md";"1,21";".md";"2026-07-05 04:41";"True"
"D:\AtendimentoOfflineAlpha\engineering\canonical\md-columns\MD-totem.md";"0,75";".md";"2026-07-05 04:41";"True"
"D:\AtendimentoOfflineAlpha\engineering\canonical\md-columns\MD-transporte_ambulancia_evento.md";"0,98";".md";"2026-07-05 04:41";"True"
"D:\AtendimentoOfflineAlpha\engineering\canonical\md-columns\MD-transporte_ambulancia.md";"0,91";".md";"2026-07-05 04:41";"True"
"D:\AtendimentoOfflineAlpha\engineering\canonical\md-columns\MD-triagem.md";"1,31";".md";"2026-07-05 04:41";"True"
"D:\AtendimentoOfflineAlpha\engineering\canonical\md-columns\MD-tv_rotativo_tela.md";"0,93";".md";"2026-07-05 04:41";"True"
"D:\AtendimentoOfflineAlpha\engineering\canonical\md-columns\MD-tv_rotativo.md";"0,94";".md";"2026-07-05 04:41";"True"
"D:\AtendimentoOfflineAlpha\engineering\canonical\md-columns\MD-unidade.md";"0,82";".md";"2026-07-05 04:41";"True"
"D:\AtendimentoOfflineAlpha\engineering\canonical\md-columns\MD-usuario_alocacao.md";"0,97";".md";"2026-07-05 04:41";"True"
"D:\AtendimentoOfflineAlpha\engineering\canonical\md-columns\MD-usuario_contexto.md";"1,28";".md";"2026-07-05 04:41";"True"
"D:\AtendimentoOfflineAlpha\engineering\canonical\md-columns\MD-usuario_historico_senha.md";"0,75";".md";"2026-07-05 04:41";"True"
"D:\AtendimentoOfflineAlpha\engineering\canonical\md-columns\MD-usuario_local.md";"0,97";".md";"2026-07-05 04:41";"True"
"D:\AtendimentoOfflineAlpha\engineering\canonical\md-columns\MD-usuario_log_acesso.md";"0,88";".md";"2026-07-05 04:41";"True"
"D:\AtendimentoOfflineAlpha\engineering\canonical\md-columns\MD-usuario_perfil.md";"0,97";".md";"2026-07-05 04:41";"True"
"D:\AtendimentoOfflineAlpha\engineering\canonical\md-columns\MD-usuario_profissional_registro.md";"0,9";".md";"2026-07-05 04:41";"True"
"D:\AtendimentoOfflineAlpha\engineering\canonical\md-columns\MD-usuario_refresh_token.md";"0,78";".md";"2026-07-05 04:41";"True"
"D:\AtendimentoOfflineAlpha\engineering\canonical\md-columns\MD-usuario_refresh.md";"1,12";".md";"2026-07-05 04:41";"True"
"D:\AtendimentoOfflineAlpha\engineering\canonical\md-columns\MD-usuario_reset_senha.md";"0,91";".md";"2026-07-05 04:41";"True"
"D:\AtendimentoOfflineAlpha\engineering\canonical\md-columns\MD-usuario_sala.md";"1,01";".md";"2026-07-05 04:41";"True"
"D:\AtendimentoOfflineAlpha\engineering\canonical\md-columns\MD-usuario_senha_historico.md";"1,33";".md";"2026-07-05 04:41";"True"
"D:\AtendimentoOfflineAlpha\engineering\canonical\md-columns\MD-usuario_senha_reset.md";"1,3";".md";"2026-07-05 04:41";"True"
"D:\AtendimentoOfflineAlpha\engineering\canonical\md-columns\MD-usuario_setor.md";"0,7";".md";"2026-07-05 04:41";"True"
"D:\AtendimentoOfflineAlpha\engineering\canonical\md-columns\MD-usuario_sistema_acl_evento.md";"0,82";".md";"2026-07-05 04:41";"True"
"D:\AtendimentoOfflineAlpha\engineering\canonical\md-columns\MD-usuario_sistema.md";"1,04";".md";"2026-07-05 04:41";"True"
"D:\AtendimentoOfflineAlpha\engineering\canonical\md-columns\MD-usuario_unidade.md";"1,13";".md";"2026-07-05 04:41";"True"
"D:\AtendimentoOfflineAlpha\engineering\canonical\md-columns\MD-usuario.md";"1,08";".md";"2026-07-05 04:41";"True"
"D:\AtendimentoOfflineAlpha\engineering\canonical\md-columns\MD-venda_evento.md";"0,71";".md";"2026-07-05 04:41";"True"
"D:\AtendimentoOfflineAlpha\engineering\canonical\md-columns\MD-venda_item.md";"1,13";".md";"2026-07-05 04:41";"True"
"D:\AtendimentoOfflineAlpha\engineering\canonical\md-columns\MD-venda_pagamento.md";"0,84";".md";"2026-07-05 04:41";"True"
"D:\AtendimentoOfflineAlpha\engineering\canonical\md-columns\MD-venda.md";"1,36";".md";"2026-07-05 04:41";"True"
"D:\AtendimentoOfflineAlpha\engineering\canonical\md-columns\MD-viatura.md";"0,72";".md";"2026-07-05 04:41";"True"
"D:\AtendimentoOfflineAlpha\engineering\canonical\md-columns\MD-workflow_ffa_evento.md";"2,95";".md";"2026-07-05 04:41";"True"
"D:\AtendimentoOfflineAlpha\engineering\contracts\sp-contracts\sp_existing.json";"3,5";".json";"2026-07-04 23:52";"True"
"D:\AtendimentoOfflineAlpha\engineering\contracts\sp-contracts\sp_missing.json";"2,39";".json";"2026-07-04 23:52";"True"
"D:\AtendimentoOfflineAlpha\engineering\coverage\domain-coverage.md";"0,87";".md";"2026-07-04 23:52";"True"
"D:\AtendimentoOfflineAlpha\engineering\inventory\constraints.json";"0,07";".json";"2026-07-04 23:52";"True"
"D:\AtendimentoOfflineAlpha\engineering\inventory\domains.json";"0,23";".json";"2026-07-04 23:52";"True"
"D:\AtendimentoOfflineAlpha\engineering\inventory\events.json";"0,07";".json";"2026-07-04 23:52";"True"
"D:\AtendimentoOfflineAlpha\engineering\inventory\foreign-keys.json";"0,07";".json";"2026-07-04 23:52";"True"
"D:\AtendimentoOfflineAlpha\engineering\inventory\functions.json";"0,07";".json";"2026-07-04 23:52";"True"
"D:\AtendimentoOfflineAlpha\engineering\inventory\indexes.json";"0,07";".json";"2026-07-04 23:52";"True"
"D:\AtendimentoOfflineAlpha\engineering\inventory\procedures-list.txt";"0,66";".txt";"2026-07-04 23:52";"True"
"D:\AtendimentoOfflineAlpha\engineering\inventory\procedures.json";"2,18";".json";"2026-07-04 23:52";"True"
"D:\AtendimentoOfflineAlpha\engineering\inventory\tables-list.txt";"9,44";".txt";"2026-07-04 23:52";"True"
"D:\AtendimentoOfflineAlpha\engineering\inventory\tables.json";"87,13";".json";"2026-07-04 23:52";"True"
"D:\AtendimentoOfflineAlpha\engineering\inventory\triggers.json";"0,07";".json";"2026-07-04 23:52";"True"
"D:\AtendimentoOfflineAlpha\engineering\inventory\views.json";"0,07";".json";"2026-07-04 23:52";"True"
"D:\AtendimentoOfflineAlpha\engineering\kilo\BR-COMPLETION-ENGINE.js";"0,73";".js";"2026-07-05 00:52";"True"
"D:\AtendimentoOfflineAlpha\engineering\kilo\COMMAND-REFERENCE.md";"0,76";".md";"2026-07-04 23:52";"True"
"D:\AtendimentoOfflineAlpha\engineering\kilo\compile-masters.js";"1,29";".js";"2026-07-04 23:02";"True"
"D:\AtendimentoOfflineAlpha\engineering\kilo\DTO-GENERATOR.js";"2,1";".js";"2026-07-05 04:46";"True"
"D:\AtendimentoOfflineAlpha\engineering\kilo\FRONT-GENERATION-ENGINE.js";"1,08";".js";"2026-07-05 00:57";"True"
"D:\AtendimentoOfflineAlpha\engineering\kilo\FRONT-PROCEDURE-MATRIX-GENERATOR.js";"2,15";".js";"2026-07-05 04:45";"True"
"D:\AtendimentoOfflineAlpha\engineering\kilo\generate-masters.js";"1,86";".js";"2026-07-04 23:04";"True"
"D:\AtendimentoOfflineAlpha\engineering\kilo\INTEGRATION.md";"1,64";".md";"2026-07-04 23:52";"True"
"D:\AtendimentoOfflineAlpha\engineering\kilo\kilo-engine-v8.js";"15,78";".js";"2026-07-05 04:57";"True"
"D:\AtendimentoOfflineAlpha\engineering\kilo\kilo-engine-v8.ps1";"21,42";".ps1";"2026-07-05 04:47";"True"
"D:\AtendimentoOfflineAlpha\engineering\kilo\MASTER-COMPILER.md";"2,72";".md";"2026-07-04 23:02";"True"
"D:\AtendimentoOfflineAlpha\engineering\kilo\MD-COLUMNS-GENERATOR.js";"1,75";".js";"2026-07-05 04:40";"True"
"D:\AtendimentoOfflineAlpha\engineering\kilo\MD-COMPLETION-ENGINE.js";"1,75";".js";"2026-07-04 23:45";"True"
"D:\AtendimentoOfflineAlpha\engineering\kilo\MD-EXPANSION-ENGINE.js";"1,95";".js";"2026-07-04 23:59";"True"
"D:\AtendimentoOfflineAlpha\engineering\kilo\SPRINT-2-README.md";"0,5";".md";"2026-07-04 22:46";"True"
"D:\AtendimentoOfflineAlpha\engineering\kilo\STATUS.md";"1,03";".md";"2026-07-05 02:01";"True"
"D:\AtendimentoOfflineAlpha\engineering\kilo\v7-ARCHITECTURE-RECONSTRUCTION.md";"0,4";".md";"2026-07-04 22:43";"True"
"D:\AtendimentoOfflineAlpha\engineering\kilo\cache\metadata-index.json";"1,32";".json";"2026-07-04 23:52";"True"
"D:\AtendimentoOfflineAlpha\engineering\kilo\database\database-inventory.md";"1,78";".md";"2026-07-04 23:52";"True"
"D:\AtendimentoOfflineAlpha\engineering\kilo\engine\index.ts";"16,06";".ts";"2026-07-05 03:42";"True"
"D:\AtendimentoOfflineAlpha\engineering\kilo\generated\generation-engine.md";"2,71";".md";"2026-07-04 23:52";"True"
"D:\AtendimentoOfflineAlpha\engineering\kilo\impact\impact-engine.md";"2,02";".md";"2026-07-04 23:52";"True"
"D:\AtendimentoOfflineAlpha\engineering\kilo\knowledge-engine\build-mapping.js";"1,04";".js";"2026-07-04 22:34";"True"
"D:\AtendimentoOfflineAlpha\engineering\kilo\knowledge-engine\extract-calls.js";"1,01";".js";"2026-07-04 23:52";"True"
"D:\AtendimentoOfflineAlpha\engineering\kilo\knowledge-engine\generate-inventory.ps1";"0,9";".ps1";"2026-07-04 23:52";"True"
"D:\AtendimentoOfflineAlpha\engineering\kilo\knowledge-engine\loader.ps1";"1,9";".ps1";"2026-07-04 23:52";"True"
"D:\AtendimentoOfflineAlpha\engineering\kilo\knowledge-engine\parse-tables.ps1";"1,55";".ps1";"2026-07-04 23:52";"True"
"D:\AtendimentoOfflineAlpha\engineering\kilo\knowledge-engine\README.md";"1,19";".md";"2026-07-04 23:52";"True"
"D:\AtendimentoOfflineAlpha\engineering\kilo\knowledge-engine\reclassify.js";"2,18";".js";"2026-07-04 23:52";"True"
"D:\AtendimentoOfflineAlpha\engineering\kilo\knowledge-engine\reclassify.ps1";"1,72";".ps1";"2026-07-04 23:52";"True"
"D:\AtendimentoOfflineAlpha\engineering\kilo\knowledge-engine\reclassify2.js";"2,63";".js";"2026-07-04 23:52";"True"
"D:\AtendimentoOfflineAlpha\engineering\kilo\knowledge-engine\reclassify3.js";"1,43";".js";"2026-07-04 23:52";"True"
"D:\AtendimentoOfflineAlpha\engineering\kilo\knowledge-engine\synchronizer.ps1";"1,08";".ps1";"2026-07-04 23:52";"True"
"D:\AtendimentoOfflineAlpha\engineering\kilo\knowledge-graph\knowledge.graph";"1,59";".graph";"2026-07-04 23:52";"True"
"D:\AtendimentoOfflineAlpha\engineering\kilo\md\MD-001-identity.sql";"2,02";".sql";"2026-07-04 23:52";"True"
"D:\AtendimentoOfflineAlpha\engineering\kilo\md\MD-002-senha-fila.sql";"2,75";".sql";"2026-07-04 23:52";"True"
"D:\AtendimentoOfflineAlpha\engineering\kilo\md\MD-003-ffa.sql";"2,83";".sql";"2026-07-04 23:52";"True"
"D:\AtendimentoOfflineAlpha\engineering\kilo\md\MD-004-atendimento.sql";"2,26";".sql";"2026-07-04 23:52";"True"
"D:\AtendimentoOfflineAlpha\engineering\kilo\md\MD-005-farmacia.sql";"3,15";".sql";"2026-07-04 23:52";"True"
"D:\AtendimentoOfflineAlpha\engineering\kilo\md\MD-006-events.sql";"2,97";".sql";"2026-07-04 23:52";"True"
"D:\AtendimentoOfflineAlpha\engineering\kilo\reports\executive-summary.md";"1,65";".md";"2026-07-04 23:52";"True"
"D:\AtendimentoOfflineAlpha\engineering\kilo\reports\audit\call-graph.md";"1,13";".md";"2026-07-04 23:52";"True"
"D:\AtendimentoOfflineAlpha\engineering\kilo\reports\audit\drift_report_v6.md";"1,81";".md";"2026-07-04 23:52";"True"
"D:\AtendimentoOfflineAlpha\engineering\kilo\reports\audit\drift-analysis.md";"1,38";".md";"2026-07-04 23:52";"True"
"D:\AtendimentoOfflineAlpha\engineering\kilo\roadmap\implementation-plan.md";"1,37";".md";"2026-07-04 23:52";"True"
"D:\AtendimentoOfflineAlpha\engineering\kilo\snapshots\baseline-v8\kilo-api-endpoints.json";"4,13";".json";"2026-07-05 04:58";"True"
"D:\AtendimentoOfflineAlpha\engineering\kilo\snapshots\baseline-v8\kilo-callgraph.json";"0,24";".json";"2026-07-05 04:58";"True"
"D:\AtendimentoOfflineAlpha\engineering\kilo\snapshots\baseline-v8\kilo-domain-map.json";"13,86";".json";"2026-07-05 04:58";"True"
"D:\AtendimentoOfflineAlpha\engineering\kilo\snapshots\baseline-v8\kilo-fk-map.json";"30,69";".json";"2026-07-05 04:58";"True"
"D:\AtendimentoOfflineAlpha\engineering\kilo\snapshots\baseline-v8\kilo-frontend-contracts.json";"3,87";".json";"2026-07-05 04:58";"True"
"D:\AtendimentoOfflineAlpha\engineering\kilo\snapshots\baseline-v8\kilo-frontend-summary.md";"1,74";".md";"2026-07-05 04:58";"True"
"D:\AtendimentoOfflineAlpha\engineering\kilo\snapshots\baseline-v8\kilo-functions-catalog.json";"0";".json";"2026-07-05 04:58";"True"
"D:\AtendimentoOfflineAlpha\engineering\kilo\snapshots\baseline-v8\kilo-inventory.txt";"14,58";".txt";"2026-07-05 04:58";"True"
"D:\AtendimentoOfflineAlpha\engineering\kilo\snapshots\baseline-v8\kilo-module-map.json";"1,47";".json";"2026-07-05 04:58";"True"
"D:\AtendimentoOfflineAlpha\engineering\kilo\snapshots\baseline-v8\kilo-procedures-catalog.json";"4,16";".json";"2026-07-05 04:58";"True"
"D:\AtendimentoOfflineAlpha\engineering\kilo\snapshots\baseline-v8\kilo-relationships.txt";"1,81";".txt";"2026-07-05 04:58";"True"
"D:\AtendimentoOfflineAlpha\engineering\kilo\snapshots\baseline-v8\kilo-sp-dependencies.json";"0,42";".json";"2026-07-05 04:58";"True"
"D:\AtendimentoOfflineAlpha\engineering\kilo\snapshots\baseline-v8\kilo-table-dependencies.json";"38,2";".json";"2026-07-05 04:58";"True"
"D:\AtendimentoOfflineAlpha\engineering\kilo\snapshots\baseline-v8\kilo-tables-by-domain.json";"12,42";".json";"2026-07-05 04:58";"True"
"D:\AtendimentoOfflineAlpha\engineering\kilo\snapshots\baseline-v8\kilo-ui-map.json";"1,36";".json";"2026-07-05 04:58";"True"
"D:\AtendimentoOfflineAlpha\engineering\kilo\snapshots\baseline-v8\kilo-views.json";"0";".json";"2026-07-05 04:58";"True"
"D:\AtendimentoOfflineAlpha\engineering\kilo\templates\BR-TEMPLATE.md";"0,28";".md";"2026-07-04 23:52";"True"
"D:\AtendimentoOfflineAlpha\engineering\kilo\templates\MD-TEMPLATE.md";"0,32";".md";"2026-07-04 23:52";"True"
"D:\AtendimentoOfflineAlpha\engineering\kilo\templates\SPC-TEMPLATE.json";"0,4";".json";"2026-07-04 23:52";"True"
"D:\AtendimentoOfflineAlpha\engineering\kilo\v7-modules\drift-engine.js";"0,9";".js";"2026-07-04 22:43";"True"
"D:\AtendimentoOfflineAlpha\engineering\kilo\v7-modules\extract-fks.js";"1,65";".js";"2026-07-04 22:50";"True"
"D:\AtendimentoOfflineAlpha\engineering\kilo\v7-modules\impact-analyzer.js";"1";".js";"2026-07-04 23:09";"True"
"D:\AtendimentoOfflineAlpha\engineering\kilo\v7-modules\knowledge-graph.js";"1,93";".js";"2026-07-04 23:08";"True"
"D:\AtendimentoOfflineAlpha\engineering\kilo\v7-modules\md-generator-mapped.js";"0,94";".js";"2026-07-04 22:45";"True"
"D:\AtendimentoOfflineAlpha\engineering\kilo\v7-modules\md-generator.js";"1";".js";"2026-07-04 22:45";"True"
"D:\AtendimentoOfflineAlpha\engineering\kilo\v7-modules\relationship-matrix.js";"0,93";".js";"2026-07-04 22:51";"True"
"D:\AtendimentoOfflineAlpha\engineering\kilo\v7-modules\rule-engine.js";"1,45";".js";"2026-07-04 23:19";"True"
"D:\AtendimentoOfflineAlpha\engineering\metadata\call-graph.json";"10,12";".json";"2026-07-04 23:52";"True"
"D:\AtendimentoOfflineAlpha\engineering\metadata\canonical-mapping-index.md";"2";".md";"2026-07-04 23:52";"True"
"D:\AtendimentoOfflineAlpha\engineering\metadata\dependency-graph.json";"92,31";".json";"2026-07-04 22:50";"True"
"D:\AtendimentoOfflineAlpha\engineering\metadata\domain-mapping.md";"1,22";".md";"2026-07-04 22:53";"True"
"D:\AtendimentoOfflineAlpha\engineering\metadata\drift.json";"16,65";".json";"2026-07-04 22:44";"True"
"D:\AtendimentoOfflineAlpha\engineering\metadata\event-graph.json";"0,28";".json";"2026-07-04 23:53";"True"
"D:\AtendimentoOfflineAlpha\engineering\metadata\event-graph.md";"1,08";".md";"2026-07-04 22:59";"True"
"D:\AtendimentoOfflineAlpha\engineering\metadata\impact-analysis.json";"134,09";".json";"2026-07-04 23:11";"True"
"D:\AtendimentoOfflineAlpha\engineering\metadata\md-mapping-index.md";"0,88";".md";"2026-07-04 23:53";"True"
"D:\AtendimentoOfflineAlpha\engineering\metadata\orphan-analysis.md";"0,73";".md";"2026-07-04 22:51";"True"
"D:\AtendimentoOfflineAlpha\engineering\metadata\reclassification-report.md";"0,71";".md";"2026-07-04 23:53";"True"
"D:\AtendimentoOfflineAlpha\engineering\metadata\relationship-matrix.json";"96,11";".json";"2026-07-04 22:51";"True"
"D:\AtendimentoOfflineAlpha\engineering\metadata\rule-engine.json";"0,36";".json";"2026-07-04 23:19";"True"
"D:\AtendimentoOfflineAlpha\engineering\metadata\domains\core.json";"0,42";".json";"2026-07-04 22:33";"True"
"D:\AtendimentoOfflineAlpha\engineering\metadata\domains\his.json";"0,58";".json";"2026-07-04 22:33";"True"
"D:\AtendimentoOfflineAlpha\engineering\metadata\domains\iam.json";"0,29";".json";"2026-07-04 22:34";"True"
"D:\AtendimentoOfflineAlpha\engineering\metadata\mappings\canonical-mapping.json";"39,72";".json";"2026-07-04 22:34";"True"
"D:\AtendimentoOfflineAlpha\engineering\reports\metadata-summary.md";"0,88";".md";"2026-07-04 22:35";"True"
"D:\AtendimentoOfflineAlpha\engineering\templates\BR-template.md";"0,3";".md";"2026-07-04 23:53";"True"
"D:\AtendimentoOfflineAlpha\engineering\templates\FRONT-template.md";"0,44";".md";"2026-07-04 23:53";"True"
"D:\AtendimentoOfflineAlpha\engineering\templates\MD-COMPLETE-TEMPLATE.md";"0,94";".md";"2026-07-05 00:13";"True"
"D:\AtendimentoOfflineAlpha\engineering\templates\MD-template.md";"0,64";".md";"2026-07-04 23:53";"True"
"D:\AtendimentoOfflineAlpha\scripts\gerar_docs_banco.ps1";"3,18";".ps1";"2026-06-30 22:31";"True"
"D:\AtendimentoOfflineAlpha\scripts\gerar_tables_raw.ps1";"2,74";".ps1";"2026-06-30 22:32";"True"
